<?xml version="1.0" encoding="utf-8"?>
<COLLADA xmlns="http://www.collada.org/2005/11/COLLADASchema" version="1.4.1" xmlns:xsi="http://www.w3.org/2001/XMLSchema-instance">
  <asset>
    <contributor>
      <author>Blender User</author>
      <authoring_tool>Blender 4.5.0 commit date:2025-07-14, commit time:17:45, hash:8cb6b388974a</authoring_tool>
    </contributor>
    <created>2025-09-03T22:47:40</created>
    <modified>2025-09-03T22:47:40</modified>
    <unit name="meter" meter="1"/>
    <up_axis>Z_UP</up_axis>
  </asset>
  <library_images/>
  <library_geometries>
    <geometry id="body_001-mesh" name="body.001">
      <mesh>
        <source id="body_001-mesh-positions">
          <float_array id="body_001-mesh-positions-array" count="21411">-0.08689606 -0.07833588 0.0264002 -0.08695548 -0.07816171 0.0264002 -0.09350723 -0.06353878 0.0264002 0.1216138 -0.07816171 0.0264002 0.1215544 -0.07833588 0.0264002 0.1281655 -0.06353878 0.0264002 0.1281655 -0.05085521 0.0264002 0.1281655 0.002270281 0.0264002 0.1275006 0.002498447 0.0264002 0.1268486 0.002767384 0.0264002 0.1260442 0.003170907 0.0264002 0.1252743 0.003648042 0.0264002 0.1249057 0.003915786 0.0264002 0.1245502 0.004203915 0.0264002 0.1242368 0.004487276 0.0264002 0.1239378 0.004788994 0.0264002 0.1235653 0.005220293 0.0264002 0.1232283 0.005684852 0.0264002 0.1229333 0.006181895 0.0264002 0.1226707 0.006751537 0.0264002 0.1224742 0.007351815 0.0264002 0.1281655 0.01495385 0.0264002 0.1281655 0.06807941 0.0264002 0.1275006 0.06830757 0.0264002 0.1268486 0.06857657 0.0264002 0.1260442 0.06898003 0.0264002 0.1252743 0.06945717 0.0264002 0.1249057 0.06972491 0.0264002 0.1245502 0.07001304 0.0264002 0.1242368 0.0702964 0.0264002 0.1239378 0.07059812 0.0264002 0.1235653 0.07102942 0.0264002 0.1232283 0.07149398 0.0264002 0.1229333 0.07199102 0.0264002 0.1226707 0.07256066 0.0264002 0.1224742 0.073161 0.0264002 -0.09350723 0.01495385 0.0264002 -0.08781588 0.073161 0.0264002 -0.08801239 0.07256066 0.0264002 -0.08827501 0.07199102 0.0264002 -0.08857005 0.07149404 0.0264002 -0.08890706 0.07102942 0.0264002 -0.08927947 0.07059812 0.0264002 -0.08957844 0.0702964 0.0264002 -0.08989191 0.07001304 0.0264002 -0.09024739 0.06972491 0.0264002 -0.09061598 0.06945717 0.0264002 -0.09138584 0.06898003 0.0264002 -0.09219032 0.06857657 0.0264002 -0.09284234 0.06830757 0.0264002 -0.09350723 0.06807941 0.0264002 -0.09350723 -0.05085521 0.0264002 -0.08781588 0.007351815 0.0264002 -0.08801239 0.006751537 0.0264002 -0.08827501 0.006181895 0.0264002 -0.08857005 0.005684852 0.0264002 -0.08890706 0.005220293 0.0264002 -0.08927947 0.004788994 0.0264002 -0.08957844 0.004487276 0.0264002 -0.08989191 0.004203915 0.0264002 -0.09024739 0.003915786 0.0264002 -0.09061598 0.003648042 0.0264002 -0.09138584 0.003170907 0.0264002 -0.09219032 0.002767384 0.0264002 -0.09284234 0.002498447 0.0264002 -0.09350723 0.002270281 0.0264002 -0.09350723 0.09751212 0.0264002 -0.09350723 0.08076298 0.0264002 -0.09178364 0.09520304 0.0264002 -0.08695548 0.09538584 0.0264002 -0.08689606 0.09556001 0.0264002 -0.0868225 0.09569191 0.0264002 -0.08673053 0.09581196 0.0264002 -0.08650594 0.09601366 0.0264002 -0.086232 0.09617161 0.0264002 -0.08593446 0.09627926 0.0264002 -0.08562403 0.09634041 0.0264002 -0.0853433 0.09635758 0.0264002 -0.08860886 0.1009758 0.0264002 -0.08938223 0.1009323 0.0264002 -0.08977437 0.1008763 0.0264002 -0.09016245 0.1007969 0.0264002 -0.09052824 0.1006988 0.0264002 -0.09088724 0.1005783 0.0264002 -0.09149825 0.100309 0.0264002 -0.09180057 0.1001396 0.0264002 -0.09208989 0.09994894 0.0264002 -0.09234458 0.09975242 0.0264002 -0.09258317 0.09953677 0.0264002 -0.09278625 0.09932082 0.0264002 -0.09297043 0.09908854 0.0264002 -0.09313112 0.09884309 0.0264002 -0.09326714 0.09858316 0.0264002 -0.09339821 0.09823876 0.0264002 -0.09347957 0.09787946 0.0264002 0.1200016 0.09635758 0.0264002 0.1281655 0.09751212 0.0264002 0.1281378 0.09787946 0.0264002 0.1280565 0.09823876 0.0264002 0.1279254 0.09858316 0.0264002 0.1277894 0.09884309 0.0264002 0.1276287 0.09908854 0.0264002 0.1274445 0.09932082 0.0264002 0.1272415 0.09953677 0.0264002 0.1270029 0.09975242 0.0264002 0.1267482 0.09994894 0.0264002 0.1264588 0.1001396 0.0264002 0.1261566 0.100309 0.0264002 0.1255455 0.1005783 0.0264002 0.1251865 0.1006988 0.0264002 0.1248208 0.1007969 0.0264002 0.1244326 0.1008763 0.0264002 0.1240405 0.1009323 0.0264002 0.1232672 0.1009758 0.0264002 -0.09350723 -0.08028793 0.0264002 -0.09347957 -0.08065533 0.0264002 -0.09339821 -0.08101463 0.0264002 -0.09326714 -0.08135902 0.0264002 -0.09313112 -0.0816189 0.0264002 -0.09297043 -0.08186441 0.0264002 -0.09278625 -0.08209669 0.0264002 -0.09258317 -0.08231258 0.0264002 -0.09234458 -0.08252823 0.0264002 -0.09208989 -0.08272475 0.0264002 -0.09180057 -0.08291536 0.0264002 -0.09149825 -0.08308482 0.0264002 -0.09088724 -0.08335411 0.0264002 -0.09052824 -0.08347457 0.0264002 -0.09016245 -0.08357274 0.0264002 -0.08977437 -0.08365207 0.0264002 -0.08938223 -0.08370816 0.0264002 -0.08860886 -0.08375155 0.0264002 -0.0853433 0.09628939 0.0264002 -0.08562403 -0.07911622 0.0264002 -0.08593446 -0.07905507 0.0264002 -0.086232 -0.07894742 0.0264002 -0.08650594 -0.07878947 0.0264002 -0.08673053 -0.07858777 0.0264002 -0.0868225 -0.07846778 0.0264002 0.1247536 0.09628939 0.0264002 0.01732909 0.09628939 0.0264002 0.1232672 -0.08375155 0.0264002 0.1240405 -0.08370816 0.0264002 0.1244326 -0.08365207 0.0264002 0.1248208 -0.08357274 0.0264002 0.1251865 -0.08347457 0.0264002 0.1255455 -0.08335411 0.0264002 0.1261566 -0.08308482 0.0264002 0.1264588 -0.08291536 0.0264002 0.1267482 -0.08272475 0.0264002 0.1270029 -0.08252823 0.0264002 0.1272415 -0.08231258 0.0264002 0.1274445 -0.08209669 0.0264002 0.1276287 -0.08186441 0.0264002 0.1277894 -0.0816189 0.0264002 0.1279254 -0.08135902 0.0264002 0.1280565 -0.08101463 0.0264002 0.1281378 -0.08065533 0.0264002 0.1281655 -0.08028793 0.0264002 -0.09284228 0.08053481 0.0264002 -0.09219032 0.08026582 0.0264002 -0.09137493 0.07985621 0.0264002 -0.09097987 0.07962328 0.0264002 -0.090595 0.07937073 0.0264002 -0.09010046 0.07900226 0.0264002 -0.08963155 0.07859617 0.0264002 -0.08919358 0.07815092 0.0264002 -0.08892893 0.07784038 0.0264002 -0.08868211 0.07751268 0.0264002 -0.08846801 0.07718843 0.0264002 -0.088274 0.07684946 0.0264002 -0.08801162 0.07627975 0.0264002 -0.08781534 0.07567936 0.0264002 -0.08769363 0.07505601 0.0264002 -0.08765244 0.07442015 0.0264002 -0.08919358 0.01234179 0.0264002 -0.08892893 0.01203125 0.0264002 -0.08868211 0.01170355 0.0264002 -0.08846801 0.0113793 0.0264002 -0.088274 0.01104032 0.0264002 -0.08801162 0.01047062 0.0264002 -0.08781534 0.009870231 0.0264002 -0.08769363 0.009246885 0.0264002 -0.08765244 0.008611023 0.0264002 -0.08801162 -0.05533844 0.0264002 -0.08781534 -0.05593883 0.0264002 -0.08769363 -0.05656218 0.0264002 -0.08765244 -0.05719804 0.0264002 -0.08769392 0.07378423 0.0264002 -0.09284228 0.01472562 0.0264002 -0.09219032 0.01445668 0.0264002 -0.09137493 0.01404708 0.0264002 -0.09097987 0.01381415 0.0264002 -0.090595 0.0135616 0.0264002 -0.09010046 0.01319313 0.0264002 -0.08963155 0.01278704 0.0264002 -0.08769392 0.007975101 0.0264002 -0.09284228 -0.05108338 0.0264002 -0.09219032 -0.05135238 0.0264002 -0.09137493 -0.05176198 0.0264002 -0.09097987 -0.05199491 0.0264002 -0.090595 -0.05224746 0.0264002 -0.09010046 -0.05261594 0.0264002 -0.08963155 -0.05302202 0.0264002 -0.08919358 -0.05346727 0.0264002 -0.08892893 -0.05377781 0.0264002 -0.08868211 -0.05410552 0.0264002 -0.08846801 -0.05442976 0.0264002 -0.088274 -0.05476874 0.0264002 -0.09178364 -0.07797884 0.0264002 -0.09178364 0.008612036 0.0264002 -0.08769392 -0.05783396 0.0264002 -0.08781588 -0.05845725 0.0264002 -0.08801239 -0.05905753 0.0264002 -0.08827501 -0.05962717 0.0264002 -0.08857005 -0.06012421 0.0264002 -0.08890706 -0.06058877 0.0264002 -0.08927947 -0.06102007 0.0264002 -0.08957844 -0.06132179 0.0264002 -0.08989191 -0.06160515 0.0264002 -0.09024739 -0.06189328 0.0264002 -0.09061598 -0.06216102 0.0264002 -0.09138584 -0.06263816 0.0264002 -0.09219032 -0.06304168 0.0264002 -0.09284234 -0.06331062 0.0264002 0.1216344 0.09520304 0.0264002 0.1223107 -0.05719804 0.0264002 0.122352 -0.05656218 0.0264002 0.1224737 -0.05593883 0.0264002 0.1226699 -0.05533844 0.0264002 0.1223107 0.008611023 0.0264002 0.122352 0.009246885 0.0264002 0.1224737 0.009870231 0.0264002 0.1226699 0.01047062 0.0264002 0.1229323 0.01104032 0.0264002 0.1231263 0.0113793 0.0264002 0.1233404 0.01170355 0.0264002 0.1235873 0.01203125 0.0264002 0.1238519 0.01234179 0.0264002 0.1223107 0.07442015 0.0264002 0.122352 0.07505601 0.0264002 0.1224737 0.07567936 0.0264002 0.1226699 0.07627975 0.0264002 0.1229323 0.07684946 0.0264002 0.1231263 0.07718843 0.0264002 0.1233404 0.07751268 0.0264002 0.1235873 0.07784038 0.0264002 0.1238519 0.07815092 0.0264002 0.1242898 0.07859617 0.0264002 0.1247588 0.07900226 0.0264002 0.1252533 0.07937073 0.0264002 0.1256381 0.07962328 0.0264002 0.1260332 0.07985621 0.0264002 0.1268486 0.08026582 0.0264002 0.1275006 0.08053481 0.0264002 0.1281655 0.08076298 0.0264002 0.1223522 0.07378423 0.0264002 0.1247588 0.01319313 0.0264002 0.1252533 0.0135616 0.0264002 0.1256381 0.01381415 0.0264002 0.1260332 0.01404708 0.0264002 0.1268486 0.01445668 0.0264002 0.1275006 0.01472562 0.0264002 0.1242898 0.01278704 0.0264002 0.1223522 0.007975101 0.0264002 0.1247588 -0.05261594 0.0264002 0.1252533 -0.05224746 0.0264002 0.1256381 -0.05199491 0.0264002 0.1260332 -0.05176198 0.0264002 0.1268486 -0.05135238 0.0264002 0.1275006 -0.05108338 0.0264002 0.1229323 -0.05476874 0.0264002 0.1231263 -0.05442976 0.0264002 0.1233404 -0.05410552 0.0264002 0.1235873 -0.05377781 0.0264002 0.1238519 -0.05346727 0.0264002 0.1242898 -0.05302202 0.0264002 0.1216344 -0.07797884 0.0264002 0.1275006 -0.06331062 0.0264002 0.1268486 -0.06304168 0.0264002 0.1260442 -0.06263816 0.0264002 0.1252743 -0.06216102 0.0264002 0.1249057 -0.06189328 0.0264002 0.1245502 -0.06160515 0.0264002 0.1242368 -0.06132179 0.0264002 0.1239378 -0.06102007 0.0264002 0.1235653 -0.06058877 0.0264002 0.1232283 -0.06012421 0.0264002 0.1229333 -0.05962717 0.0264002 0.1226707 -0.05905753 0.0264002 0.1224742 -0.05845725 0.0264002 0.1223522 -0.05783396 0.0264002 0.1214808 -0.07846778 0.0264002 0.1213888 -0.07858777 0.0264002 0.1211643 -0.07878947 0.0264002 0.1208903 -0.07894742 0.0264002 0.1205927 -0.07905507 0.0264002 0.1250343 -0.07911622 0.0264002 0.124894 0.008586585 0.0264002 0.1202823 0.09634041 0.0264002 0.1205927 0.09627926 0.0264002 0.1208903 0.09617161 0.0264002 0.1211643 0.09601366 0.0264002 0.1213888 0.09581196 0.0264002 0.1214808 0.09569191 0.0264002 0.1215544 0.09556001 0.0264002 0.1216138 0.09538584 0.0264002 0.1268982 -0.05364114 0.02766746 0.1263024 -0.05394983 0.02754831 0.1265783 -0.05407077 0.02798742 0.1257419 -0.05430537 0.02743619 0.1263023 -0.05455744 0.02826344 0.1252278 -0.0547105 0.02733343 0.1260752 -0.05509233 0.02849054 0.124813 -0.05512309 0.02725046 0.1259011 -0.05566561 0.02866458 0.1242428 -0.05595797 0.02713638 0.1257833 -0.05626684 0.02878248 0.1240792 -0.05635821 0.02710372 0.1257238 -0.05688506 0.02884191 0.1239435 -0.05719769 0.02707654 0.1257238 -0.05750894 0.02884191 0.1239781 -0.05762165 0.02708345 0.1257833 -0.05812716 0.02878248 0.1242434 -0.05843734 0.02713656 0.1259011 -0.05872839 0.02866458 0.1246432 -0.0590676 0.02721649 0.1248446 -0.05930608 0.02725678 0.1260752 -0.05930173 0.02849054 0.1263023 -0.05983656 0.02826344 0.1258097 -0.06013578 0.02744978 0.1265783 -0.06032329 0.02798742 0.1263387 -0.06046485 0.02755558 0.1268982 -0.06075292 0.02766746 0.1244615 -0.05557817 0.02718013 0.1239778 -0.05677378 0.02708339 0.1240797 -0.05803716 0.02710378 0.1244623 -0.05881708 0.02718031 0.1252993 -0.05974572 0.02734768 0.1257238 0.07473313 0.02884191 0.127788 0.07480657 0.02677774 0.1278786 0.0751726 0.02668714 0.1257238 0.008924007 0.02884191 0.127788 0.00899744 0.02677774 0.1278786 0.009363472 0.02668714 0.127788 -0.05681163 0.02677774 0.1278786 -0.05644559 0.02668714 0.1289819 -0.05546522 0.02558386 0.1281526 -0.05111438 0.02641308 0.1281138 -0.05138182 0.02645188 0.1280551 -0.05163353 0.02651065 0.1279816 -0.05186885 0.0265842 0.1278972 -0.05208849 0.02666854 0.1276758 -0.05254328 0.02688986 0.1274318 -0.05294209 0.02713394 0.1271678 -0.05330896 0.02739787 0.1287094 -0.05550861 0.02585631 0.1289819 0.07268935 0.02558386 0.1260752 0.07231652 0.02849054 0.1274318 0.07016623 0.02713394 0.1276758 0.06976747 0.02688986 0.1278972 0.06931263 0.02666854 0.1279816 0.06909298 0.0265842 0.1280551 0.06885766 0.02651065 0.1281138 0.06860595 0.02645188 0.1281526 0.06833851 0.02641308 0.1289819 0.01034384 0.02558386 0.1292544 0.01030045 0.02531135 0.1295132 0.01017236 0.02505248 0.1297454 0.009966015 0.02482032 0.1299393 0.009691834 0.02462643 0.1300852 0.009363472 0.02448052 0.1301757 0.00899744 0.02438998 0.1289819 0.006880223 0.02558386 0.1260752 0.006507337 0.02849054 0.1274318 0.004357099 0.02713394 0.1276758 0.003958284 0.02688986 0.1278972 0.003503501 0.02666854 0.1279816 0.003283858 0.0265842 0.1280551 0.003048539 0.02651065 0.1281138 0.002796828 0.02645188 0.1281526 0.002529382 0.02641308 0.1292544 -0.05550861 0.02531135 0.1295132 -0.0556367 0.02505248 0.1297454 -0.05584299 0.02482032 0.1299393 -0.05611723 0.02462643 0.1433146 -0.08028793 0.01125103 0.1302065 0.07442122 0.02435922 0.1301757 0.07403582 0.02438998 0.1300852 0.07366979 0.02448052 0.1299393 0.07334142 0.02462643 0.1297454 0.07306718 0.02482032 0.1295132 0.07286089 0.02505248 0.1292544 0.0727328 0.02531135 0.1302065 0.008612036 0.02435922 0.1301757 0.008226692 0.02438998 0.1300852 0.00786066 0.02448052 0.1299393 0.007532298 0.02462643 0.1297454 0.007258057 0.02482032 0.1295132 0.007051765 0.02505248 0.1292544 0.006923675 0.02531135 0.1300852 -0.05644559 0.02448052 0.1301757 -0.05681163 0.02438998 0.1302065 -0.05719703 0.02435922 0.1301757 -0.05758237 0.02438998 0.1300852 -0.05794841 0.02448052 0.1299393 -0.05827677 0.02462643 0.1297454 -0.05855101 0.02482032 0.1295132 -0.0587573 0.02505248 0.1292544 -0.05888539 0.02531135 0.1289819 -0.05892884 0.02558386 0.1433146 0.09751212 0.01125103 0.1289819 0.07615303 0.02558386 0.1292544 0.07610958 0.02531135 0.1295132 0.07598149 0.02505248 0.1297454 0.0757752 0.02482032 0.1299393 0.07550096 0.02462643 0.1300852 0.0751726 0.02448052 0.1301757 0.07480657 0.02438998 0.1281526 0.08050382 0.02641308 0.1281138 0.08023637 0.02645188 0.1280551 0.07998466 0.02651065 0.1279816 0.07974934 0.0265842 0.1278972 0.0795297 0.02666854 0.1276758 0.07907491 0.02688986 0.1274318 0.0786761 0.02713394 0.1271678 0.07830923 0.02739787 0.1268982 0.07797712 0.02766746 0.1265783 0.07754743 0.02798742 0.1263023 0.07706075 0.02826344 0.1260752 0.07652586 0.02849054 0.1259011 0.07595258 0.02866458 0.1257833 0.07535135 0.02878248 0.1282184 0.0757752 0.02634733 0.1284506 0.07598149 0.02611517 0.1287094 0.07610958 0.02585631 0.1281526 0.01469469 0.02641308 0.1281138 0.01442724 0.02645188 0.1280551 0.01417553 0.02651065 0.1279816 0.01394021 0.0265842 0.1278972 0.01372057 0.02666854 0.1276758 0.01326578 0.02688986 0.1274318 0.01286697 0.02713394 0.1271678 0.0125001 0.02739787 0.1268982 0.01216793 0.02766746 0.1265783 0.0117383 0.02798742 0.1263023 0.01125162 0.02826344 0.1260752 0.01071673 0.02849054 0.1271678 0.07053315 0.02739787 0.1263023 0.07178163 0.02826344 0.1265783 0.07129496 0.02798742 0.1268982 0.07086527 0.02766746 0.1287094 0.0727328 0.02585631 0.1284506 0.07286089 0.02611517 0.1259011 0.0728898 0.02866458 0.1259011 0.01014345 0.02866458 0.1257833 0.009542226 0.02878248 0.1282184 0.009966015 0.02634733 0.1284506 0.01017236 0.02611517 0.1287094 0.01030045 0.02585631 0.1271678 0.004724025 0.02739787 0.1263023 0.005972504 0.02826344 0.1265783 0.005485773 0.02798742 0.1268982 0.005056142 0.02766746 0.1287094 0.006923675 0.02585631 0.1284506 0.007051765 0.02611517 0.1259011 0.007080674 0.02866458 0.1271678 -0.06108504 0.02739787 0.1274318 -0.06145197 0.02713394 0.1276758 -0.06185078 0.02688986 0.1278972 -0.06230556 0.02666854 0.1279816 -0.06252521 0.0265842 0.1280551 -0.06276053 0.02651065 0.1281138 -0.06301224 0.02645188 0.1281526 -0.06327968 0.02641308 0.1287094 -0.05888539 0.02585631 0.1284506 -0.0587573 0.02611517 0.1280245 0.07550096 0.02654123 0.1277573 0.07442122 0.02680844 0.1257238 0.07410925 0.02884191 0.127788 0.07403582 0.02677774 0.1278786 0.07366979 0.02668714 0.1257833 0.07349103 0.02878248 0.1280245 0.07334142 0.02654123 0.1282184 0.07306718 0.02634733 0.1280245 0.009691834 0.02654123 0.1277573 0.008612036 0.02680844 0.1257238 0.008300125 0.02884191 0.127788 0.008226692 0.02677774 0.1278786 0.00786066 0.02668714 0.1257833 0.007681906 0.02878248 0.1280245 0.007532298 0.02654123 0.1282184 0.007258057 0.02634733 0.1282184 -0.05584299 0.02634733 0.1284506 -0.0556367 0.02611517 0.1280245 -0.05611723 0.02654123 0.1277573 -0.05719703 0.02680844 0.127788 -0.05758237 0.02677774 0.1278786 -0.05794841 0.02668714 0.1280245 -0.05827677 0.02654123 0.1282184 -0.05855101 0.02634733 0.1273763 -0.05252522 0.02679157 0.1267966 -0.05312806 0.02701133 0.1258376 -0.05396091 0.02717339 0.1253963 -0.05420392 0.02706289 0.1269461 -0.06101936 0.0273317 0.1273763 -0.06186878 0.02679157 0.1276432 -0.06293231 0.02643591 0.1277813 -0.06256574 0.02654176 0.1276431 -0.05146169 0.02643591 0.1277812 -0.05182832 0.02654176 0.127034 -0.0517643 0.02644485 0.1272121 -0.05216038 0.02657699 0.1269367 -0.05337876 0.02733033 0.1250012 -0.05291819 0.02643299 0.1245945 -0.0533474 0.02644366 0.1252368 -0.05321192 0.02653026 0.1248877 -0.05366057 0.02657228 0.1254588 -0.05348873 0.02668941 0.1251583 -0.05394971 0.02678132 0.125661 -0.05374079 0.02690583 0.1228304 -0.05603206 0.02642989 0.122801 -0.05662059 0.02644509 0.1231781 -0.05612283 0.02651798 0.1232327 -0.0566768 0.02657783 0.1235076 -0.0562089 0.02666234 0.1236301 -0.05672854 0.02679342 0.1238106 -0.05628806 0.02685928 0.1231786 -0.05827295 0.02651798 0.1232329 -0.05771893 0.02657788 0.1228013 -0.05777531 0.02644509 0.123508 -0.0581867 0.0266624 0.1236303 -0.05766707 0.02679347 0.1238111 -0.05810743 0.02685934 0.1253761 -0.06127977 0.02653348 0.125132 -0.06092643 0.02658027 0.1248469 -0.06125897 0.02644568 0.1255941 -0.06099539 0.02669644 0.1253941 -0.0606206 0.02679872 0.1257922 -0.06073713 0.02691787 0.1256231 -0.06035351 0.02709245 0.1259644 -0.06051242 0.0271914 0.1272121 -0.06223362 0.02657699 0.127034 -0.06262969 0.02644485 0.1265963 -0.05353599 0.02728146 0.1262645 -0.05370789 0.02723407 0.1244762 -0.05403137 0.02655899 0.1241696 -0.05375432 0.02644026 0.1247612 -0.05428892 0.02675229 0.1250147 -0.05451792 0.02701342 0.1247838 -0.05473822 0.02698367 0.1245683 -0.05497151 0.02695596 0.1243813 -0.05520313 0.026932 0.1253501 -0.06015479 0.02705687 0.1250895 -0.05994212 0.02702313 0.1247647 -0.05963635 0.02698117 0.1244704 -0.05930525 0.02694344 0.1242126 -0.05894941 0.02691048 0.124543 -0.06100082 0.02644324 0.1248378 -0.06069177 0.02657067 0.1251102 -0.06040626 0.0267778 0.1262826 -0.060696 0.02723664 0.1268063 -0.06127023 0.02701228 0.1266401 -0.06156855 0.02675157 0.1264533 -0.06190383 0.02655869 0.1262523 -0.0622645 0.0264402 0.1266301 -0.0528301 0.02675104 0.126443 -0.05249524 0.02655845 0.1262417 -0.05213505 0.02644014 0.1260696 -0.05268871 0.02654957 0.1258574 -0.05234754 0.02643787 0.1262676 -0.05300724 0.02673172 0.1264451 -0.05329281 0.02697837 0.1257054 -0.05290037 0.02654111 0.1254829 -0.05257898 0.02643573 0.125914 -0.05320167 0.02671313 0.1261023 -0.05347365 0.02694648 0.1242273 -0.05429154 0.026551 0.1239126 -0.054039 0.02643823 0.1245209 -0.05452722 0.02673482 0.123995 -0.05456715 0.02654361 0.1236729 -0.05434 0.02643632 0.1242966 -0.05477988 0.02671861 0.1237934 -0.05484086 0.02653723 0.1234649 -0.05463844 0.02643471 0.1241019 -0.055031 0.02670466 0.1242117 -0.05544596 0.02691036 0.1239254 -0.05529439 0.02669203 0.1236106 -0.05512773 0.02653151 0.1232764 -0.05495083 0.02643328 0.1233631 -0.05561155 0.02652376 0.1230213 -0.05547684 0.02643132 0.1236864 -0.0557388 0.02667504 0.1239823 -0.05585539 0.02688109 0.1231943 -0.05719786 0.02657598 0.1227612 -0.05719798 0.02644461 0.1235936 -0.0571978 0.02678936 0.1228309 -0.05836385 0.02642989 0.1233639 -0.05878418 0.02652376 0.123022 -0.05891895 0.02643132 0.1236871 -0.05865675 0.0266751 0.123983 -0.05854004 0.02688121 0.1236115 -0.05926781 0.02653151 0.1232773 -0.0594449 0.02643328 0.1239263 -0.0591011 0.02669209 0.1238895 -0.05968827 0.02654027 0.123564 -0.05990284 0.02643549 0.1241947 -0.05948704 0.02671134 0.1242067 -0.06007945 0.02655035 0.1238914 -0.06032985 0.02643805 0.124501 -0.05984574 0.02673339 0.1245569 -0.06044059 0.02656155 0.1242529 -0.06072515 0.02644091 0.1248391 -0.06017649 0.02675795 0.1251443 -0.06158202 0.02643376 0.1257252 -0.06150579 0.02654153 0.1255033 -0.06182831 0.02643585 0.1259332 -0.06120353 0.02671414 0.126121 -0.06093078 0.02694821 0.1263024 0.01185923 0.02754831 0.1257419 0.01150369 0.02743619 0.1252278 0.01109856 0.02733343 0.124813 0.01068598 0.02725046 0.1242428 0.009851098 0.02713638 0.1240792 0.009450852 0.02710372 0.1239435 0.008611381 0.02707654 0.1239781 0.008187413 0.02708345 0.1242434 0.007371723 0.02713656 0.1246432 0.006741464 0.02721649 0.1248446 0.006502985 0.02725678 0.1258097 0.005673289 0.02744978 0.1263387 0.005344212 0.02755558 0.1244615 0.01023089 0.02718013 0.1239778 0.009035289 0.02708339 0.1240797 0.007771909 0.02710378 0.1244623 0.006991982 0.02718031 0.1252993 0.006063342 0.02734768 0.1273763 0.01328384 0.02679157 0.1267966 0.012681 0.02701133 0.1258376 0.01184809 0.02717339 0.1253963 0.01160514 0.02706289 0.1269461 0.00478971 0.0273317 0.1273763 0.003940284 0.02679157 0.1276432 0.002876758 0.02643591 0.1277813 0.003243327 0.02654176 0.1276431 0.01434737 0.02643591 0.1277812 0.01398074 0.02654176 0.127034 0.0140447 0.02644485 0.1272121 0.01364868 0.02657699 0.1269367 0.01243025 0.02733033 0.1250012 0.01289087 0.02643299 0.1245945 0.01246166 0.02644366 0.1252368 0.01259714 0.02653026 0.1248877 0.01214849 0.02657228 0.1254588 0.01232033 0.02668941 0.1251583 0.01185935 0.02678132 0.125661 0.01206827 0.02690583 0.1228304 0.009777009 0.02642989 0.122801 0.009188473 0.02644509 0.1231781 0.009686231 0.02651798 0.1232327 0.009132266 0.02657783 0.1235076 0.009600162 0.02666234 0.1236301 0.009080529 0.02679342 0.1238106 0.009521007 0.02685928 0.1231786 0.007536113 0.02651798 0.1232329 0.008090138 0.02657788 0.1228013 0.008033752 0.02644509 0.123508 0.007622361 0.0266624 0.1236303 0.008141994 0.02679347 0.1238111 0.007701635 0.02685934 0.1253761 0.004529297 0.02653348 0.125132 0.004882633 0.02658027 0.1248469 0.004550099 0.02644568 0.1255941 0.004813671 0.02669644 0.1253941 0.005188465 0.02679872 0.1257922 0.005071938 0.02691787 0.1256231 0.005455553 0.02709245 0.1259644 0.005296647 0.0271914 0.1272121 0.003575444 0.02657699 0.127034 0.003179371 0.02644485 0.1265963 0.01227307 0.02728146 0.1262645 0.01210117 0.02723407 0.1244762 0.01177769 0.02655899 0.1241696 0.01205474 0.02644026 0.1247612 0.01152014 0.02675229 0.1250147 0.01129114 0.02701342 0.1247838 0.01107084 0.02698367 0.1245683 0.01083755 0.02695596 0.1243813 0.01060593 0.026932 0.1253501 0.005654215 0.02705687 0.1250895 0.005866944 0.02702313 0.1247647 0.006172716 0.02698117 0.1244704 0.00650382 0.02694344 0.1242126 0.00685966 0.02691048 0.124543 0.004808247 0.02644324 0.1248378 0.005117297 0.02657067 0.1251102 0.005402803 0.0267778 0.1262826 0.005113065 0.02723664 0.1268063 0.004538834 0.02701228 0.1266401 0.004240572 0.02675157 0.1264533 0.003905236 0.02655869 0.1262523 0.003544569 0.0264402 0.1266301 0.01297897 0.02675104 0.126443 0.01331382 0.02655845 0.1262417 0.01367402 0.02644014 0.1260696 0.01312035 0.02654957 0.1258574 0.01346147 0.02643787 0.1262676 0.01280182 0.02673172 0.1264451 0.01251626 0.02697837 0.1257054 0.01290869 0.02654111 0.1254829 0.01323002 0.02643573 0.125914 0.01260739 0.02671313 0.1261023 0.01233541 0.02694648 0.1242273 0.01151752 0.026551 0.1239126 0.01177006 0.02643823 0.1245209 0.01128184 0.02673482 0.123995 0.01124191 0.02654361 0.1236729 0.01146906 0.02643632 0.1242966 0.01102918 0.02671861 0.1237934 0.0109682 0.02653723 0.1234649 0.01117062 0.02643471 0.1241019 0.01077806 0.02670466 0.1242117 0.0103631 0.02691036 0.1239254 0.01051467 0.02669203 0.1236106 0.01068127 0.02653151 0.1232764 0.01085823 0.02643328 0.1233631 0.01019757 0.02652376 0.1230213 0.01033222 0.02643132 0.1236864 0.0100702 0.02667504 0.1239823 0.009953677 0.02688109 0.1231943 0.008611202 0.02657598 0.1227612 0.008611083 0.02644461 0.1235936 0.008611261 0.02678936 0.1228309 0.007445156 0.02642989 0.1233639 0.007024884 0.02652376 0.123022 0.006890058 0.02643132 0.1236871 0.007152318 0.0266751 0.123983 0.007268965 0.02688121 0.1236115 0.006541252 0.02653151 0.1232773 0.006364166 0.02643328 0.1239263 0.006708025 0.02669209 0.1238895 0.0061208 0.02654027 0.123564 0.005906224 0.02643549 0.1241947 0.006322026 0.02671134 0.1242067 0.005729615 0.02655035 0.1238914 0.005479216 0.02643805 0.124501 0.005963325 0.02673339 0.1245569 0.005368471 0.02656155 0.1242529 0.005083918 0.02644091 0.1248391 0.005632579 0.02675795 0.1251443 0.004227042 0.02643376 0.1257252 0.004303276 0.02654153 0.1255033 0.003980755 0.02643585 0.1259332 0.004605531 0.02671414 0.126121 0.004878282 0.02694821 0.1263024 0.07766836 0.02754831 0.1257419 0.07731282 0.02743619 0.1252278 0.07690769 0.02733343 0.124813 0.07649511 0.02725046 0.1242428 0.07566022 0.02713638 0.1240792 0.07525998 0.02710372 0.1239435 0.07442051 0.02707654 0.1239781 0.07399654 0.02708345 0.1242434 0.07318085 0.02713656 0.1246432 0.07255059 0.02721649 0.1248446 0.07231211 0.02725678 0.1258097 0.07148241 0.02744978 0.1263387 0.07115334 0.02755558 0.1244615 0.07604002 0.02718013 0.1239778 0.07484441 0.02708339 0.1240797 0.07358103 0.02710378 0.1244623 0.07280111 0.02718031 0.1252993 0.07187247 0.02734768 0.1273763 0.07909297 0.02679157 0.1267966 0.07849013 0.02701133 0.1258376 0.07765728 0.02717339 0.1253963 0.07741427 0.02706289 0.1269461 0.0705989 0.0273317 0.1273763 0.06974941 0.02679157 0.1276432 0.06868588 0.02643591 0.1277813 0.06905245 0.02654176 0.1276431 0.0801565 0.02643591 0.1277812 0.07978987 0.02654176 0.127034 0.07985389 0.02644485 0.1272121 0.07945781 0.02657699 0.1269367 0.07823944 0.02733033 0.1250012 0.0787 0.02643299 0.1245945 0.07827079 0.02644366 0.1252368 0.07840627 0.02653026 0.1248877 0.07795763 0.02657228 0.1254588 0.07812947 0.02668941 0.1251583 0.07766848 0.02678132 0.125661 0.0778774 0.02690583 0.1228304 0.07558619 0.02642989 0.122801 0.0749976 0.02644509 0.1231781 0.07549536 0.02651798 0.1232327 0.07494139 0.02657783 0.1235076 0.07540929 0.02666234 0.1236301 0.07488971 0.02679342 0.1238106 0.07533013 0.02685928 0.1231786 0.07334524 0.02651798 0.1232329 0.07389926 0.02657788 0.1228013 0.07384288 0.02644509 0.123508 0.07343149 0.0266624 0.1236303 0.07395112 0.02679347 0.1238111 0.07351076 0.02685934 0.1253761 0.07033842 0.02653348 0.125132 0.07069176 0.02658027 0.1248469 0.07035923 0.02644568 0.1255941 0.0706228 0.02669644 0.1253941 0.07099759 0.02679872 0.1257922 0.07088106 0.02691787 0.1256231 0.07126468 0.02709245 0.1259644 0.07110577 0.0271914 0.1272121 0.06938457 0.02657699 0.127034 0.0689885 0.02644485 0.1265963 0.0780822 0.02728146 0.1262645 0.0779103 0.02723407 0.1244762 0.07758682 0.02655899 0.1241696 0.07786387 0.02644026 0.1247612 0.07732927 0.02675229 0.1250147 0.07710027 0.02701342 0.1247838 0.07687997 0.02698367 0.1245683 0.07664668 0.02695596 0.1243813 0.07641506 0.026932 0.1253501 0.0714634 0.02705687 0.1250895 0.07167607 0.02702313 0.1247647 0.07198184 0.02698117 0.1244704 0.07231295 0.02694344 0.1242126 0.07266879 0.02691048 0.124543 0.07061737 0.02644324 0.1248378 0.07092642 0.02657067 0.1251102 0.07121193 0.0267778 0.1262826 0.07092219 0.02723664 0.1268063 0.07034796 0.02701228 0.1266401 0.0700497 0.02675157 0.1264533 0.06971436 0.02655869 0.1262523 0.06935369 0.0264402 0.1266301 0.0787881 0.02675104 0.126443 0.07912296 0.02655845 0.1262417 0.07948315 0.02644014 0.1260696 0.07892948 0.02654957 0.1258574 0.07927066 0.02643787 0.1262676 0.07861095 0.02673172 0.1264451 0.07832545 0.02697837 0.1257054 0.07871782 0.02654111 0.1254829 0.07903921 0.02643573 0.125914 0.07841652 0.02671313 0.1261023 0.07814455 0.02694648 0.1242273 0.07732665 0.026551 0.1239126 0.0775792 0.02643823 0.1245209 0.07709097 0.02673482 0.123995 0.07705104 0.02654361 0.1236729 0.07727819 0.02643632 0.1242966 0.07683831 0.02671861 0.1237934 0.07677733 0.02653723 0.1234649 0.07697975 0.02643471 0.1241019 0.0765872 0.02670466 0.1242117 0.07617223 0.02691036 0.1239254 0.0763238 0.02669203 0.1236106 0.0764904 0.02653151 0.1232764 0.07666736 0.02643328 0.1233631 0.07600671 0.02652376 0.1230213 0.07614135 0.02643132 0.1236864 0.07587939 0.02667504 0.1239823 0.07576286 0.02688109 0.1231943 0.07442033 0.02657598 0.1227612 0.07442027 0.02644461 0.1235936 0.07442039 0.02678936 0.1228309 0.07325434 0.02642989 0.1233639 0.07283401 0.02652376 0.123022 0.07269924 0.02643132 0.1236871 0.0729615 0.0266751 0.123983 0.07307815 0.02688121 0.1236115 0.07235038 0.02653151 0.1232773 0.07217329 0.02643328 0.1239263 0.07251715 0.02669209 0.1238895 0.07192993 0.02654027 0.123564 0.07171535 0.02643549 0.1241947 0.07213121 0.02671134 0.1242067 0.07153874 0.02655035 0.1238914 0.07128834 0.02643805 0.124501 0.07177251 0.02673339 0.1245569 0.0711776 0.02656155 0.1242529 0.07089304 0.02644091 0.1248391 0.0714417 0.02675795 0.1251443 0.07003617 0.02643376 0.1257252 0.0701124 0.02654153 0.1255033 0.06978988 0.02643585 0.1259332 0.07041466 0.02671414 0.126121 0.07068741 0.02694821 0.1245225 0.00899744 0.02351218 0.124613 0.009363472 0.02342158 0.1247589 0.009691834 0.02327573 0.1249528 0.009966015 0.02308183 0.125185 0.01017236 0.02284961 0.1254438 0.01030045 0.02259081 0.1257163 0.01034384 0.0223183 0.1244918 0.008612036 0.02354288 0.1245225 0.008226692 0.02351218 0.124613 0.00786066 0.02342158 0.1247589 0.007532298 0.02327573 0.1249528 0.007258057 0.02308183 0.125185 0.007051765 0.02284961 0.1254438 0.006923675 0.02259081 0.1257163 0.006880223 0.0223183 0.1245225 -0.05681163 0.02351218 0.124613 -0.05644559 0.02342158 0.1247589 -0.05611723 0.02327573 0.1249528 -0.05584299 0.02308183 0.125185 -0.0556367 0.02284961 0.1254438 -0.05550861 0.02259081 0.1257163 -0.05546522 0.0223183 0.1244918 -0.05719703 0.02354288 0.1245225 -0.05758237 0.02351218 0.124613 -0.05794841 0.02342158 0.1247589 -0.05827677 0.02327573 0.1249528 -0.05855101 0.02308183 0.125185 -0.0587573 0.02284961 0.1254438 -0.05888539 0.02259081 0.1257163 -0.05892884 0.0223183 0.1245225 0.07480657 0.02351218 0.124613 0.0751726 0.02342158 0.1247589 0.07550096 0.02327573 0.1249528 0.0757752 0.02308183 0.125185 0.07598149 0.02284961 0.1254438 0.07610958 0.02259081 0.1257163 0.07615303 0.0223183 0.1244918 0.07442122 0.02354288 0.1245225 0.07403582 0.02351218 0.124613 0.07366979 0.02342158 0.1247589 0.07334142 0.02327573 0.1249528 0.07306718 0.02308183 0.125185 0.07286089 0.02284961 0.1254438 0.0727328 0.02259081 0.1257163 0.07268935 0.0223183 0.1259889 0.01030045 0.02204579 0.1269102 0.00899744 0.02112442 0.1268196 0.009363472 0.02121496 0.1266738 0.009691834 0.02136087 0.1264798 0.009966015 0.02155476 0.1262477 0.01017236 0.02178692 0.1266738 -0.05611723 0.02136087 0.1264798 -0.05584299 0.02155476 0.1262477 -0.0556367 0.02178692 0.1259889 -0.05550861 0.02204579 0.139711 0.09520304 0.008323669 0.139711 -0.07797884 0.008323669 0.1269409 0.07442122 0.02109372 0.1269102 0.07480657 0.02112442 0.1268196 0.0751726 0.02121496 0.1266738 0.07550096 0.02136087 0.1264798 0.0757752 0.02155476 0.1262477 0.07598149 0.02178692 0.1259889 0.07610958 0.02204579 0.1259889 -0.05888539 0.02204579 0.1262477 -0.0587573 0.02178692 0.1264798 -0.05855101 0.02155476 0.1266738 -0.05827677 0.02136087 0.1268196 -0.05794841 0.02121496 0.1269102 -0.05758237 0.02112442 0.1269409 -0.05719703 0.02109372 0.1269102 -0.05681163 0.02112442 0.1268196 -0.05644559 0.02121496 0.1259889 0.006923675 0.02204579 0.1262477 0.007051765 0.02178692 0.1264798 0.007258057 0.02155476 0.1266738 0.007532298 0.02136087 0.1268196 0.00786066 0.02121496 0.1269102 0.008226692 0.02112442 0.1269409 0.008612036 0.02109372 0.1259889 0.0727328 0.02204579 0.1262477 0.07286089 0.02178692 0.1264798 0.07306718 0.02155476 0.1266738 0.07334142 0.02136087 0.1268196 0.07366979 0.02121496 0.1269102 0.07403582 0.02112442 -0.09223991 -0.05364114 0.02766746 -0.09192001 -0.05407077 0.02798742 -0.0916441 -0.05394983 0.02754831 -0.09108364 -0.05430537 0.02743619 -0.09164398 -0.05455744 0.02826344 -0.09056955 -0.0547105 0.02733343 -0.09141689 -0.05509233 0.02849054 -0.08958446 -0.05595797 0.02713638 -0.08980321 -0.05557817 0.02718013 -0.09124279 -0.05566561 0.02866458 -0.09112495 -0.05626684 0.02878248 -0.08928519 -0.05719769 0.02707654 -0.08931952 -0.05677378 0.02708339 -0.09106552 -0.05688506 0.02884191 -0.09106552 -0.05750894 0.02884191 -0.08958518 -0.05843734 0.02713656 -0.08942145 -0.05803716 0.02710378 -0.09112495 -0.05812716 0.02878248 -0.09124279 -0.05872839 0.02866458 -0.09115141 -0.06013578 0.02744978 -0.09064108 -0.05974572 0.02734768 -0.09164398 -0.05983656 0.02826344 -0.09192001 -0.06032329 0.02798742 -0.0916804 -0.06046485 0.02755558 -0.09223991 -0.06075292 0.02766746 -0.0901547 -0.05512309 0.02725046 -0.08942097 -0.05635821 0.02710372 -0.08931976 -0.05762165 0.02708345 -0.09141689 -0.05930173 0.02849054 -0.08998489 -0.0590676 0.02721649 -0.08980405 -0.05881708 0.02718031 -0.09018623 -0.05930608 0.02725678 -0.09312969 -0.05758237 0.02677774 -0.09322029 -0.05794841 0.02668714 -0.09106552 0.008300125 0.02884191 -0.09312969 0.008226692 0.02677774 -0.09322029 0.00786066 0.02668714 -0.09106552 0.07410925 0.02884191 -0.09312969 0.07403582 0.02677774 -0.09322029 0.07366979 0.02668714 -0.09432357 0.07268935 0.02558386 -0.09349435 0.06833851 0.02641308 -0.09345555 0.06860595 0.02645188 -0.09339678 0.06885766 0.02651065 -0.09332323 0.06909298 0.0265842 -0.09323889 0.06931263 0.02666854 -0.09301757 0.06976747 0.02688986 -0.09277349 0.07016623 0.02713394 -0.0925095 0.07053315 0.02739787 -0.09223991 0.07086527 0.02766746 -0.09192001 0.07129496 0.02798742 -0.09164398 0.07178163 0.02826344 -0.09141689 0.07231652 0.02849054 -0.09124279 0.0728898 0.02866458 -0.09405106 0.0727328 0.02585631 -0.09432357 -0.05546522 0.02558386 -0.09277349 -0.05294209 0.02713394 -0.09301757 -0.05254328 0.02688986 -0.09323889 -0.05208849 0.02666854 -0.09332323 -0.05186885 0.0265842 -0.09339678 -0.05163353 0.02651065 -0.09345555 -0.05138182 0.02645188 -0.09349435 -0.05111438 0.02641308 -0.09432357 0.006880223 0.02558386 -0.09459608 0.006923675 0.02531135 -0.09485489 0.007051765 0.02505248 -0.09508711 0.007258057 0.02482032 -0.095281 0.007532298 0.02462643 -0.09542691 0.00786066 0.02448052 -0.09551745 0.008226692 0.02438998 -0.09432357 0.01034384 0.02558386 -0.09141689 0.01071673 0.02849054 -0.09277349 0.01286697 0.02713394 -0.09301757 0.01326578 0.02688986 -0.09323889 0.01372057 0.02666854 -0.09332323 0.01394021 0.0265842 -0.09339678 0.01417553 0.02651065 -0.09345555 0.01442724 0.02645188 -0.09349435 0.01469469 0.02641308 -0.09459608 0.0727328 0.02531135 -0.09485489 0.07286089 0.02505248 -0.09508711 0.07306718 0.02482032 -0.095281 0.07334142 0.02462643 -0.1086564 0.09751212 0.01125103 -0.09554815 -0.05719703 0.02435922 -0.09551745 -0.05681163 0.02438998 -0.09542691 -0.05644559 0.02448052 -0.095281 -0.05611723 0.02462643 -0.09508711 -0.05584299 0.02482032 -0.09485489 -0.0556367 0.02505248 -0.09459608 -0.05550861 0.02531135 -0.09554815 0.008612036 0.02435922 -0.09551745 0.00899744 0.02438998 -0.09542691 0.009363472 0.02448052 -0.095281 0.009691834 0.02462643 -0.09508711 0.009966015 0.02482032 -0.09485489 0.01017236 0.02505248 -0.09459608 0.01030045 0.02531135 -0.09542691 0.07366979 0.02448052 -0.09551745 0.07403582 0.02438998 -0.09554815 0.07442122 0.02435922 -0.09551745 0.07480657 0.02438998 -0.09542691 0.0751726 0.02448052 -0.095281 0.07550096 0.02462643 -0.09508711 0.0757752 0.02482032 -0.09485489 0.07598149 0.02505248 -0.09459608 0.07610958 0.02531135 -0.09432357 0.07615303 0.02558386 -0.1086564 -0.08028793 0.01125103 -0.09432357 -0.05892884 0.02558386 -0.09459608 -0.05888539 0.02531135 -0.09485489 -0.0587573 0.02505248 -0.09508711 -0.05855101 0.02482032 -0.095281 -0.05827677 0.02462643 -0.09542691 -0.05794841 0.02448052 -0.09551745 -0.05758237 0.02438998 -0.09349435 -0.06327968 0.02641308 -0.09345555 -0.06301224 0.02645188 -0.09339678 -0.06276053 0.02651065 -0.09332323 -0.06252521 0.0265842 -0.09323889 -0.06230556 0.02666854 -0.09301757 -0.06185078 0.02688986 -0.09277349 -0.06145197 0.02713394 -0.0925095 -0.06108504 0.02739787 -0.09356009 -0.05855101 0.02634733 -0.09379225 -0.0587573 0.02611517 -0.09405106 -0.05888539 0.02585631 -0.09349435 0.002529382 0.02641308 -0.09345555 0.002796828 0.02645188 -0.09339678 0.003048539 0.02651065 -0.09332323 0.003283858 0.0265842 -0.09323889 0.003503501 0.02666854 -0.09301757 0.003958284 0.02688986 -0.09277349 0.004357099 0.02713394 -0.0925095 0.004724025 0.02739787 -0.09223991 0.005056142 0.02766746 -0.09192001 0.005485773 0.02798742 -0.09164398 0.005972504 0.02826344 -0.09141689 0.006507337 0.02849054 -0.0925095 -0.05330896 0.02739787 -0.09405106 -0.05550861 0.02585631 -0.09379225 -0.0556367 0.02611517 -0.09124279 0.007080674 0.02866458 -0.09112495 0.007681906 0.02878248 -0.09356009 0.007258057 0.02634733 -0.09379225 0.007051765 0.02611517 -0.09405106 0.006923675 0.02585631 -0.0925095 0.0125001 0.02739787 -0.09164398 0.01125162 0.02826344 -0.09192001 0.0117383 0.02798742 -0.09223991 0.01216793 0.02766746 -0.09405106 0.01030045 0.02585631 -0.09379225 0.01017236 0.02611517 -0.09124279 0.01014345 0.02866458 -0.0925095 0.07830923 0.02739787 -0.09277349 0.0786761 0.02713394 -0.09141689 0.07652586 0.02849054 -0.09164398 0.07706075 0.02826344 -0.09192001 0.07754743 0.02798742 -0.09223991 0.07797712 0.02766746 -0.09301757 0.07907491 0.02688986 -0.09323889 0.0795297 0.02666854 -0.09332323 0.07974934 0.0265842 -0.09339678 0.07998466 0.02651065 -0.09345555 0.08023637 0.02645188 -0.09349435 0.08050382 0.02641308 -0.09405106 0.07610958 0.02585631 -0.09379225 0.07598149 0.02611517 -0.09124279 0.07595258 0.02866458 -0.09336614 -0.05827677 0.02654123 -0.09309899 -0.05719703 0.02680844 -0.09312969 -0.05681163 0.02677774 -0.09322029 -0.05644559 0.02668714 -0.09336614 -0.05611723 0.02654123 -0.09356009 -0.05584299 0.02634733 -0.09336614 0.007532298 0.02654123 -0.09309899 0.008612036 0.02680844 -0.09106552 0.008924007 0.02884191 -0.09312969 0.00899744 0.02677774 -0.09322029 0.009363472 0.02668714 -0.09112495 0.009542226 0.02878248 -0.09336614 0.009691834 0.02654123 -0.09356009 0.009966015 0.02634733 -0.09112495 0.07349103 0.02878248 -0.09356009 0.07306718 0.02634733 -0.09379225 0.07286089 0.02611517 -0.09336614 0.07334142 0.02654123 -0.09309899 0.07442122 0.02680844 -0.09106552 0.07473313 0.02884191 -0.09312969 0.07480657 0.02677774 -0.09322029 0.0751726 0.02668714 -0.09112495 0.07535135 0.02878248 -0.09336614 0.07550096 0.02654123 -0.09356009 0.0757752 0.02634733 -0.09271794 -0.05252522 0.02679157 -0.09255385 -0.05216038 0.02657699 -0.09073805 -0.05420392 0.02706289 -0.08981209 -0.05930525 0.02694344 -0.09010636 -0.05963635 0.02698117 -0.09130614 -0.06051242 0.0271914 -0.09096479 -0.06035351 0.02709245 -0.09271794 -0.06186878 0.02679157 -0.09255385 -0.06223362 0.02657699 -0.09312295 -0.06256574 0.02654176 -0.09312295 -0.05182832 0.02654176 -0.09298485 -0.05146169 0.02643591 -0.09237563 -0.0517643 0.02644485 -0.09227836 -0.05337876 0.02733033 -0.0910027 -0.05374079 0.02690583 -0.09117925 -0.05396091 0.02717339 -0.09050005 -0.05394971 0.02678132 -0.09080052 -0.05348873 0.02668941 -0.09022933 -0.05366057 0.02657228 -0.09057849 -0.05321192 0.02653026 -0.08993619 -0.0533474 0.02644366 -0.09034293 -0.05291819 0.02643299 -0.08915227 -0.05628806 0.02685928 -0.08897179 -0.05672854 0.02679342 -0.0888493 -0.0562089 0.02666234 -0.08857434 -0.0566768 0.02657783 -0.08851975 -0.05612283 0.02651798 -0.08814275 -0.05662059 0.02644509 -0.08817213 -0.05603206 0.02642989 -0.08884978 -0.0581867 0.0266624 -0.08857458 -0.05771893 0.02657788 -0.08897197 -0.05766707 0.02679347 -0.08852028 -0.05827295 0.02651798 -0.08814299 -0.05777531 0.02644509 -0.08817267 -0.05836385 0.02642989 -0.0895543 -0.05894941 0.02691048 -0.09113389 -0.06073713 0.02691787 -0.09073585 -0.0606206 0.02679872 -0.09093582 -0.06099539 0.02669644 -0.09047371 -0.06092643 0.02658027 -0.09071773 -0.06127977 0.02653348 -0.09018868 -0.06125897 0.02644568 -0.09048604 -0.06158202 0.02643376 -0.09228783 -0.06101936 0.0273317 -0.09298485 -0.06293231 0.02643591 -0.09237563 -0.06262969 0.02644485 -0.09162431 -0.060696 0.02723664 -0.09213829 -0.05312806 0.02701133 -0.09197175 -0.0528301 0.02675104 -0.09178465 -0.05249524 0.02655845 -0.09158337 -0.05213505 0.02644014 -0.09141129 -0.05268871 0.02654957 -0.09119915 -0.05234754 0.02643787 -0.09160935 -0.05300724 0.02673172 -0.09178686 -0.05329281 0.02697837 -0.09193807 -0.05353599 0.02728146 -0.09160619 -0.05370789 0.02723407 -0.08986258 -0.05452722 0.02673482 -0.0903564 -0.05451792 0.02701342 -0.0901255 -0.05473822 0.02698367 -0.09010291 -0.05428892 0.02675229 -0.08956897 -0.05429154 0.026551 -0.08981794 -0.05403137 0.02655899 -0.08925431 -0.054039 0.02643823 -0.08951127 -0.05375432 0.02644026 -0.08944362 -0.055031 0.02670466 -0.08991003 -0.05497151 0.02695596 -0.08972299 -0.05520313 0.026932 -0.08963829 -0.05477988 0.02671861 -0.08913511 -0.05484086 0.02653723 -0.08933669 -0.05456715 0.02654361 -0.08880662 -0.05463844 0.02643471 -0.08901458 -0.05434 0.02643632 -0.09045195 -0.06040626 0.0267778 -0.09043127 -0.05994212 0.02702313 -0.0906918 -0.06015479 0.02705687 -0.09018081 -0.06017649 0.02675795 -0.0901795 -0.06069177 0.02657067 -0.08989864 -0.06044059 0.02656155 -0.08988469 -0.06100082 0.02644324 -0.0895946 -0.06072515 0.02644091 -0.092148 -0.06127023 0.02701228 -0.09198182 -0.06156855 0.02675157 -0.09179502 -0.06190383 0.02655869 -0.09159404 -0.0622645 0.0264402 -0.09125566 -0.05320167 0.02671313 -0.09144401 -0.05347365 0.02694648 -0.09104704 -0.05290037 0.02654111 -0.09082454 -0.05257898 0.02643573 -0.08955347 -0.05544596 0.02691036 -0.08926707 -0.05529439 0.02669203 -0.0889523 -0.05512773 0.02653151 -0.08861809 -0.05495083 0.02643328 -0.08902812 -0.0557388 0.02667504 -0.08932399 -0.05585539 0.02688109 -0.08870488 -0.05561155 0.02652376 -0.08836293 -0.05547684 0.02643132 -0.08853608 -0.05719786 0.02657598 -0.08893525 -0.0571978 0.02678936 -0.08810287 -0.05719798 0.02644461 -0.08915275 -0.05810743 0.02685934 -0.08902883 -0.05865675 0.0266751 -0.08932465 -0.05854004 0.02688121 -0.08870559 -0.05878418 0.02652376 -0.0883637 -0.05891895 0.02643132 -0.08926796 -0.0591011 0.02669209 -0.08895325 -0.05926781 0.02653151 -0.08861905 -0.0594449 0.02643328 -0.08953642 -0.05948704 0.02671134 -0.08923119 -0.05968827 0.02654027 -0.08890575 -0.05990284 0.02643549 -0.08984273 -0.05984574 0.02673339 -0.0895484 -0.06007945 0.02655035 -0.0892331 -0.06032985 0.02643805 -0.09146273 -0.06093078 0.02694821 -0.09127497 -0.06120353 0.02671414 -0.09106695 -0.06150579 0.02654153 -0.09084498 -0.06182831 0.02643585 -0.0916441 0.01185923 0.02754831 -0.09108364 0.01150369 0.02743619 -0.09056955 0.01109856 0.02733343 -0.08958446 0.009851098 0.02713638 -0.08980321 0.01023089 0.02718013 -0.08928519 0.008611381 0.02707654 -0.08931952 0.009035289 0.02708339 -0.08958518 0.007371723 0.02713656 -0.08942145 0.007771909 0.02710378 -0.09115141 0.005673289 0.02744978 -0.09064108 0.006063342 0.02734768 -0.0916804 0.005344212 0.02755558 -0.0901547 0.01068598 0.02725046 -0.08942097 0.009450852 0.02710372 -0.08931976 0.008187413 0.02708345 -0.08998489 0.006741464 0.02721649 -0.08980405 0.006991982 0.02718031 -0.09018623 0.006502985 0.02725678 -0.09271794 0.01328384 0.02679157 -0.09255385 0.01364868 0.02657699 -0.09073805 0.01160514 0.02706289 -0.08981209 0.00650382 0.02694344 -0.09010636 0.006172716 0.02698117 -0.09130614 0.005296647 0.0271914 -0.09096479 0.005455553 0.02709245 -0.09271794 0.003940284 0.02679157 -0.09255385 0.003575444 0.02657699 -0.09312295 0.003243327 0.02654176 -0.09312295 0.01398074 0.02654176 -0.09298485 0.01434737 0.02643591 -0.09237563 0.0140447 0.02644485 -0.09227836 0.01243025 0.02733033 -0.0910027 0.01206827 0.02690583 -0.09117925 0.01184809 0.02717339 -0.09050005 0.01185935 0.02678132 -0.09080052 0.01232033 0.02668941 -0.09022933 0.01214849 0.02657228 -0.09057849 0.01259714 0.02653026 -0.08993619 0.01246166 0.02644366 -0.09034293 0.01289087 0.02643299 -0.08915227 0.009521007 0.02685928 -0.08897179 0.009080529 0.02679342 -0.0888493 0.009600162 0.02666234 -0.08857434 0.009132266 0.02657783 -0.08851975 0.009686231 0.02651798 -0.08814275 0.009188473 0.02644509 -0.08817213 0.009777009 0.02642989 -0.08884978 0.007622361 0.0266624 -0.08857458 0.008090138 0.02657788 -0.08897197 0.008141994 0.02679347 -0.08852028 0.007536113 0.02651798 -0.08814299 0.008033752 0.02644509 -0.08817267 0.007445156 0.02642989 -0.0895543 0.00685966 0.02691048 -0.09113389 0.005071938 0.02691787 -0.09073585 0.005188465 0.02679872 -0.09093582 0.004813671 0.02669644 -0.09047371 0.004882633 0.02658027 -0.09071773 0.004529297 0.02653348 -0.09018868 0.004550099 0.02644568 -0.09048604 0.004227042 0.02643376 -0.09228783 0.00478971 0.0273317 -0.09298485 0.002876758 0.02643591 -0.09237563 0.003179371 0.02644485 -0.09162431 0.005113065 0.02723664 -0.09213829 0.012681 0.02701133 -0.09197175 0.01297897 0.02675104 -0.09178465 0.01331382 0.02655845 -0.09158337 0.01367402 0.02644014 -0.09141129 0.01312035 0.02654957 -0.09119915 0.01346147 0.02643787 -0.09160935 0.01280182 0.02673172 -0.09178686 0.01251626 0.02697837 -0.09193807 0.01227307 0.02728146 -0.09160619 0.01210117 0.02723407 -0.08986258 0.01128184 0.02673482 -0.0903564 0.01129114 0.02701342 -0.0901255 0.01107084 0.02698367 -0.09010291 0.01152014 0.02675229 -0.08956897 0.01151752 0.026551 -0.08981794 0.01177769 0.02655899 -0.08925431 0.01177006 0.02643823 -0.08951127 0.01205474 0.02644026 -0.08944362 0.01077806 0.02670466 -0.08991003 0.01083755 0.02695596 -0.08972299 0.01060593 0.026932 -0.08963829 0.01102918 0.02671861 -0.08913511 0.0109682 0.02653723 -0.08933669 0.01124191 0.02654361 -0.08880662 0.01117062 0.02643471 -0.08901458 0.01146906 0.02643632 -0.09045195 0.005402803 0.0267778 -0.09043127 0.005866944 0.02702313 -0.0906918 0.005654215 0.02705687 -0.09018081 0.005632579 0.02675795 -0.0901795 0.005117297 0.02657067 -0.08989864 0.005368471 0.02656155 -0.08988469 0.004808247 0.02644324 -0.0895946 0.005083918 0.02644091 -0.092148 0.004538834 0.02701228 -0.09198182 0.004240572 0.02675157 -0.09179502 0.003905236 0.02655869 -0.09159404 0.003544569 0.0264402 -0.09125566 0.01260739 0.02671313 -0.09144401 0.01233541 0.02694648 -0.09104704 0.01290869 0.02654111 -0.09082454 0.01323002 0.02643573 -0.08955347 0.0103631 0.02691036 -0.08926707 0.01051467 0.02669203 -0.0889523 0.01068127 0.02653151 -0.08861809 0.01085823 0.02643328 -0.08902812 0.0100702 0.02667504 -0.08932399 0.009953677 0.02688109 -0.08870488 0.01019757 0.02652376 -0.08836293 0.01033222 0.02643132 -0.08853608 0.008611202 0.02657598 -0.08893525 0.008611261 0.02678936 -0.08810287 0.008611083 0.02644461 -0.08915275 0.007701635 0.02685934 -0.08902883 0.007152318 0.0266751 -0.08932465 0.007268965 0.02688121 -0.08870559 0.007024884 0.02652376 -0.0883637 0.006890058 0.02643132 -0.08926796 0.006708025 0.02669209 -0.08895325 0.006541252 0.02653151 -0.08861905 0.006364166 0.02643328 -0.08953642 0.006322026 0.02671134 -0.08923119 0.0061208 0.02654027 -0.08890575 0.005906224 0.02643549 -0.08984273 0.005963325 0.02673339 -0.0895484 0.005729615 0.02655035 -0.0892331 0.005479216 0.02643805 -0.09146273 0.004878282 0.02694821 -0.09127497 0.004605531 0.02671414 -0.09106695 0.004303276 0.02654153 -0.09084498 0.003980755 0.02643585 -0.0916441 0.07766836 0.02754831 -0.09108364 0.07731282 0.02743619 -0.09056955 0.07690769 0.02733343 -0.08958446 0.07566022 0.02713638 -0.08980321 0.07604002 0.02718013 -0.08928519 0.07442051 0.02707654 -0.08931952 0.07484441 0.02708339 -0.08958518 0.07318085 0.02713656 -0.08942145 0.07358103 0.02710378 -0.09115141 0.07148241 0.02744978 -0.09064108 0.07187247 0.02734768 -0.0916804 0.07115334 0.02755558 -0.0901547 0.07649511 0.02725046 -0.08942097 0.07525998 0.02710372 -0.08931976 0.07399654 0.02708345 -0.08998489 0.07255059 0.02721649 -0.08980405 0.07280111 0.02718031 -0.09018623 0.07231211 0.02725678 -0.09271794 0.07909297 0.02679157 -0.09255385 0.07945781 0.02657699 -0.09073805 0.07741427 0.02706289 -0.08981209 0.07231295 0.02694344 -0.09010636 0.07198184 0.02698117 -0.09130614 0.07110577 0.0271914 -0.09096479 0.07126468 0.02709245 -0.09271794 0.06974941 0.02679157 -0.09255385 0.06938457 0.02657699 -0.09312295 0.06905245 0.02654176 -0.09312295 0.07978987 0.02654176 -0.09298485 0.0801565 0.02643591 -0.09237563 0.07985389 0.02644485 -0.09227836 0.07823944 0.02733033 -0.0910027 0.0778774 0.02690583 -0.09117925 0.07765728 0.02717339 -0.09050005 0.07766848 0.02678132 -0.09080052 0.07812947 0.02668941 -0.09022933 0.07795763 0.02657228 -0.09057849 0.07840627 0.02653026 -0.08993619 0.07827079 0.02644366 -0.09034293 0.0787 0.02643299 -0.08915227 0.07533013 0.02685928 -0.08897179 0.07488971 0.02679342 -0.0888493 0.07540929 0.02666234 -0.08857434 0.07494139 0.02657783 -0.08851975 0.07549536 0.02651798 -0.08814275 0.0749976 0.02644509 -0.08817213 0.07558619 0.02642989 -0.08884978 0.07343149 0.0266624 -0.08857458 0.07389926 0.02657788 -0.08897197 0.07395112 0.02679347 -0.08852028 0.07334524 0.02651798 -0.08814299 0.07384288 0.02644509 -0.08817267 0.07325434 0.02642989 -0.0895543 0.07266879 0.02691048 -0.09113389 0.07088106 0.02691787 -0.09073585 0.07099759 0.02679872 -0.09093582 0.0706228 0.02669644 -0.09047371 0.07069176 0.02658027 -0.09071773 0.07033842 0.02653348 -0.09018868 0.07035923 0.02644568 -0.09048604 0.07003617 0.02643376 -0.09228783 0.0705989 0.0273317 -0.09298485 0.06868588 0.02643591 -0.09237563 0.0689885 0.02644485 -0.09162431 0.07092219 0.02723664 -0.09213829 0.07849013 0.02701133 -0.09197175 0.0787881 0.02675104 -0.09178465 0.07912296 0.02655845 -0.09158337 0.07948315 0.02644014 -0.09141129 0.07892948 0.02654957 -0.09119915 0.07927066 0.02643787 -0.09160935 0.07861095 0.02673172 -0.09178686 0.07832545 0.02697837 -0.09193807 0.0780822 0.02728146 -0.09160619 0.0779103 0.02723407 -0.08986258 0.07709097 0.02673482 -0.0903564 0.07710027 0.02701342 -0.0901255 0.07687997 0.02698367 -0.09010291 0.07732927 0.02675229 -0.08956897 0.07732665 0.026551 -0.08981794 0.07758682 0.02655899 -0.08925431 0.0775792 0.02643823 -0.08951127 0.07786387 0.02644026 -0.08944362 0.0765872 0.02670466 -0.08991003 0.07664668 0.02695596 -0.08972299 0.07641506 0.026932 -0.08963829 0.07683831 0.02671861 -0.08913511 0.07677733 0.02653723 -0.08933669 0.07705104 0.02654361 -0.08880662 0.07697975 0.02643471 -0.08901458 0.07727819 0.02643632 -0.09045195 0.07121193 0.0267778 -0.09043127 0.07167607 0.02702313 -0.0906918 0.0714634 0.02705687 -0.09018081 0.0714417 0.02675795 -0.0901795 0.07092642 0.02657067 -0.08989864 0.0711776 0.02656155 -0.08988469 0.07061737 0.02644324 -0.0895946 0.07089304 0.02644091 -0.092148 0.07034796 0.02701228 -0.09198182 0.0700497 0.02675157 -0.09179502 0.06971436 0.02655869 -0.09159404 0.06935369 0.0264402 -0.09125566 0.07841652 0.02671313 -0.09144401 0.07814455 0.02694648 -0.09104704 0.07871782 0.02654111 -0.09082454 0.07903921 0.02643573 -0.08955347 0.07617223 0.02691036 -0.08926707 0.0763238 0.02669203 -0.0889523 0.0764904 0.02653151 -0.08861809 0.07666736 0.02643328 -0.08902812 0.07587939 0.02667504 -0.08932399 0.07576286 0.02688109 -0.08870488 0.07600671 0.02652376 -0.08836293 0.07614135 0.02643132 -0.08853608 0.07442033 0.02657598 -0.08893525 0.07442039 0.02678936 -0.08810287 0.07442027 0.02644461 -0.08915275 0.07351076 0.02685934 -0.08902883 0.0729615 0.0266751 -0.08932465 0.07307815 0.02688121 -0.08870559 0.07283401 0.02652376 -0.0883637 0.07269924 0.02643132 -0.08926796 0.07251715 0.02669209 -0.08895325 0.07235038 0.02653151 -0.08861905 0.07217329 0.02643328 -0.08953642 0.07213121 0.02671134 -0.08923119 0.07192993 0.02654027 -0.08890575 0.07171535 0.02643549 -0.08984273 0.07177251 0.02673339 -0.0895484 0.07153874 0.02655035 -0.0892331 0.07128834 0.02643805 -0.09146273 0.07068741 0.02694821 -0.09127497 0.07041466 0.02671414 -0.09106695 0.0701124 0.02654153 -0.09084498 0.06978988 0.02643585 -0.08983343 0.008612036 0.02354288 -0.08986413 0.00899744 0.02351218 -0.08995473 0.009363472 0.02342158 -0.09010064 0.009691834 0.02327573 -0.09029453 0.009966015 0.02308183 -0.0905267 0.01017236 0.02284961 -0.09078556 0.01030045 0.02259081 -0.09105801 0.01034384 0.0223183 -0.08986413 0.008226692 0.02351218 -0.08995473 0.00786066 0.02342158 -0.09010064 0.007532298 0.02327573 -0.09029453 0.007258057 0.02308183 -0.0905267 0.007051765 0.02284961 -0.09078556 0.006923675 0.02259081 -0.09105801 0.006880223 0.0223183 -0.08983343 0.07442122 0.02354288 -0.08986413 0.07480657 0.02351218 -0.08995473 0.0751726 0.02342158 -0.09010064 0.07550096 0.02327573 -0.09029453 0.0757752 0.02308183 -0.0905267 0.07598149 0.02284961 -0.09078556 0.07610958 0.02259081 -0.09105801 0.07615303 0.0223183 -0.08986413 0.07403582 0.02351218 -0.08995473 0.07366979 0.02342158 -0.09010064 0.07334142 0.02327573 -0.09029453 0.07306718 0.02308183 -0.0905267 0.07286089 0.02284961 -0.09078556 0.0727328 0.02259081 -0.09105801 0.07268935 0.0223183 -0.08983343 -0.05719703 0.02354288 -0.08986413 -0.05681163 0.02351218 -0.08995473 -0.05644559 0.02342158 -0.09010064 -0.05611723 0.02327573 -0.09029453 -0.05584299 0.02308183 -0.0905267 -0.0556367 0.02284961 -0.09078556 -0.05550861 0.02259081 -0.09105801 -0.05546522 0.0223183 -0.08986413 -0.05758237 0.02351218 -0.08995473 -0.05794841 0.02342158 -0.09010064 -0.05827677 0.02327573 -0.09029453 -0.05855101 0.02308183 -0.0905267 -0.0587573 0.02284961 -0.09078556 -0.05888539 0.02259081 -0.09105801 -0.05892884 0.0223183 -0.09133052 0.006923675 0.02204579 -0.09225189 0.008226692 0.02112442 -0.09216135 0.00786066 0.02121496 -0.09201544 0.007532298 0.02136087 -0.09182155 0.007258057 0.02155476 -0.09158939 0.007051765 0.02178692 -0.09201544 0.07334142 0.02136087 -0.09182155 0.07306718 0.02155476 -0.09158939 0.07286089 0.02178692 -0.09133052 0.0727328 0.02204579 -0.1047145 -0.07797884 0.008661806 -0.1047145 0.09520304 0.008661806 -0.09228259 -0.05719703 0.02109372 -0.09225189 -0.05758237 0.02112442 -0.09216135 -0.05794841 0.02121496 -0.09201544 -0.05827677 0.02136087 -0.09182155 -0.05855101 0.02155476 -0.09158939 -0.0587573 0.02178692 -0.09133052 -0.05888539 0.02204579 -0.09133052 0.07610958 0.02204579 -0.09158939 0.07598149 0.02178692 -0.09182155 0.0757752 0.02155476 -0.09201544 0.07550096 0.02136087 -0.09216135 0.0751726 0.02121496 -0.09225189 0.07480657 0.02112442 -0.09228259 0.07442122 0.02109372 -0.09225189 0.07403582 0.02112442 -0.09216135 0.07366979 0.02121496 -0.09133052 0.01030045 0.02204579 -0.09158939 0.01017236 0.02178692 -0.09182155 0.009966015 0.02155476 -0.09201544 0.009691834 0.02136087 -0.09216135 0.009363472 0.02121496 -0.09225189 0.00899744 0.02112442 -0.09228259 0.008612036 0.02109372 -0.09133052 -0.05550861 0.02204579 -0.09158939 -0.0556367 0.02178692 -0.09182155 -0.05584299 0.02155476 -0.09201544 -0.05611723 0.02136087 -0.09216135 -0.05644559 0.02121496 -0.09225189 -0.05681163 0.02112442 -0.08276969 0.1009758 -0.009633898 -0.08196175 0.1009758 -0.009679257 -0.09573268 0.1009758 -0.01128166 -0.08276969 0.1009758 0.004707098 -0.09573268 0.1009758 0.006354868 -0.08196175 0.1009758 0.004752457 -0.08356744 0.1009758 0.004571557 -0.08434504 0.1009758 0.004347562 -0.0850926 0.1009758 0.004037857 -0.08580082 0.1009758 0.003646433 -0.08646076 0.1009758 0.003178179 -0.08706414 0.1009758 0.002638995 -0.08760339 0.1009758 0.002035617 -0.08807164 0.1009758 0.001375675 -0.08846306 0.1009758 6.67469e-4 -0.08877271 0.1009758 -8.01354e-5 -0.0889967 0.1009758 -8.57708e-4 -0.0891323 0.1009758 -0.001655459 -0.08356744 0.1009758 -0.009498357 -0.08434504 0.1009758 -0.009274363 -0.0850926 0.1009758 -0.008964657 -0.08580082 0.1009758 -0.008573234 -0.08646076 0.1009758 -0.008104979 -0.08706414 0.1009758 -0.007565796 -0.08760339 0.1009758 -0.006962418 -0.08807164 0.1009758 -0.006302475 -0.08846306 0.1009758 -0.005594253 -0.08877271 0.1009758 -0.004846632 -0.0889967 0.1009758 -0.004069089 -0.0891323 0.1009758 -0.003271281 0.0190609 0.1009758 0.02062749 0.1093074 0.1009758 0.02231591 0.1089413 0.1009758 0.02218782 0.108613 0.1009758 0.02198147 0.1083388 0.1009758 0.02170729 0.1081324 0.1009758 0.02137893 0.1080044 0.1009758 0.02101284 0.1079609 0.1009758 0.02062749 0.1080044 0.1009758 0.02024215 0.1081324 0.1009758 0.01987606 0.1083388 0.1009758 0.0195477 0.108613 0.1009758 0.01927351 0.1089413 0.1009758 0.01906716 0.1093074 0.1009758 0.01893907 0.1096928 0.1009758 0.01889568 -0.1062072 0.1009758 0.008801877 -0.08369356 0.1009758 0.01543205 -0.09809237 0.1009758 0.008096396 -0.09843528 0.1009758 0.007915198 -0.09872919 0.1009758 0.007662236 -0.09895944 0.1009758 0.007350206 -0.09911459 0.1009758 0.006994783 -0.09918665 0.1009758 0.006613731 -0.09917211 0.1009758 0.006226181 -0.0990718 0.1009758 0.005851626 -0.0988906 0.1009758 0.00550872 -0.09863752 0.1009758 0.00521481 -0.08917766 0.1009758 -0.00246334 -0.09863752 0.1009758 -0.01014161 -0.0988906 0.1009758 -0.01043552 -0.0990718 0.1009758 -0.01077842 -0.09917211 0.1009758 -0.01115298 -0.09918665 0.1009758 -0.01154053 -0.1062072 0.1009758 -0.01372867 -0.09574717 0.1009758 -0.01166921 -0.06819081 0.1009758 -0.01128166 -0.06817632 0.1009758 -0.01166921 -0.08196175 0.1009758 -0.01862698 -0.08234709 0.1009758 -0.01867043 -0.08271318 0.1009758 -0.01879853 -0.08304148 0.1009758 -0.01900482 -0.08331573 0.1009758 -0.01927906 -0.08352208 0.1009758 -0.01960742 -0.08365017 0.1009758 -0.01997345 -0.08369356 0.1009758 -0.02035886 -0.08115381 0.1009758 -0.009633898 -0.08035606 0.1009758 -0.009498357 -0.07957845 0.1009758 -0.009274363 -0.07883089 0.1009758 -0.008964657 -0.07812267 0.1009758 -0.008573234 -0.07746267 0.1009758 -0.008104979 -0.07685929 0.1009758 -0.007565796 -0.07632011 0.1009758 -0.006962418 -0.07585185 0.1009758 -0.006302475 -0.07546043 0.1009758 -0.005594253 -0.07515078 0.1009758 -0.004846632 -0.07492673 0.1009758 -0.004069089 -0.07479119 0.1009758 -0.003271281 -0.07474583 0.1009758 -0.00246334 -0.06811869 0.1009758 -0.01090061 -0.08022993 0.1009758 -0.02035886 -0.08027333 0.1009758 -0.01997345 -0.08040142 0.1009758 -0.01960742 -0.08060777 0.1009758 -0.01927906 -0.08088201 0.1009758 -0.01900482 -0.08121031 0.1009758 -0.01879853 -0.0815764 0.1009758 -0.01867043 -0.06475138 0.1009758 -0.01115298 0.1120018 0.1009758 -0.00246334 0.1120449 0.1009758 -0.003092229 0.1121731 0.1009758 -0.003709316 0.1123842 0.1009758 -0.004303276 0.1126742 0.1009758 -0.004862904 0.1130377 0.1009758 -0.005377829 0.1134679 0.1009758 -0.005838513 0.1139568 0.1009758 -0.006236314 0.1144953 0.1009758 -0.006563782 0.1150735 0.1009758 -0.006814897 0.1156804 0.1009758 -0.006984949 0.1163049 0.1009758 -0.007070779 -0.06473684 0.1009758 -0.01154053 -0.09911459 0.1009758 -0.01192158 -0.09895944 0.1009758 -0.012277 -0.09872919 0.1009758 -0.01258903 -0.09843528 0.1009758 -0.01284199 -0.09809237 0.1009758 -0.01302319 -0.08860886 -0.08128744 -0.031327 0.1408655 0.1009758 -0.01372867 0.1232672 -0.08128744 -0.031327 -0.06659322 0.1009758 -0.01313805 -0.06620573 0.1009758 -0.01312357 -0.06583112 0.1009758 -0.01302319 -0.06548827 0.1009758 -0.01284199 -0.0651943 0.1009758 -0.01258903 -0.06496405 0.1009758 -0.012277 -0.06480896 0.1009758 -0.01192158 0.1169352 0.1009758 -0.007070779 0.1175596 0.1009758 -0.006984949 0.1181666 0.1009758 -0.006814897 0.1187447 0.1009758 -0.006563782 0.1192833 0.1009758 -0.006236314 0.1408655 0.1009758 0.008801877 -0.09574717 0.1009758 0.006742417 -0.08365017 0.1009758 0.01504665 -0.08352208 0.1009758 0.01468062 -0.08331573 0.1009758 0.01435226 -0.08304148 0.1009758 0.01407802 -0.08271318 0.1009758 0.01387172 -0.08234709 0.1009758 0.01374363 -0.06817632 0.1009758 0.006742417 -0.06819081 0.1009758 0.006354868 -0.08196175 0.1009758 0.01370024 -0.0815764 0.1009758 0.01374363 -0.08121031 0.1009758 0.01387172 -0.08088201 0.1009758 0.01407802 -0.08060777 0.1009758 0.01435226 -0.08040142 0.1009758 0.01468062 -0.08027333 0.1009758 0.01504665 -0.08022993 0.1009758 0.01543205 -0.07479119 0.1009758 -0.001655459 -0.07492673 0.1009758 -8.57708e-4 -0.07515078 0.1009758 -8.01354e-5 -0.07546043 0.1009758 6.67469e-4 -0.07585185 0.1009758 0.001375675 -0.07632011 0.1009758 0.002035617 -0.07685929 0.1009758 0.002638995 -0.07746267 0.1009758 0.003178179 -0.07812267 0.1009758 0.003646433 -0.07883089 0.1009758 0.004037857 -0.07957845 0.1009758 0.004347562 -0.08035606 0.1009758 0.004571557 -0.08115381 0.1009758 0.004707098 -0.06475138 0.1009758 0.006226181 -0.06473684 0.1009758 0.006613731 0.1169352 0.1009758 0.002143979 0.1163049 0.1009758 0.002143979 0.1156804 0.1009758 0.002058148 0.1150735 0.1009758 0.001888096 0.1144953 0.1009758 0.001636981 0.1139568 0.1009758 0.001309514 0.1134679 0.1009758 9.11736e-4 0.1130377 0.1009758 4.5108e-4 0.1126742 0.1009758 -6.38657e-5 0.1123842 0.1009758 -6.23509e-4 0.1121731 0.1009758 -0.001217424 0.1120449 0.1009758 -0.001834511 0.1197722 0.1009758 -0.005838513 0.1202024 0.1009758 -0.005377829 0.1205659 0.1009758 -0.004862904 0.1208559 0.1009758 -0.004303276 0.121067 0.1009758 -0.003709316 0.1211952 0.1009758 -0.003092229 0.1212382 0.1009758 -0.00246334 0.1211952 0.1009758 -0.001834511 0.121067 0.1009758 -0.001217424 0.1208559 0.1009758 -6.23509e-4 0.1205659 0.1009758 -6.38657e-5 0.1202024 0.1009758 4.5108e-4 0.1197722 0.1009758 9.11736e-4 0.1192833 0.1009758 0.001309514 0.1187447 0.1009758 0.001636981 0.1181666 0.1009758 0.001888096 0.1175596 0.1009758 0.002058148 0.01732909 0.1009758 0.02235931 0.01694375 0.1009758 0.02231591 0.01657772 0.1009758 0.02218782 0.01624935 0.1009758 0.02198147 0.01597511 0.1009758 0.02170729 0.01576882 0.1009758 0.02137893 0.01564073 0.1009758 0.02101284 0.01559728 0.1009758 0.02062749 -0.08196175 0.1009758 0.01716387 -0.08234709 0.1009758 0.01712042 -0.08271318 0.1009758 0.01699233 -0.08304148 0.1009758 0.01678603 -0.08331573 0.1009758 0.01651179 -0.08352208 0.1009758 0.01618343 -0.08365017 0.1009758 0.0158174 0.1104442 0.1009758 0.01906716 0.1107726 0.1009758 0.01927351 0.1110467 0.1009758 0.0195477 0.1112531 0.1009758 0.01987606 0.1113812 0.1009758 0.02024215 0.1114246 0.1009758 0.02062749 0.1113812 0.1009758 0.02101284 0.1112531 0.1009758 0.02137893 0.1110467 0.1009758 0.02170729 0.1107726 0.1009758 0.02198147 0.1104442 0.1009758 0.02218782 0.1100782 0.1009758 0.02231591 0.1096928 0.1009758 0.02235931 0.01901751 0.1009758 0.02101284 0.01888942 0.1009758 0.02137893 0.01868313 0.1009758 0.02170729 0.01840889 0.1009758 0.02198147 0.01808053 0.1009758 0.02218782 0.0177145 0.1009758 0.02231591 -0.06480896 0.1009758 0.006994783 -0.06496405 0.1009758 0.007350206 -0.0651943 0.1009758 0.007662236 -0.06548827 0.1009758 0.007915198 -0.06583112 0.1009758 0.008096396 -0.06620573 0.1009758 0.008196771 -0.06659322 0.1009758 0.008211255 0.1100782 0.1009758 0.01893907 0.01732909 0.1009758 0.01889568 0.0177145 0.1009758 0.01893907 0.01808053 0.1009758 0.01906716 0.01840889 0.1009758 0.01927351 0.01868313 0.1009758 0.0195477 0.01888942 0.1009758 0.01987606 0.01901751 0.1009758 0.02024215 0.01564073 0.1009758 0.02024215 0.01576882 0.1009758 0.01987606 0.01597511 0.1009758 0.0195477 0.01624935 0.1009758 0.01927351 0.01657772 0.1009758 0.01906716 0.01694375 0.1009758 0.01893907 -0.08027333 0.1009758 0.0158174 -0.08040142 0.1009758 0.01618343 -0.08060777 0.1009758 0.01651179 -0.08088201 0.1009758 0.01678603 -0.08121031 0.1009758 0.01699233 -0.0815764 0.1009758 0.01712042 -0.06697428 0.1009758 0.008139193 -0.06732976 0.1009758 0.007984101 -0.06764173 0.1009758 0.007753789 -0.06789469 0.1009758 0.007459878 -0.06807595 0.1009758 0.007117033 -0.09584754 0.1009758 0.007117033 -0.09602874 0.1009758 0.007459878 -0.09628176 0.1009758 0.007753789 -0.09659373 0.1009758 0.007984101 -0.09694921 0.1009758 0.008139193 -0.09733027 0.1009758 0.008211255 -0.09771776 0.1009758 0.008196771 -0.06633442 0.1009758 0.004757344 -0.06595337 0.1009758 0.004829406 -0.06559795 0.1009758 0.004984498 -0.06528592 0.1009758 0.00521481 -0.06503295 0.1009758 0.00550872 -0.0648517 0.1009758 0.005851626 -0.06811869 0.1009758 0.005973815 -0.0679636 0.1009758 0.005618393 -0.06773334 0.1009758 0.005306363 -0.06743943 0.1009758 0.0050534 -0.06709653 0.1009758 0.004872202 -0.06672197 0.1009758 0.004771828 -0.06633442 0.1009758 -0.009684145 -0.06672197 0.1009758 -0.009698629 -0.06709653 0.1009758 -0.009799003 -0.06743943 0.1009758 -0.009980201 -0.06773334 0.1009758 -0.01023316 -0.0679636 0.1009758 -0.01054519 -0.09832555 0.1009758 0.004984498 -0.09797012 0.1009758 0.004829406 -0.09758907 0.1009758 0.004757344 -0.09720152 0.1009758 0.004771828 -0.09682697 0.1009758 0.004872202 -0.09648406 0.1009758 0.0050534 -0.09619015 0.1009758 0.005306363 -0.09595984 0.1009758 0.005618393 -0.09580481 0.1009758 0.005973815 -0.09580481 0.1009758 -0.01090061 -0.09595984 0.1009758 -0.01054519 -0.09619015 0.1009758 -0.01023316 -0.09648406 0.1009758 -0.009980201 -0.09682697 0.1009758 -0.009799003 -0.09720152 0.1009758 -0.009698629 -0.09758907 0.1009758 -0.009684145 -0.09797012 0.1009758 -0.009756207 -0.09832555 0.1009758 -0.009911298 -0.0648517 0.1009758 -0.01077842 -0.06503295 0.1009758 -0.01043552 -0.06528592 0.1009758 -0.01014161 -0.06559795 0.1009758 -0.009911298 -0.06595337 0.1009758 -0.009756207 -0.06807595 0.1009758 -0.01204383 -0.06789469 0.1009758 -0.01238667 -0.06764173 0.1009758 -0.01268059 -0.06732976 0.1009758 -0.0129109 -0.06697428 0.1009758 -0.01306599 -0.09771776 0.1009758 -0.01312357 -0.09733027 0.1009758 -0.01313805 -0.09694921 0.1009758 -0.01306599 -0.09659373 0.1009758 -0.0129109 -0.09628176 0.1009758 -0.01268059 -0.09602874 0.1009758 -0.01238667 -0.09584754 0.1009758 -0.01204383 -0.08196175 0.1009758 -0.02209067 -0.0815764 0.1009758 -0.02204722 -0.08121031 0.1009758 -0.02191913 -0.08088201 0.1009758 -0.02171283 -0.08060777 0.1009758 -0.02143859 -0.08040142 0.1009758 -0.02111023 -0.08027333 0.1009758 -0.0207442 -0.08365017 0.1009758 -0.0207442 -0.08352208 0.1009758 -0.02111023 -0.08331573 0.1009758 -0.02143859 -0.08304148 0.1009758 -0.02171283 -0.08271318 0.1009758 -0.02191913 -0.08234709 0.1009758 -0.02204722 0.01732915 -0.08128744 -0.031327 0.01901751 -0.08375155 0.02024215 0.1079609 -0.08375155 0.02062749 0.0190609 -0.08375155 0.02062749 0.01901751 -0.08375155 0.02101284 -0.08115381 -0.08375155 -0.009633898 -0.08196175 -0.08375155 -0.009679257 -0.06819081 -0.08375155 -0.01128166 -0.08035606 -0.08375155 0.004571557 -0.06819081 -0.08375155 0.006354868 -0.08115381 -0.08375155 0.004707098 -0.07957845 -0.08375155 0.004347562 -0.07883089 -0.08375155 0.004037857 -0.07812267 -0.08375155 0.003646433 -0.07746267 -0.08375155 0.003178179 -0.07685929 -0.08375155 0.002638995 -0.07632011 -0.08375155 0.002035617 -0.07585185 -0.08375155 0.001375675 -0.07546043 -0.08375155 6.67469e-4 -0.07515078 -0.08375155 -8.01354e-5 -0.07492673 -0.08375155 -8.57708e-4 -0.07479119 -0.08375155 -0.001655459 -0.08035606 -0.08375155 -0.009498357 -0.07957845 -0.08375155 -0.009274363 -0.07883089 -0.08375155 -0.008964657 -0.07812267 -0.08375155 -0.008573234 -0.07746267 -0.08375155 -0.008104979 -0.07685929 -0.08375155 -0.007565796 -0.07632011 -0.08375155 -0.006962418 -0.07585185 -0.08375155 -0.006302475 -0.07546043 -0.08375155 -0.005594253 -0.07515078 -0.08375155 -0.004846632 -0.07492673 -0.08375155 -0.004069089 -0.07479119 -0.08375155 -0.003271281 0.01732909 -0.08375155 0.02235931 0.0177145 -0.08375155 0.02231591 0.01808053 -0.08375155 0.02218782 0.01840889 -0.08375155 0.02198147 0.01868313 -0.08375155 0.02170729 0.01888942 -0.08375155 0.02137893 0.01888942 -0.08375155 0.01987606 0.01868313 -0.08375155 0.0195477 0.01840889 -0.08375155 0.01927351 0.01808053 -0.08375155 0.01906716 0.0177145 -0.08375155 0.01893907 0.01732909 -0.08375155 0.01889568 -0.08369356 -0.08375155 0.01543205 -0.1062072 -0.08375155 0.008801877 -0.09733027 -0.08375155 0.008211255 -0.09694921 -0.08375155 0.008139193 -0.09659373 -0.08375155 0.007984101 -0.09628176 -0.08375155 0.007753789 -0.09602874 -0.08375155 0.007459878 -0.09584754 -0.08375155 0.007117033 -0.09574717 -0.08375155 0.006742417 -0.08917766 -0.08375155 -0.00246334 -0.09573268 -0.08375155 0.006354868 -0.09580481 -0.08375155 0.005973815 -0.09595984 -0.08375155 0.005618393 -0.09619015 -0.08375155 0.005306363 -0.09648406 -0.08375155 0.0050534 -0.09682697 -0.08375155 0.004872202 -0.09720152 -0.08375155 0.004771828 -0.09758907 -0.08375155 0.004757344 -0.09797012 -0.08375155 0.004829406 -0.09832555 -0.08375155 0.004984498 -0.09758907 -0.08375155 -0.009684145 -0.09720152 -0.08375155 -0.009698629 -0.09682697 -0.08375155 -0.009799003 -0.09648406 -0.08375155 -0.009980201 -0.09619015 -0.08375155 -0.01023316 -0.09595984 -0.08375155 -0.01054519 -0.09580481 -0.08375155 -0.01090061 -0.09573268 -0.08375155 -0.01128166 -0.1062072 -0.08375155 -0.01372867 -0.09918665 -0.08375155 -0.01154053 -0.09917211 -0.08375155 -0.01115298 -0.0990718 -0.08375155 -0.01077842 -0.0988906 -0.08375155 -0.01043552 -0.09863752 -0.08375155 -0.01014161 -0.09832555 -0.08375155 -0.009911298 -0.09797012 -0.08375155 -0.009756207 -0.09863752 -0.08375155 0.00521481 -0.0988906 -0.08375155 0.00550872 -0.0990718 -0.08375155 0.005851626 -0.09917211 -0.08375155 0.006226181 -0.09918665 -0.08375155 0.006613731 -0.09911459 -0.08375155 0.006994783 -0.09895944 -0.08375155 0.007350206 -0.09872919 -0.08375155 0.007662236 -0.09843528 -0.08375155 0.007915198 -0.09809237 -0.08375155 0.008096396 -0.09771776 -0.08375155 0.008196771 -0.06475138 -0.08375155 -0.01115298 -0.06473684 -0.08375155 -0.01154053 0.1408655 -0.08375155 -0.01372867 0.1169352 -0.08375155 -0.007070779 0.1163049 -0.08375155 -0.007070779 0.1156804 -0.08375155 -0.006984949 0.1150735 -0.08375155 -0.006814897 0.1144953 -0.08375155 -0.006563782 0.1139568 -0.08375155 -0.006236314 0.1134679 -0.08375155 -0.005838513 0.1130377 -0.08375155 -0.005377829 0.1126742 -0.08375155 -0.004862904 0.1123842 -0.08375155 -0.004303276 0.1121731 -0.08375155 -0.003709316 0.1120449 -0.08375155 -0.003092229 0.1120018 -0.08375155 -0.00246334 -0.06817632 -0.08375155 -0.01166921 -0.09574717 -0.08375155 -0.01166921 -0.08196175 -0.08375155 -0.01862698 -0.0815764 -0.08375155 -0.01867043 -0.08121031 -0.08375155 -0.01879853 -0.08088201 -0.08375155 -0.01900482 -0.08060777 -0.08375155 -0.01927906 -0.08040142 -0.08375155 -0.01960742 -0.08027333 -0.08375155 -0.01997345 -0.08022993 -0.08375155 -0.02035886 -0.08276969 -0.08375155 -0.009633898 -0.08356744 -0.08375155 -0.009498357 -0.08434504 -0.08375155 -0.009274363 -0.0850926 -0.08375155 -0.008964657 -0.08580082 -0.08375155 -0.008573234 -0.08646076 -0.08375155 -0.008104979 -0.08706414 -0.08375155 -0.007565796 -0.08760339 -0.08375155 -0.006962418 -0.08807164 -0.08375155 -0.006302475 -0.08846306 -0.08375155 -0.005594253 -0.08877271 -0.08375155 -0.004846632 -0.0889967 -0.08375155 -0.004069089 -0.0891323 -0.08375155 -0.003271281 -0.09584754 -0.08375155 -0.01204383 -0.08369356 -0.08375155 -0.02035886 -0.08365017 -0.08375155 -0.01997345 -0.08352208 -0.08375155 -0.01960742 -0.08331573 -0.08375155 -0.01927906 -0.08304148 -0.08375155 -0.01900482 -0.08271318 -0.08375155 -0.01879853 -0.08234709 -0.08375155 -0.01867043 -0.06480896 -0.08375155 -0.01192158 -0.06496405 -0.08375155 -0.012277 -0.0651943 -0.08375155 -0.01258903 -0.06548827 -0.08375155 -0.01284199 -0.06583112 -0.08375155 -0.01302319 0.1232672 -0.08375155 -0.031327 -0.09733027 -0.08375155 -0.01313805 -0.09771776 -0.08375155 -0.01312357 -0.09809237 -0.08375155 -0.01302319 -0.09843528 -0.08375155 -0.01284199 -0.09872919 -0.08375155 -0.01258903 -0.09895944 -0.08375155 -0.012277 -0.09911459 -0.08375155 -0.01192158 -0.09602874 -0.08375155 -0.01238667 -0.09628176 -0.08375155 -0.01268059 -0.09659373 -0.08375155 -0.0129109 -0.09694921 -0.08375155 -0.01306599 -0.08860886 -0.08375155 -0.031327 0.1408655 -0.08375155 0.008801877 0.1104442 -0.08375155 0.01906716 0.1100782 -0.08375155 0.01893907 0.1096928 -0.08375155 0.01889568 -0.08022993 -0.08375155 0.01543205 -0.06583112 -0.08375155 0.008096396 -0.06548827 -0.08375155 0.007915198 -0.0651943 -0.08375155 0.007662236 -0.06496405 -0.08375155 0.007350206 -0.06480896 -0.08375155 0.006994783 -0.06473684 -0.08375155 0.006613731 -0.06475138 -0.08375155 0.006226181 0.1169352 -0.08375155 0.002143979 0.1175596 -0.08375155 0.002058148 0.1181666 -0.08375155 0.001888096 0.1187447 -0.08375155 0.001636981 0.1192833 -0.08375155 0.001309514 0.1197722 -0.08375155 9.11736e-4 0.1202024 -0.08375155 4.5108e-4 0.1205659 -0.08375155 -6.38657e-5 0.1208559 -0.08375155 -6.23509e-4 0.121067 -0.08375155 -0.001217424 0.1211952 -0.08375155 -0.001834511 0.1212382 -0.08375155 -0.00246334 0.1211952 -0.08375155 -0.003092229 0.121067 -0.08375155 -0.003709316 0.1208559 -0.08375155 -0.004303276 0.1205659 -0.08375155 -0.004862904 0.1202024 -0.08375155 -0.005377829 0.1197722 -0.08375155 -0.005838513 0.1192833 -0.08375155 -0.006236314 0.1187447 -0.08375155 -0.006563782 0.1181666 -0.08375155 -0.006814897 0.1175596 -0.08375155 -0.006984949 0.1120449 -0.08375155 -0.001834511 0.1121731 -0.08375155 -0.001217424 0.1123842 -0.08375155 -6.23509e-4 0.1126742 -0.08375155 -6.38657e-5 0.1130377 -0.08375155 4.5108e-4 0.1134679 -0.08375155 9.11736e-4 0.1139568 -0.08375155 0.001309514 0.1144953 -0.08375155 0.001636981 0.1150735 -0.08375155 0.001888096 0.1156804 -0.08375155 0.002058148 0.1163049 -0.08375155 0.002143979 -0.06817632 -0.08375155 0.006742417 -0.08027333 -0.08375155 0.01504665 -0.08040142 -0.08375155 0.01468062 -0.08060777 -0.08375155 0.01435226 -0.08088201 -0.08375155 0.01407802 -0.08121031 -0.08375155 0.01387172 -0.0815764 -0.08375155 0.01374363 -0.08196175 -0.08375155 0.01370024 -0.08234709 -0.08375155 0.01374363 -0.08271318 -0.08375155 0.01387172 -0.08304148 -0.08375155 0.01407802 -0.08331573 -0.08375155 0.01435226 -0.08352208 -0.08375155 0.01468062 -0.08365017 -0.08375155 0.01504665 -0.0891323 -0.08375155 -0.001655459 -0.0889967 -0.08375155 -8.57708e-4 -0.08877271 -0.08375155 -8.01354e-5 -0.08846306 -0.08375155 6.67469e-4 -0.08807164 -0.08375155 0.001375675 -0.08760339 -0.08375155 0.002035617 -0.08706414 -0.08375155 0.002638995 -0.08646076 -0.08375155 0.003178179 -0.08580082 -0.08375155 0.003646433 -0.0850926 -0.08375155 0.004037857 -0.08434504 -0.08375155 0.004347562 -0.08356744 -0.08375155 0.004571557 -0.08276969 -0.08375155 0.004707098 -0.08196175 -0.08375155 0.004752457 0.1096928 -0.08375155 0.02235931 0.1100782 -0.08375155 0.02231591 0.1104442 -0.08375155 0.02218782 0.1107726 -0.08375155 0.02198147 0.1110467 -0.08375155 0.02170729 0.1112531 -0.08375155 0.02137893 0.1113812 -0.08375155 0.02101284 0.1114246 -0.08375155 0.02062749 0.1113812 -0.08375155 0.02024215 0.1112531 -0.08375155 0.01987606 0.1110467 -0.08375155 0.0195477 0.1107726 -0.08375155 0.01927351 -0.08365017 -0.08375155 0.0158174 -0.08352208 -0.08375155 0.01618343 -0.08331573 -0.08375155 0.01651179 -0.08304148 -0.08375155 0.01678603 -0.08271318 -0.08375155 0.01699233 -0.08234709 -0.08375155 0.01712042 -0.08196175 -0.08375155 0.01716387 -0.0815764 -0.08375155 0.01712042 0.01559728 -0.08375155 0.02062749 0.01564073 -0.08375155 0.02101284 0.01576882 -0.08375155 0.02137893 0.01597511 -0.08375155 0.02170729 0.01624935 -0.08375155 0.02198147 0.01657772 -0.08375155 0.02218782 0.01694375 -0.08375155 0.02231591 0.1080044 -0.08375155 0.02101284 0.1081324 -0.08375155 0.02137893 0.1083388 -0.08375155 0.02170729 0.108613 -0.08375155 0.02198147 0.1089413 -0.08375155 0.02218782 0.1093074 -0.08375155 0.02231591 0.1093074 -0.08375155 0.01893907 0.1089413 -0.08375155 0.01906716 0.108613 -0.08375155 0.01927351 0.1083388 -0.08375155 0.0195477 0.1081324 -0.08375155 0.01987606 0.1080044 -0.08375155 0.02024215 0.01694375 -0.08375155 0.01893907 0.01657772 -0.08375155 0.01906716 0.01624935 -0.08375155 0.01927351 0.01597511 -0.08375155 0.0195477 0.01576882 -0.08375155 0.01987606 0.01564073 -0.08375155 0.02024215 -0.08027333 -0.08375155 0.0158174 -0.08121031 -0.08375155 0.01699233 -0.08088201 -0.08375155 0.01678603 -0.08060777 -0.08375155 0.01651179 -0.08040142 -0.08375155 0.01618343 -0.06807595 -0.08375155 0.007117033 -0.06789469 -0.08375155 0.007459878 -0.06764173 -0.08375155 0.007753789 -0.06732976 -0.08375155 0.007984101 -0.06697428 -0.08375155 0.008139193 -0.06659322 -0.08375155 0.008211255 -0.06620573 -0.08375155 0.008196771 -0.07474583 -0.08375155 -0.00246334 -0.06528592 -0.08375155 0.00521481 -0.06559795 -0.08375155 0.004984498 -0.06595337 -0.08375155 0.004829406 -0.06633442 -0.08375155 0.004757344 -0.06672197 -0.08375155 0.004771828 -0.06709653 -0.08375155 0.004872202 -0.06743943 -0.08375155 0.0050534 -0.06773334 -0.08375155 0.005306363 -0.0679636 -0.08375155 0.005618393 -0.06811869 -0.08375155 0.005973815 -0.0648517 -0.08375155 0.005851626 -0.06503295 -0.08375155 0.00550872 -0.06528592 -0.08375155 -0.01014161 -0.06503295 -0.08375155 -0.01043552 -0.0648517 -0.08375155 -0.01077842 -0.06811869 -0.08375155 -0.01090061 -0.0679636 -0.08375155 -0.01054519 -0.06773334 -0.08375155 -0.01023316 -0.06743943 -0.08375155 -0.009980201 -0.06709653 -0.08375155 -0.009799003 -0.06672197 -0.08375155 -0.009698629 -0.06633442 -0.08375155 -0.009684145 -0.06595337 -0.08375155 -0.009756207 -0.06559795 -0.08375155 -0.009911298 -0.06620573 -0.08375155 -0.01312357 -0.06659322 -0.08375155 -0.01313805 -0.06697428 -0.08375155 -0.01306599 -0.06732976 -0.08375155 -0.0129109 -0.06764173 -0.08375155 -0.01268059 -0.06789469 -0.08375155 -0.01238667 -0.06807595 -0.08375155 -0.01204383 -0.08060777 -0.08375155 -0.02143859 -0.08088201 -0.08375155 -0.02171283 -0.08121031 -0.08375155 -0.02191913 -0.0815764 -0.08375155 -0.02204722 -0.08196175 -0.08375155 -0.02209067 -0.08234709 -0.08375155 -0.02204722 -0.08271318 -0.08375155 -0.02191913 -0.08304148 -0.08375155 -0.02171283 -0.08331573 -0.08375155 -0.02143859 -0.08352208 -0.08375155 -0.02111023 -0.08365017 -0.08375155 -0.0207442 -0.08027333 -0.08375155 -0.0207442 -0.08040142 -0.08375155 -0.02111023 0.0190609 -0.07913339 0.02062749 0.1079609 -0.07913339 0.02062749 0.01901751 -0.07913339 0.02024215 0.01901751 -0.07913339 0.02101284 -0.06819081 -0.07913339 -0.01128166 -0.08196175 -0.07913339 -0.009679257 -0.08115381 -0.07913339 -0.009633898 0.1096928 -0.07913339 0.01889568 -0.06548827 -0.07913339 0.007915198 -0.06583112 -0.07913339 0.008096396 -0.08115381 -0.07913339 0.004707098 -0.06819081 -0.07913339 0.006354868 -0.08035606 -0.07913339 0.004571557 -0.07957845 -0.07913339 0.004347562 -0.07883089 -0.07913339 0.004037857 -0.07812267 -0.07913339 0.003646433 -0.07746267 -0.07913339 0.003178179 -0.07685929 -0.07913339 0.002638995 -0.07632011 -0.07913339 0.002035617 -0.07585185 -0.07913339 0.001375675 -0.07546043 -0.07913339 6.67469e-4 -0.07515078 -0.07913339 -8.01354e-5 -0.07492673 -0.07913339 -8.57708e-4 -0.07479119 -0.07913339 -0.001655459 -0.08035606 -0.07913339 -0.009498357 -0.07957845 -0.07913339 -0.009274363 -0.07883089 -0.07913339 -0.008964657 -0.07812267 -0.07913339 -0.008573234 -0.07746267 -0.07913339 -0.008104979 -0.07685929 -0.07913339 -0.007565796 -0.07632011 -0.07913339 -0.006962418 -0.07585185 -0.07913339 -0.006302475 -0.07546043 -0.07913339 -0.005594253 -0.07515078 -0.07913339 -0.004846632 -0.07492673 -0.07913339 -0.004069089 -0.07479119 -0.07913339 -0.003271281 0.02640151 -0.07913339 -0.02670884 0.11083 -0.07913339 -0.031327 0.02640151 -0.07913339 -0.031327 -0.07617175 -0.07913339 -0.02670884 0.008256375 -0.07913339 -0.031327 -0.07617175 -0.07913339 -0.031327 0.01888942 -0.07913339 0.02137893 0.01868313 -0.07913339 0.02170729 0.01840889 -0.07913339 0.02198147 0.01808053 -0.07913339 0.02218782 0.0177145 -0.07913339 0.02231591 0.01732909 -0.07913339 0.02235931 0.01732909 -0.07913339 0.01889568 0.0177145 -0.07913339 0.01893907 0.01808053 -0.07913339 0.01906716 0.01840889 -0.07913339 0.01927351 0.01868313 -0.07913339 0.0195477 0.01888942 -0.07913339 0.01987606 -0.08917766 -0.07913339 -0.00246334 -0.09832555 -0.07913339 0.004984498 -0.09797012 -0.07913339 0.004829406 -0.09758907 -0.07913339 0.004757344 -0.09720152 -0.07913339 0.004771828 -0.09682697 -0.07913339 0.004872202 -0.09648406 -0.07913339 0.0050534 -0.09619015 -0.07913339 0.005306363 -0.09595984 -0.07913339 0.005618393 -0.09580481 -0.07913339 0.005973815 -0.09573268 -0.07913339 0.006354868 -0.09573268 -0.07913339 -0.01128166 -0.09580481 -0.07913339 -0.01090061 -0.09595984 -0.07913339 -0.01054519 -0.09619015 -0.07913339 -0.01023316 -0.09648406 -0.07913339 -0.009980201 -0.09682697 -0.07913339 -0.009799003 -0.09720152 -0.07913339 -0.009698629 -0.09758907 -0.07913339 -0.009684145 -0.08369356 -0.07913339 -0.02035886 -0.09771776 -0.07913339 -0.01312357 -0.09733027 -0.07913339 -0.01313805 -0.09694921 -0.07913339 -0.01306599 -0.09659373 -0.07913339 -0.0129109 -0.09628176 -0.07913339 -0.01268059 -0.09602874 -0.07913339 -0.01238667 -0.09584754 -0.07913339 -0.01204383 -0.09574717 -0.07913339 -0.01166921 0.1385564 -0.07913339 -0.01277226 0.1246198 -0.07913339 -0.02670884 -0.08022993 -0.07913339 -0.02035886 -0.06583112 -0.07913339 -0.01302319 -0.06548827 -0.07913339 -0.01284199 -0.0651943 -0.07913339 -0.01258903 -0.06496405 -0.07913339 -0.012277 -0.06480896 -0.07913339 -0.01192158 -0.06473684 -0.07913339 -0.01154053 -0.06475138 -0.07913339 -0.01115298 0.1169352 -0.07913339 -0.007070779 0.1175596 -0.07913339 -0.006984949 0.1181666 -0.07913339 -0.006814897 0.1187447 -0.07913339 -0.006563782 0.1192833 -0.07913339 -0.006236314 0.1385564 -0.07913339 0.007845461 0.1120018 -0.07913339 -0.00246334 0.1120449 -0.07913339 -0.003092229 0.1121731 -0.07913339 -0.003709316 0.1123842 -0.07913339 -0.004303276 0.1126742 -0.07913339 -0.004862904 0.1130377 -0.07913339 -0.005377829 0.1134679 -0.07913339 -0.005838513 0.1139568 -0.07913339 -0.006236314 0.1144953 -0.07913339 -0.006563782 0.1150735 -0.07913339 -0.006814897 0.1156804 -0.07913339 -0.006984949 0.1163049 -0.07913339 -0.007070779 -0.06817632 -0.07913339 -0.01166921 -0.08027333 -0.07913339 -0.01997345 -0.08040142 -0.07913339 -0.01960742 -0.08060777 -0.07913339 -0.01927906 -0.08088201 -0.07913339 -0.01900482 -0.08121031 -0.07913339 -0.01879853 -0.0815764 -0.07913339 -0.01867043 -0.08196175 -0.07913339 -0.01862698 -0.0891323 -0.07913339 -0.003271281 -0.0889967 -0.07913339 -0.004069089 -0.08877271 -0.07913339 -0.004846632 -0.08846306 -0.07913339 -0.005594253 -0.08807164 -0.07913339 -0.006302475 -0.08760339 -0.07913339 -0.006962418 -0.08706414 -0.07913339 -0.007565796 -0.08646076 -0.07913339 -0.008104979 -0.08580082 -0.07913339 -0.008573234 -0.0850926 -0.07913339 -0.008964657 -0.08434504 -0.07913339 -0.009274363 -0.08356744 -0.07913339 -0.009498357 -0.08276969 -0.07913339 -0.009633898 -0.08234709 -0.07913339 -0.01867043 -0.08271318 -0.07913339 -0.01879853 -0.08304148 -0.07913339 -0.01900482 -0.08331573 -0.07913339 -0.01927906 -0.08352208 -0.07913339 -0.01960742 -0.08365017 -0.07913339 -0.01997345 -0.1038981 -0.07913339 0.007845461 -0.09771776 -0.07913339 0.008196771 -0.09809237 -0.07913339 0.008096396 -0.09843528 -0.07913339 0.007915198 -0.09872919 -0.07913339 0.007662236 -0.09895944 -0.07913339 0.007350206 -0.09911459 -0.07913339 0.006994783 -0.09918665 -0.07913339 0.006613731 -0.09917211 -0.07913339 0.006226181 -0.0990718 -0.07913339 0.005851626 -0.0988906 -0.07913339 0.00550872 -0.09863752 -0.07913339 0.00521481 -0.09797012 -0.07913339 -0.009756207 -0.09832555 -0.07913339 -0.009911298 -0.09863752 -0.07913339 -0.01014161 -0.0988906 -0.07913339 -0.01043552 -0.0990718 -0.07913339 -0.01077842 -0.09917211 -0.07913339 -0.01115298 -0.09918665 -0.07913339 -0.01154053 -0.1038981 -0.07913339 -0.01277226 -0.09911459 -0.07913339 -0.01192158 -0.09895944 -0.07913339 -0.012277 -0.09872919 -0.07913339 -0.01258903 -0.09843528 -0.07913339 -0.01284199 -0.09809237 -0.07913339 -0.01302319 -0.08524429 -0.07913339 -0.02670884 -0.08996152 -0.07913339 -0.02670884 0.1197722 -0.07913339 -0.005838513 0.1202024 -0.07913339 -0.005377829 0.1205659 -0.07913339 -0.004862904 0.1208559 -0.07913339 -0.004303276 0.121067 -0.07913339 -0.003709316 0.1211952 -0.07913339 -0.003092229 0.1212382 -0.07913339 -0.00246334 0.1211952 -0.07913339 -0.001834511 0.121067 -0.07913339 -0.001217424 0.1208559 -0.07913339 -6.23509e-4 0.1205659 -0.07913339 -6.38657e-5 0.1202024 -0.07913339 4.5108e-4 0.1197722 -0.07913339 9.11736e-4 0.1192833 -0.07913339 0.001309514 0.1187447 -0.07913339 0.001636981 0.1181666 -0.07913339 0.001888096 0.1175596 -0.07913339 0.002058148 0.1169352 -0.07913339 0.002143979 -0.06475138 -0.07913339 0.006226181 -0.06473684 -0.07913339 0.006613731 -0.06480896 -0.07913339 0.006994783 -0.06496405 -0.07913339 0.007350206 -0.0651943 -0.07913339 0.007662236 0.1100782 -0.07913339 0.01893907 0.1104442 -0.07913339 0.01906716 0.1107726 -0.07913339 0.01927351 0.1163049 -0.07913339 0.002143979 0.1156804 -0.07913339 0.002058148 0.1150735 -0.07913339 0.001888096 0.1144953 -0.07913339 0.001636981 0.1139568 -0.07913339 0.001309514 0.1134679 -0.07913339 9.11736e-4 0.1130377 -0.07913339 4.5108e-4 0.1126742 -0.07913339 -6.38657e-5 0.1123842 -0.07913339 -6.23509e-4 0.1121731 -0.07913339 -0.001217424 0.1120449 -0.07913339 -0.001834511 -0.06817632 -0.07913339 0.006742417 -0.09574717 -0.07913339 0.006742417 -0.08121031 -0.07913339 0.01387172 -0.08088201 -0.07913339 0.01407802 -0.08060777 -0.07913339 0.01435226 -0.08040142 -0.07913339 0.01468062 -0.08027333 -0.07913339 0.01504665 -0.08022993 -0.07913339 0.01543205 -0.09584754 -0.07913339 0.007117033 -0.08369356 -0.07913339 0.01543205 -0.08365017 -0.07913339 0.01504665 -0.08352208 -0.07913339 0.01468062 -0.08331573 -0.07913339 0.01435226 -0.08304148 -0.07913339 0.01407802 -0.08271318 -0.07913339 0.01387172 -0.08234709 -0.07913339 0.01374363 -0.08196175 -0.07913339 0.01370024 -0.0815764 -0.07913339 0.01374363 -0.08196175 -0.07913339 0.004752457 -0.08276969 -0.07913339 0.004707098 -0.08356744 -0.07913339 0.004571557 -0.08434504 -0.07913339 0.004347562 -0.0850926 -0.07913339 0.004037857 -0.08580082 -0.07913339 0.003646433 -0.08646076 -0.07913339 0.003178179 -0.08706414 -0.07913339 0.002638995 -0.08760339 -0.07913339 0.002035617 -0.08807164 -0.07913339 0.001375675 -0.08846306 -0.07913339 6.67469e-4 -0.08877271 -0.07913339 -8.01354e-5 -0.0889967 -0.07913339 -8.57708e-4 -0.0891323 -0.07913339 -0.001655459 0.1110467 -0.07913339 0.0195477 0.1112531 -0.07913339 0.01987606 0.1113812 -0.07913339 0.02024215 0.1114246 -0.07913339 0.02062749 0.1113812 -0.07913339 0.02101284 0.1112531 -0.07913339 0.02137893 0.1110467 -0.07913339 0.02170729 0.1107726 -0.07913339 0.02198147 0.1104442 -0.07913339 0.02218782 0.1100782 -0.07913339 0.02231591 0.1096928 -0.07913339 0.02235931 -0.09602874 -0.07913339 0.007459878 -0.09628176 -0.07913339 0.007753789 -0.09659373 -0.07913339 0.007984101 -0.09694921 -0.07913339 0.008139193 -0.09733027 -0.07913339 0.008211255 0.1093074 -0.07913339 0.02231591 0.1089413 -0.07913339 0.02218782 0.108613 -0.07913339 0.02198147 0.1083388 -0.07913339 0.02170729 0.1081324 -0.07913339 0.02137893 0.1080044 -0.07913339 0.02101284 0.01694375 -0.07913339 0.02231591 0.01657772 -0.07913339 0.02218782 0.01624935 -0.07913339 0.02198147 0.01597511 -0.07913339 0.02170729 0.01576882 -0.07913339 0.02137893 0.01564073 -0.07913339 0.02101284 0.01559728 -0.07913339 0.02062749 -0.0815764 -0.07913339 0.01712042 -0.08196175 -0.07913339 0.01716387 -0.08234709 -0.07913339 0.01712042 -0.08271318 -0.07913339 0.01699233 -0.08304148 -0.07913339 0.01678603 -0.08331573 -0.07913339 0.01651179 -0.08352208 -0.07913339 0.01618343 -0.08365017 -0.07913339 0.0158174 -0.08027333 -0.07913339 0.0158174 0.01564073 -0.07913339 0.02024215 0.01576882 -0.07913339 0.01987606 0.01597511 -0.07913339 0.0195477 0.01624935 -0.07913339 0.01927351 0.01657772 -0.07913339 0.01906716 0.01694375 -0.07913339 0.01893907 0.1080044 -0.07913339 0.02024215 0.1081324 -0.07913339 0.01987606 0.1083388 -0.07913339 0.0195477 0.108613 -0.07913339 0.01927351 0.1089413 -0.07913339 0.01906716 0.1093074 -0.07913339 0.01893907 -0.06620573 -0.07913339 0.008196771 -0.06659322 -0.07913339 0.008211255 -0.06697428 -0.07913339 0.008139193 -0.06732976 -0.07913339 0.007984101 -0.06764173 -0.07913339 0.007753789 -0.06789469 -0.07913339 0.007459878 -0.06807595 -0.07913339 0.007117033 -0.08040142 -0.07913339 0.01618343 -0.08060777 -0.07913339 0.01651179 -0.08088201 -0.07913339 0.01678603 -0.08121031 -0.07913339 0.01699233 -0.07474583 -0.07913339 -0.00246334 -0.06811869 -0.07913339 0.005973815 -0.0679636 -0.07913339 0.005618393 -0.06773334 -0.07913339 0.005306363 -0.06743943 -0.07913339 0.0050534 -0.06709653 -0.07913339 0.004872202 -0.06672197 -0.07913339 0.004771828 -0.06633442 -0.07913339 0.004757344 -0.06595337 -0.07913339 0.004829406 -0.06559795 -0.07913339 0.004984498 -0.06528592 -0.07913339 0.00521481 -0.0648517 -0.07913339 -0.01077842 -0.06503295 -0.07913339 -0.01043552 -0.06528592 -0.07913339 -0.01014161 -0.06503295 -0.07913339 0.00550872 -0.0648517 -0.07913339 0.005851626 -0.06559795 -0.07913339 -0.009911298 -0.06595337 -0.07913339 -0.009756207 -0.06633442 -0.07913339 -0.009684145 -0.06672197 -0.07913339 -0.009698629 -0.06709653 -0.07913339 -0.009799003 -0.06743943 -0.07913339 -0.009980201 -0.06773334 -0.07913339 -0.01023316 -0.0679636 -0.07913339 -0.01054519 -0.06811869 -0.07913339 -0.01090061 -0.06807595 -0.07913339 -0.01204383 -0.06789469 -0.07913339 -0.01238667 -0.06764173 -0.07913339 -0.01268059 -0.06732976 -0.07913339 -0.0129109 -0.06697428 -0.07913339 -0.01306599 -0.06659322 -0.07913339 -0.01313805 -0.06620573 -0.07913339 -0.01312357 0.1199026 -0.07913339 -0.02670884 0.1143957 -0.07913339 -0.02670884 0.11083 -0.07913339 -0.02670884 0.02283579 -0.07913339 -0.02670884 0.01732897 -0.07913339 -0.02670884 0.0118221 -0.07913339 -0.02670884 0.008256375 -0.07913339 -0.02670884 -0.07973742 -0.07913339 -0.02670884 -0.08365017 -0.07913339 -0.0207442 -0.08352208 -0.07913339 -0.02111023 -0.08331573 -0.07913339 -0.02143859 -0.08304148 -0.07913339 -0.02171283 -0.08271318 -0.07913339 -0.02191913 -0.08234709 -0.07913339 -0.02204722 -0.08196175 -0.07913339 -0.02209067 -0.0815764 -0.07913339 -0.02204722 -0.08121031 -0.07913339 -0.02191913 -0.08088201 -0.07913339 -0.02171283 -0.08060777 -0.07913339 -0.02143859 -0.08040142 -0.07913339 -0.02111023 -0.08027333 -0.07913339 -0.0207442 -0.09573268 0.09635758 -0.01128166 -0.08196175 0.09635758 -0.009679257 -0.08276969 0.09635758 -0.009633898 -0.08196175 0.09635758 0.004752457 -0.09573268 0.09635758 0.006354868 -0.08276969 0.09635758 0.004707098 -0.08356744 0.09635758 0.004571557 -0.08434504 0.09635758 0.004347562 -0.0850926 0.09635758 0.004037857 -0.08580082 0.09635758 0.003646433 -0.08646076 0.09635758 0.003178179 -0.08706414 0.09635758 0.002638995 -0.08760339 0.09635758 0.002035617 -0.08807164 0.09635758 0.001375675 -0.08846306 0.09635758 6.67469e-4 -0.08877271 0.09635758 -8.01354e-5 -0.0889967 0.09635758 -8.57708e-4 -0.0891323 0.09635758 -0.001655459 -0.08356744 0.09635758 -0.009498357 -0.08434504 0.09635758 -0.009274363 -0.0850926 0.09635758 -0.008964657 -0.08580082 0.09635758 -0.008573234 -0.08646076 0.09635758 -0.008104979 -0.08706414 0.09635758 -0.007565796 -0.08760339 0.09635758 -0.006962418 -0.08807164 0.09635758 -0.006302475 -0.08846306 0.09635758 -0.005594253 -0.08877271 0.09635758 -0.004846632 -0.0889967 0.09635758 -0.004069089 -0.0891323 0.09635758 -0.003271281 0.0190609 0.09635758 0.02062749 0.1093074 0.09635758 0.01893907 0.1089413 0.09635758 0.01906716 0.108613 0.09635758 0.01927351 0.1083388 0.09635758 0.0195477 0.1081324 0.09635758 0.01987606 0.1080044 0.09635758 0.02024215 0.1079609 0.09635758 0.02062749 0.1080044 0.09635758 0.02101284 0.1081324 0.09635758 0.02137893 0.1083388 0.09635758 0.02170729 0.108613 0.09635758 0.02198147 0.1089413 0.09635758 0.02218782 0.1093074 0.09635758 0.02231591 -0.1038981 0.09635758 -0.01277226 -0.08996152 0.09635758 -0.02670884 -0.08369356 0.09635758 -0.02035886 -0.09771776 0.09635758 -0.01312357 -0.09809237 0.09635758 -0.01302319 -0.09843528 0.09635758 -0.01284199 -0.09872919 0.09635758 -0.01258903 -0.09895944 0.09635758 -0.012277 -0.09911459 0.09635758 -0.01192158 -0.1038981 0.09635758 0.007845461 -0.09918665 0.09635758 -0.01154053 -0.09917211 0.09635758 -0.01115298 -0.0990718 0.09635758 -0.01077842 -0.0988906 0.09635758 -0.01043552 -0.09863752 0.09635758 -0.01014161 -0.08917766 0.09635758 -0.00246334 -0.09863752 0.09635758 0.00521481 -0.0988906 0.09635758 0.00550872 -0.0990718 0.09635758 0.005851626 -0.09917211 0.09635758 0.006226181 -0.09918665 0.09635758 0.006613731 -0.09911459 0.09635758 0.006994783 -0.09895944 0.09635758 0.007350206 -0.09872919 0.09635758 0.007662236 -0.09843528 0.09635758 0.007915198 -0.09574717 0.09635758 -0.01166921 -0.08365017 0.09635758 -0.01997345 -0.08352208 0.09635758 -0.01960742 -0.08331573 0.09635758 -0.01927906 -0.08304148 0.09635758 -0.01900482 -0.08271318 0.09635758 -0.01879853 -0.08234709 0.09635758 -0.01867043 -0.08196175 0.09635758 -0.01862698 -0.06817632 0.09635758 -0.01166921 -0.06819081 0.09635758 -0.01128166 -0.06811869 0.09635758 -0.01090061 -0.07474583 0.09635758 -0.00246334 -0.07479119 0.09635758 -0.003271281 -0.07492673 0.09635758 -0.004069089 -0.07515078 0.09635758 -0.004846632 -0.07546043 0.09635758 -0.005594253 -0.07585185 0.09635758 -0.006302475 -0.07632011 0.09635758 -0.006962418 -0.07685929 0.09635758 -0.007565796 -0.07746267 0.09635758 -0.008104979 -0.07812267 0.09635758 -0.008573234 -0.07883089 0.09635758 -0.008964657 -0.07957845 0.09635758 -0.009274363 -0.08035606 0.09635758 -0.009498357 -0.08115381 0.09635758 -0.009633898 -0.0815764 0.09635758 -0.01867043 -0.08121031 0.09635758 -0.01879853 -0.08088201 0.09635758 -0.01900482 -0.08060777 0.09635758 -0.01927906 -0.08040142 0.09635758 -0.01960742 -0.08027333 0.09635758 -0.01997345 -0.08022993 0.09635758 -0.02035886 -0.06475138 0.09635758 -0.01115298 -0.06473684 0.09635758 -0.01154053 0.1163049 0.09635758 -0.007070779 0.1156804 0.09635758 -0.006984949 0.1150735 0.09635758 -0.006814897 0.1144953 0.09635758 -0.006563782 0.1139568 0.09635758 -0.006236314 0.1134679 0.09635758 -0.005838513 0.1130377 0.09635758 -0.005377829 0.1126742 0.09635758 -0.004862904 0.1123842 0.09635758 -0.004303276 0.1121731 0.09635758 -0.003709316 0.1120449 0.09635758 -0.003092229 0.1120018 0.09635758 -0.00246334 -0.09584754 0.09635758 -0.01204383 -0.09602874 0.09635758 -0.01238667 -0.09628176 0.09635758 -0.01268059 -0.09659373 0.09635758 -0.0129109 -0.09694921 0.09635758 -0.01306599 -0.09733027 0.09635758 -0.01313805 0.1385564 0.09635758 -0.01277226 0.1385564 0.09635758 0.007845461 0.1192833 0.09635758 -0.006236314 0.1187447 0.09635758 -0.006563782 0.1181666 0.09635758 -0.006814897 0.1175596 0.09635758 -0.006984949 0.1169352 0.09635758 -0.007070779 -0.06480896 0.09635758 -0.01192158 -0.06496405 0.09635758 -0.012277 -0.0651943 0.09635758 -0.01258903 -0.06548827 0.09635758 -0.01284199 -0.06583112 0.09635758 -0.01302319 -0.06620573 0.09635758 -0.01312357 -0.06659322 0.09635758 -0.01313805 0.1246198 0.09635758 -0.02670884 -0.07973742 0.09635758 -0.02670884 -0.07617175 0.09635758 -0.02670884 0.008256375 0.09635758 -0.02670884 0.0118221 0.09635758 -0.02670884 0.01732897 0.09635758 -0.02670884 0.02283579 0.09635758 -0.02670884 0.02640151 0.09635758 -0.02670884 0.11083 0.09635758 -0.02670884 0.1143957 0.09635758 -0.02670884 0.1199026 0.09635758 -0.02670884 -0.09574717 0.09635758 0.006742417 -0.06819081 0.09635758 0.006354868 -0.06817632 0.09635758 0.006742417 -0.08234709 0.09635758 0.01374363 -0.08271318 0.09635758 0.01387172 -0.08304148 0.09635758 0.01407802 -0.08331573 0.09635758 0.01435226 -0.08352208 0.09635758 0.01468062 -0.08365017 0.09635758 0.01504665 -0.08369356 0.09635758 0.01543205 -0.08022993 0.09635758 0.01543205 -0.08027333 0.09635758 0.01504665 -0.08040142 0.09635758 0.01468062 -0.08060777 0.09635758 0.01435226 -0.08088201 0.09635758 0.01407802 -0.08121031 0.09635758 0.01387172 -0.0815764 0.09635758 0.01374363 -0.08196175 0.09635758 0.01370024 -0.08115381 0.09635758 0.004707098 -0.08035606 0.09635758 0.004571557 -0.07957845 0.09635758 0.004347562 -0.07883089 0.09635758 0.004037857 -0.07812267 0.09635758 0.003646433 -0.07746267 0.09635758 0.003178179 -0.07685929 0.09635758 0.002638995 -0.07632011 0.09635758 0.002035617 -0.07585185 0.09635758 0.001375675 -0.07546043 0.09635758 6.67469e-4 -0.07515078 0.09635758 -8.01354e-5 -0.07492673 0.09635758 -8.57708e-4 -0.07479119 0.09635758 -0.001655459 -0.06475138 0.09635758 0.006226181 0.1120449 0.09635758 -0.001834511 0.1121731 0.09635758 -0.001217424 0.1123842 0.09635758 -6.23509e-4 0.1126742 0.09635758 -6.38657e-5 0.1130377 0.09635758 4.5108e-4 0.1134679 0.09635758 9.11736e-4 0.1139568 0.09635758 0.001309514 0.1144953 0.09635758 0.001636981 0.1150735 0.09635758 0.001888096 0.1156804 0.09635758 0.002058148 0.1163049 0.09635758 0.002143979 0.1169352 0.09635758 0.002143979 -0.06473684 0.09635758 0.006613731 0.1175596 0.09635758 0.002058148 0.1181666 0.09635758 0.001888096 0.1187447 0.09635758 0.001636981 0.1192833 0.09635758 0.001309514 0.1197722 0.09635758 9.11736e-4 0.1202024 0.09635758 4.5108e-4 0.1205659 0.09635758 -6.38657e-5 0.1208559 0.09635758 -6.23509e-4 0.121067 0.09635758 -0.001217424 0.1211952 0.09635758 -0.001834511 0.1212382 0.09635758 -0.00246334 0.1211952 0.09635758 -0.003092229 0.121067 0.09635758 -0.003709316 0.1208559 0.09635758 -0.004303276 0.1205659 0.09635758 -0.004862904 0.1202024 0.09635758 -0.005377829 0.1197722 0.09635758 -0.005838513 -0.09809237 0.09635758 0.008096396 -0.09771776 0.09635758 0.008196771 -0.09733027 0.09635758 0.008211255 -0.08365017 0.09635758 0.0158174 -0.08352208 0.09635758 0.01618343 -0.08331573 0.09635758 0.01651179 -0.08304148 0.09635758 0.01678603 -0.08271318 0.09635758 0.01699233 -0.08234709 0.09635758 0.01712042 -0.08196175 0.09635758 0.01716387 0.01559728 0.09635758 0.02062749 0.01564073 0.09635758 0.02101284 0.01576882 0.09635758 0.02137893 0.01597511 0.09635758 0.02170729 0.01624935 0.09635758 0.02198147 0.01657772 0.09635758 0.02218782 0.01694375 0.09635758 0.02231591 0.01732909 0.09635758 0.02235931 -0.09694921 0.09635758 0.008139193 -0.09659373 0.09635758 0.007984101 -0.09628176 0.09635758 0.007753789 -0.09602874 0.09635758 0.007459878 -0.09584754 0.09635758 0.007117033 0.0177145 0.09635758 0.02231591 0.01808053 0.09635758 0.02218782 0.01840889 0.09635758 0.02198147 0.01868313 0.09635758 0.02170729 0.01888942 0.09635758 0.02137893 0.01901751 0.09635758 0.02101284 0.1096928 0.09635758 0.02235931 0.1100782 0.09635758 0.02231591 0.1104442 0.09635758 0.02218782 0.1107726 0.09635758 0.02198147 0.1110467 0.09635758 0.02170729 0.1112531 0.09635758 0.02137893 0.1113812 0.09635758 0.02101284 0.1114246 0.09635758 0.02062749 0.1113812 0.09635758 0.02024215 0.1112531 0.09635758 0.01987606 0.1110467 0.09635758 0.0195477 0.1107726 0.09635758 0.01927351 0.1104442 0.09635758 0.01906716 0.1100782 0.09635758 0.01893907 0.1096928 0.09635758 0.01889568 -0.06548827 0.09635758 0.007915198 -0.0651943 0.09635758 0.007662236 -0.06496405 0.09635758 0.007350206 -0.06480896 0.09635758 0.006994783 0.01901751 0.09635758 0.02024215 0.01888942 0.09635758 0.01987606 0.01868313 0.09635758 0.0195477 0.01840889 0.09635758 0.01927351 0.01808053 0.09635758 0.01906716 0.0177145 0.09635758 0.01893907 0.01732909 0.09635758 0.01889568 -0.06659322 0.09635758 0.008211255 -0.06620573 0.09635758 0.008196771 -0.06583112 0.09635758 0.008096396 0.01694375 0.09635758 0.01893907 0.01657772 0.09635758 0.01906716 0.01624935 0.09635758 0.01927351 0.01597511 0.09635758 0.0195477 0.01576882 0.09635758 0.01987606 0.01564073 0.09635758 0.02024215 -0.0815764 0.09635758 0.01712042 -0.08121031 0.09635758 0.01699233 -0.08088201 0.09635758 0.01678603 -0.08060777 0.09635758 0.01651179 -0.08040142 0.09635758 0.01618343 -0.08027333 0.09635758 0.0158174 -0.06807595 0.09635758 0.007117033 -0.06789469 0.09635758 0.007459878 -0.06764173 0.09635758 0.007753789 -0.06732976 0.09635758 0.007984101 -0.06697428 0.09635758 0.008139193 -0.0648517 0.09635758 0.005851626 -0.06503295 0.09635758 0.00550872 -0.06528592 0.09635758 0.00521481 -0.06559795 0.09635758 0.004984498 -0.06595337 0.09635758 0.004829406 -0.06633442 0.09635758 0.004757344 -0.0679636 0.09635758 -0.01054519 -0.06773334 0.09635758 -0.01023316 -0.06743943 0.09635758 -0.009980201 -0.06709653 0.09635758 -0.009799003 -0.06672197 0.09635758 -0.009698629 -0.06633442 0.09635758 -0.009684145 -0.06672197 0.09635758 0.004771828 -0.06709653 0.09635758 0.004872202 -0.06743943 0.09635758 0.0050534 -0.06773334 0.09635758 0.005306363 -0.0679636 0.09635758 0.005618393 -0.06811869 0.09635758 0.005973815 -0.09580481 0.09635758 0.005973815 -0.09595984 0.09635758 0.005618393 -0.09619015 0.09635758 0.005306363 -0.09648406 0.09635758 0.0050534 -0.09682697 0.09635758 0.004872202 -0.09720152 0.09635758 0.004771828 -0.09758907 0.09635758 0.004757344 -0.09797012 0.09635758 0.004829406 -0.09832555 0.09635758 0.004984498 -0.09832555 0.09635758 -0.009911298 -0.09797012 0.09635758 -0.009756207 -0.09758907 0.09635758 -0.009684145 -0.09720152 0.09635758 -0.009698629 -0.09682697 0.09635758 -0.009799003 -0.09648406 0.09635758 -0.009980201 -0.09619015 0.09635758 -0.01023316 -0.09595984 0.09635758 -0.01054519 -0.09580481 0.09635758 -0.01090061 -0.06595337 0.09635758 -0.009756207 -0.06559795 0.09635758 -0.009911298 -0.06528592 0.09635758 -0.01014161 -0.06503295 0.09635758 -0.01043552 -0.0648517 0.09635758 -0.01077842 -0.06697428 0.09635758 -0.01306599 -0.06732976 0.09635758 -0.0129109 -0.06764173 0.09635758 -0.01268059 -0.06789469 0.09635758 -0.01238667 -0.06807595 0.09635758 -0.01204383 -0.08027333 0.09635758 -0.0207442 -0.08040142 0.09635758 -0.02111023 -0.08060777 0.09635758 -0.02143859 -0.08088201 0.09635758 -0.02171283 -0.08121031 0.09635758 -0.02191913 -0.0815764 0.09635758 -0.02204722 -0.08196175 0.09635758 -0.02209067 -0.08234709 0.09635758 -0.02204722 -0.08271318 0.09635758 -0.02191913 -0.08304148 0.09635758 -0.02171283 -0.08331573 0.09635758 -0.02143859 -0.08524429 0.09635758 -0.02670884 -0.08352208 0.09635758 -0.02111023 -0.08365017 0.09635758 -0.0207442 0.02640151 0.09635758 -0.031327 0.11083 0.09635758 -0.031327 -0.07617175 0.09635758 -0.031327 0.008256375 0.09635758 -0.031327 0.0116586 0.09354335 -0.02670884 0.0116586 0.09354335 -0.031327 0.01183897 0.09284126 -0.02670884 0.01183897 0.09284126 -0.031327 0.01210588 0.09216731 -0.02670884 0.01210588 0.09216731 -0.031327 0.01245516 0.09153211 -0.02670884 0.01245516 0.09153211 -0.031327 0.01288127 0.09094572 -0.02670884 0.01288127 0.09094572 -0.031327 0.01337754 0.09041732 -0.02670884 0.01337754 0.09041732 -0.031327 0.0139361 0.08995532 -0.02670884 0.0139361 0.08995532 -0.031327 0.01454812 0.08956694 -0.02670884 0.01454812 0.08956694 -0.031327 0.01520407 0.08925831 -0.02670884 0.01520407 0.08925831 -0.031327 0.01589345 0.08903437 -0.02670884 0.01589345 0.08903437 -0.031327 0.01660549 0.08889853 -0.02670884 0.01660549 0.08889853 -0.031327 0.01732897 0.088853 -0.02670884 0.01732897 0.088853 -0.031327 0.01805239 0.08889853 -0.02670884 0.01805239 0.08889853 -0.031327 0.01876443 0.08903437 -0.02670884 0.01876443 0.08903437 -0.031327 0.01945388 0.08925831 -0.02670884 0.01945388 0.08925831 -0.031327 0.02010977 0.08956694 -0.02670884 0.02010977 0.08956694 -0.031327 0.02072185 0.08995532 -0.02670884 0.02072185 0.08995532 -0.031327 0.0212804 0.09041732 -0.02670884 0.0212804 0.09041732 -0.031327 0.02177661 0.09094572 -0.02670884 0.02177661 0.09094572 -0.031327 0.02220278 0.09153211 -0.02670884 0.02220278 0.09153211 -0.031327 0.02255201 0.09216731 -0.02670884 0.02255201 0.09216731 -0.031327 0.02281892 0.09284126 -0.02670884 0.02281892 0.09284126 -0.031327 0.02299928 0.09354335 -0.02670884 0.02299928 0.09354335 -0.031327 0.120288 0.09293735 -0.031327 0.120654 0.09306544 -0.031327 0.1199762 0.08813923 -0.031327 -0.08562964 0.09293735 -0.031327 -0.08531785 0.08813923 -0.031327 -0.08599567 0.09306544 -0.031327 -0.07973504 -0.07567739 -0.031327 -0.08449286 -0.07584124 -0.031327 -0.08485889 -0.07571315 -0.031327 0.1195172 -0.07571315 -0.031327 0.1191512 -0.07584124 -0.031327 0.1143934 -0.07567739 -0.031327 0.1199026 -0.07566976 -0.031327 0.1213077 -0.06945413 -0.031327 0.1211622 -0.06970256 -0.031327 0.1209957 -0.06993967 -0.031327 0.1208166 -0.0701583 -0.031327 0.120432 -0.07054632 -0.031327 0.01151925 0.09405618 -0.031327 0.01576864 0.09387433 -0.031327 0.01597493 0.09354597 -0.031327 0.01624917 0.09327179 -0.031327 0.01657754 0.09306544 -0.031327 0.01694357 0.09293735 -0.031327 0.01771432 0.09293735 -0.031327 0.01808035 0.09306544 -0.031327 0.01840871 0.09327179 -0.031327 0.01868295 0.09354597 -0.031327 0.01888924 0.09387433 -0.031327 0.0231387 0.09405618 -0.031327 0.1142323 0.09354335 -0.031327 0.1140928 0.09405618 -0.031327 0.1183423 0.09387433 -0.031327 0.1185486 0.09354597 -0.031327 0.1188228 0.09327179 -0.031327 0.1191512 0.09306544 -0.031327 0.1195172 0.09293735 -0.031327 0.1143934 0.09290152 -0.031327 -0.07957392 0.09354335 -0.031327 -0.07973504 0.09290152 -0.031327 -0.08485889 0.09293735 -0.031327 -0.08449286 0.09306544 -0.031327 -0.0841645 0.09327179 -0.031327 -0.08389031 0.09354597 -0.031327 -0.08368396 0.09387433 -0.031327 -0.07943457 0.09405618 -0.031327 -0.09350723 0.09751212 -0.031327 -0.09347957 0.09787946 -0.031327 -0.09339821 0.09823876 -0.031327 -0.09326714 0.09858316 -0.031327 -0.09313112 0.09884309 -0.031327 -0.09297043 0.09908854 -0.031327 -0.09278625 0.09932082 -0.031327 -0.09258317 0.09953677 -0.031327 -0.09234458 0.09975242 -0.031327 -0.09208989 0.09994894 -0.031327 -0.09180057 0.1001396 -0.031327 -0.09149825 0.100309 -0.031327 -0.09088724 0.1005783 -0.031327 -0.09052824 0.1006988 -0.031327 -0.09016245 0.1007969 -0.031327 -0.08977437 0.1008763 -0.031327 -0.08938223 0.1009323 -0.031327 -0.08524429 0.09635758 -0.031327 -0.08562964 0.09631413 -0.031327 -0.08599567 0.0961861 -0.031327 -0.08632403 0.09597975 -0.031327 -0.08659827 0.0957055 -0.031327 -0.08680462 0.09537714 -0.031327 -0.08693265 0.09501111 -0.031327 -0.08697611 0.09462577 -0.031327 -0.08693265 0.09424036 -0.031327 -0.08680462 0.09387433 -0.031327 -0.08659827 0.09354597 -0.031327 -0.08632403 0.09327179 -0.031327 -0.08577376 0.08777052 -0.031327 -0.08615827 0.08738249 -0.031327 -0.08633744 0.08716386 -0.031327 -0.08650392 0.08692675 -0.031327 -0.08664941 0.08667826 -0.031327 -0.08677482 0.08641046 -0.031327 -0.08685761 0.08618062 -0.031327 -0.08692061 0.08594018 -0.031327 -0.08697253 0.08554983 -0.031327 -0.08697611 0.08541727 -0.031327 -0.08697611 0.008612036 -0.031327 -0.08697611 -0.06819313 -0.031327 -0.08693265 -0.07701623 -0.031327 -0.08697611 -0.07740157 -0.031327 -0.08524429 -0.07566976 -0.031327 -0.08562964 -0.07571315 -0.031327 -0.08685761 -0.06895649 -0.031327 -0.08677482 -0.06918632 -0.031327 -0.08664941 -0.06945413 -0.031327 -0.08650392 -0.06970256 -0.031327 -0.08633744 -0.06993967 -0.031327 -0.08615827 -0.0701583 -0.031327 -0.08577376 -0.07054632 -0.031327 -0.08531785 -0.07091504 -0.031327 -0.08484625 -0.07122898 -0.031327 -0.08027142 -0.0744698 -0.031327 -0.07996857 -0.07505822 -0.031327 -0.08938223 -0.08370816 -0.031327 -0.08524429 -0.07913339 -0.031327 0.01732897 -0.07913339 -0.031327 0.1199026 -0.07913339 -0.031327 0.1199026 0.09635758 -0.031327 0.01732897 0.09635758 -0.031327 0.1240405 0.1009323 -0.031327 0.1244326 0.1008763 -0.031327 0.1248208 0.1007969 -0.031327 0.1251865 0.1006988 -0.031327 0.1255455 0.1005783 -0.031327 0.1261566 0.100309 -0.031327 0.1264588 0.1001396 -0.031327 0.1267482 0.09994894 -0.031327 0.1270029 0.09975242 -0.031327 0.1272415 0.09953677 -0.031327 0.1274445 0.09932082 -0.031327 0.1276287 0.09908854 -0.031327 0.1277894 0.09884309 -0.031327 0.1279254 0.09858316 -0.031327 0.1280565 0.09823876 -0.031327 0.1281378 0.09787946 -0.031327 0.1281655 0.09751212 -0.031327 0.01732897 0.09289389 -0.031327 -0.08524429 0.09289389 -0.031327 -0.07996857 0.09228235 -0.031327 -0.08027142 0.09169399 -0.031327 -0.08063966 0.09114414 -0.031327 -0.08106833 0.09064006 -0.031327 -0.0815519 0.09018832 -0.031327 -0.082084 0.08979493 -0.031327 -0.08265757 0.08946496 -0.031327 -0.08326524 0.08920288 -0.031327 -0.08370351 0.08903127 -0.031327 -0.08408737 0.08886027 -0.031327 -0.0844686 0.08866858 -0.031327 -0.08484625 0.08845317 -0.031327 0.1199026 0.09289389 -0.031327 0.1195045 0.08845317 -0.031327 0.1191269 0.08866858 -0.031327 0.1187456 0.08886027 -0.031327 0.1183618 0.08903127 -0.031327 0.1179235 0.08920288 -0.031327 0.1173159 0.08946496 -0.031327 0.1167423 0.08979493 -0.031327 0.1162102 0.09018832 -0.031327 0.1157266 0.09064006 -0.031327 0.1152979 0.09114414 -0.031327 0.1149297 0.09169399 -0.031327 0.1146269 0.09228235 -0.031327 -0.08977437 -0.08365207 -0.031327 -0.09016245 -0.08357274 -0.031327 -0.09052824 -0.08347457 -0.031327 -0.09088724 -0.08335411 -0.031327 -0.09149825 -0.08308482 -0.031327 -0.09180057 -0.08291536 -0.031327 -0.09208989 -0.08272475 -0.031327 -0.09234458 -0.08252823 -0.031327 -0.09258317 -0.08231258 -0.031327 -0.09278625 -0.08209669 -0.031327 -0.09297043 -0.08186441 -0.031327 -0.09313112 -0.0816189 -0.031327 -0.09326714 -0.08135902 -0.031327 -0.09339821 -0.08101463 -0.031327 -0.09347957 -0.08065533 -0.031327 -0.09350723 -0.08028793 -0.031327 -0.08692061 -0.06871598 -0.031327 -0.08599567 -0.07584124 -0.031327 -0.08632403 -0.07604759 -0.031327 -0.08696192 -0.0684573 -0.031327 -0.08659827 -0.07632184 -0.031327 -0.08680462 -0.07665014 -0.031327 -0.08693265 -0.07778692 -0.031327 -0.08680462 -0.07815301 -0.031327 -0.08659827 -0.07848131 -0.031327 -0.08632403 -0.07875555 -0.031327 -0.08599567 -0.0789619 -0.031327 -0.08562964 -0.07908999 -0.031327 0.01183897 -0.07561707 -0.031327 0.01732897 -0.07162886 -0.031327 0.01732897 -0.07566976 -0.031327 0.01694357 -0.07571315 -0.031327 0.01657754 -0.07584124 -0.031327 0.01624917 -0.07604759 -0.031327 0.01597493 -0.07632184 -0.031327 0.0116586 -0.07631921 -0.031327 0.01210588 -0.07494312 -0.031327 0.01245516 -0.07430797 -0.031327 0.01288127 -0.07372152 -0.031327 0.01337754 -0.07319319 -0.031327 0.0139361 -0.07273113 -0.031327 0.01454812 -0.07234275 -0.031327 0.01520407 -0.07203418 -0.031327 0.01589345 -0.07181018 -0.031327 0.01660549 -0.07167434 -0.031327 0.02281892 -0.07561707 -0.031327 0.02299928 -0.07631921 -0.031327 0.01868295 -0.07632184 -0.031327 0.01840871 -0.07604759 -0.031327 0.01808035 -0.07584124 -0.031327 0.01771432 -0.07571315 -0.031327 0.01805239 -0.07167434 -0.031327 0.01876443 -0.07181018 -0.031327 0.01945388 -0.07203418 -0.031327 0.02010977 -0.07234275 -0.031327 0.02072185 -0.07273113 -0.031327 0.0212804 -0.07319319 -0.031327 0.02177661 -0.07372152 -0.031327 0.02220278 -0.07430797 -0.031327 0.02255201 -0.07494312 -0.031327 0.120288 -0.07908999 -0.031327 0.1281655 -0.08028793 -0.031327 0.1281378 -0.08065533 -0.031327 0.1280565 -0.08101463 -0.031327 0.1279254 -0.08135902 -0.031327 0.1277894 -0.0816189 -0.031327 0.1276287 -0.08186441 -0.031327 0.1274445 -0.08209669 -0.031327 0.1272415 -0.08231258 -0.031327 0.1270029 -0.08252823 -0.031327 0.1267482 -0.08272475 -0.031327 0.1264588 -0.08291536 -0.031327 0.1261566 -0.08308482 -0.031327 0.1255455 -0.08335411 -0.031327 0.1251865 -0.08347457 -0.031327 0.1248208 -0.08357274 -0.031327 0.1244326 -0.08365207 -0.031327 0.1240405 -0.08370816 -0.031327 0.1216344 -0.06819313 -0.031327 0.1216344 0.08541727 -0.031327 0.1216202 0.08568149 -0.031327 0.1215789 0.08594018 -0.031327 0.1215159 0.08618062 -0.031327 0.1214331 0.08641046 -0.031327 0.1213077 0.08667826 -0.031327 0.1211622 0.08692675 -0.031327 0.1209957 0.08716386 -0.031327 0.1208166 0.08738249 -0.031327 0.120432 0.08777052 -0.031327 0.1209824 0.09327179 -0.031327 0.1212566 0.09354597 -0.031327 0.1214629 0.09387433 -0.031327 0.121591 0.09424036 -0.031327 0.1216344 0.09462577 -0.031327 0.121591 0.09501111 -0.031327 0.1214629 0.09537714 -0.031327 0.1212566 0.0957055 -0.031327 0.1209824 0.09597975 -0.031327 0.120654 0.0961861 -0.031327 0.120288 0.09631413 -0.031327 0.1215789 -0.06871598 -0.031327 0.1209824 -0.07604759 -0.031327 0.120654 -0.07584124 -0.031327 0.120288 -0.07571315 -0.031327 0.1215159 -0.06895649 -0.031327 0.1216308 -0.06832563 -0.031327 0.1216344 -0.07740157 -0.031327 0.121591 -0.07701623 -0.031327 0.1214629 -0.07665014 -0.031327 0.1212566 -0.07632184 -0.031327 0.120654 -0.0789619 -0.031327 0.1209824 -0.07875555 -0.031327 0.1212566 -0.07848131 -0.031327 0.1214629 -0.07815301 -0.031327 0.121591 -0.07778692 -0.031327 0.1146269 -0.07505822 -0.031327 0.1149297 -0.0744698 -0.031327 0.1195045 -0.07122898 -0.031327 0.1199762 -0.07091504 -0.031327 -0.08063966 -0.07392001 -0.031327 -0.0844686 -0.07144439 -0.031327 -0.08106833 -0.07341587 -0.031327 -0.08408737 -0.07163614 -0.031327 -0.0815519 -0.07296413 -0.031327 -0.08370351 -0.07180708 -0.031327 -0.082084 -0.07257074 -0.031327 -0.08326524 -0.07197868 -0.031327 -0.08265757 -0.07224082 -0.031327 0.01564055 0.09424036 -0.031327 0.011303 0.0945416 -0.031327 0.01559716 0.09462577 -0.031327 0.01564055 0.09501111 -0.031327 0.01101511 0.09498828 -0.031327 0.01576864 0.09537714 -0.031327 0.01066225 0.09538561 -0.031327 0.01597493 0.0957055 -0.031327 0.01025277 0.09572434 -0.031327 0.01624917 0.09597975 -0.031327 0.009796321 0.09599637 -0.031327 0.01657754 0.0961861 -0.031327 0.009303629 0.09619545 -0.031327 0.01694357 0.09631413 -0.031327 0.008786261 0.09631681 -0.031327 -0.07921838 0.0945416 -0.031327 -0.08355587 0.09424036 -0.031327 -0.08351248 0.09462577 -0.031327 -0.07893043 0.09498828 -0.031327 -0.08355587 0.09501111 -0.031327 -0.07857757 0.09538561 -0.031327 -0.08368396 0.09537714 -0.031327 -0.07816815 0.09572434 -0.031327 -0.08389031 0.0957055 -0.031327 -0.07771164 0.09599637 -0.031327 -0.0841645 0.09597975 -0.031327 -0.07721894 0.09619545 -0.031327 -0.08449286 0.0961861 -0.031327 -0.07670158 0.09631681 -0.031327 -0.08485889 0.09631413 -0.031327 0.1182141 0.09424036 -0.031327 0.1138767 0.0945416 -0.031327 0.1181707 0.09462577 -0.031327 0.1182141 0.09501111 -0.031327 0.1135888 0.09498828 -0.031327 0.1183423 0.09537714 -0.031327 0.1132359 0.09538561 -0.031327 0.1185486 0.0957055 -0.031327 0.1128264 0.09572434 -0.031327 0.1188228 0.09597975 -0.031327 0.11237 0.09599637 -0.031327 0.1191512 0.0961861 -0.031327 0.1118772 0.09619545 -0.031327 0.1195172 0.09631413 -0.031327 0.1113598 0.09631681 -0.031327 0.02335488 0.0945416 -0.031327 0.01901733 0.09424036 -0.031327 0.01906079 0.09462577 -0.031327 0.02364277 0.09498828 -0.031327 0.01901733 0.09501111 -0.031327 0.02399563 0.09538561 -0.031327 0.01888924 0.09537714 -0.031327 0.02440512 0.09572434 -0.031327 0.01868295 0.0957055 -0.031327 0.02486157 0.09599637 -0.031327 0.01840871 0.09597975 -0.031327 0.02535432 0.09619545 -0.031327 0.01808035 0.0961861 -0.031327 0.02587169 0.09631681 -0.031327 0.01771432 0.09631413 -0.031327 -0.07670158 -0.07909262 -0.031327 -0.08485889 -0.07908999 -0.031327 -0.07721894 -0.07897126 -0.031327 -0.08449286 -0.0789619 -0.031327 -0.07771164 -0.07877224 -0.031327 -0.0841645 -0.07875555 -0.031327 -0.07816815 -0.07850015 -0.031327 -0.08389031 -0.07848131 -0.031327 -0.07857757 -0.07816141 -0.031327 -0.08368396 -0.07815301 -0.031327 -0.07893043 -0.07776409 -0.031327 -0.08355587 -0.07778692 -0.031327 -0.07921838 -0.07731741 -0.031327 -0.08351248 -0.07740157 -0.031327 -0.07943457 -0.07683199 -0.031327 -0.08355587 -0.07701623 -0.031327 -0.08368396 -0.07665014 -0.031327 -0.07957392 -0.07631921 -0.031327 -0.08389031 -0.07632184 -0.031327 -0.0841645 -0.07604759 -0.031327 0.01694357 -0.07908999 -0.031327 0.008786261 -0.07909262 -0.031327 0.01657754 -0.0789619 -0.031327 0.009303629 -0.07897126 -0.031327 0.01624917 -0.07875555 -0.031327 0.009796321 -0.07877224 -0.031327 0.01597493 -0.07848131 -0.031327 0.01025277 -0.07850015 -0.031327 0.01576864 -0.07815301 -0.031327 0.01066225 -0.07816141 -0.031327 0.01564055 -0.07778692 -0.031327 0.01101511 -0.07776409 -0.031327 0.01559716 -0.07740157 -0.031327 0.011303 -0.07731741 -0.031327 0.01564055 -0.07701623 -0.031327 0.01151925 -0.07683199 -0.031327 0.01576864 -0.07665014 -0.031327 0.02587169 -0.07909262 -0.031327 0.01771432 -0.07908999 -0.031327 0.02535432 -0.07897126 -0.031327 0.01808035 -0.0789619 -0.031327 0.02486157 -0.07877224 -0.031327 0.01840871 -0.07875555 -0.031327 0.02440512 -0.07850015 -0.031327 0.01868295 -0.07848131 -0.031327 0.02399563 -0.07816141 -0.031327 0.01888924 -0.07815301 -0.031327 0.02364277 -0.07776409 -0.031327 0.01901733 -0.07778692 -0.031327 0.02335488 -0.07731741 -0.031327 0.01906079 -0.07740157 -0.031327 0.0231387 -0.07683199 -0.031327 0.01901733 -0.07701623 -0.031327 0.01888924 -0.07665014 -0.031327 0.1195172 -0.07908999 -0.031327 0.1113598 -0.07909262 -0.031327 0.1191512 -0.0789619 -0.031327 0.1118772 -0.07897126 -0.031327 0.1188228 -0.07875555 -0.031327 0.11237 -0.07877224 -0.031327 0.1185486 -0.07848131 -0.031327 0.1128264 -0.07850015 -0.031327 0.1183423 -0.07815301 -0.031327 0.1132359 -0.07816141 -0.031327 0.1182141 -0.07778692 -0.031327 0.1135888 -0.07776409 -0.031327 0.1181707 -0.07740157 -0.031327 0.1138767 -0.07731741 -0.031327 0.1182141 -0.07701623 -0.031327 0.1140928 -0.07683199 -0.031327 0.1183423 -0.07665014 -0.031327 0.1185486 -0.07632184 -0.031327 0.1142323 -0.07631921 -0.031327 0.1188228 -0.07604759 -0.031327 0.1191269 -0.07144439 -0.031327 0.1152979 -0.07392001 -0.031327 0.1187456 -0.07163614 -0.031327 0.1157266 -0.07341587 -0.031327 0.1183618 -0.07180708 -0.031327 0.1162102 -0.07296419 -0.031327 0.1179235 -0.07197868 -0.031327 0.1167423 -0.07257074 -0.031327 0.1173159 -0.07224082 -0.031327 0.1214331 -0.06918632 -0.031327 0.008786261 0.09631681 -0.02670884 0.01771432 0.09293735 -0.02670884 0.01732897 0.09289389 -0.02670884 0.02587169 0.09631681 -0.02670884 0.01694357 0.09293735 -0.02670884 0.01657754 0.09306544 -0.02670884 0.01624917 0.09327179 -0.02670884 0.01597493 0.09354597 -0.02670884 0.01576864 0.09387433 -0.02670884 0.01151925 0.09405618 -0.02670884 0.0231387 0.09405618 -0.02670884 0.01888924 0.09387433 -0.02670884 0.01868295 0.09354597 -0.02670884 0.01840871 0.09327179 -0.02670884 0.01808035 0.09306544 -0.02670884 0.01559716 0.09462577 -0.02670884 0.011303 0.0945416 -0.02670884 0.01564055 0.09424036 -0.02670884 0.01597493 0.0957055 -0.02670884 0.01066225 0.09538561 -0.02670884 0.01576864 0.09537714 -0.02670884 0.01101511 0.09498828 -0.02670884 0.01564055 0.09501111 -0.02670884 0.01025277 0.09572434 -0.02670884 0.01624917 0.09597975 -0.02670884 0.009796321 0.09599637 -0.02670884 0.01657754 0.0961861 -0.02670884 0.009303629 0.09619545 -0.02670884 0.01694357 0.09631413 -0.02670884 0.01906079 0.09462577 -0.02670884 0.01901733 0.09424036 -0.02670884 0.02335488 0.0945416 -0.02670884 0.02440512 0.09572434 -0.02670884 0.01888924 0.09537714 -0.02670884 0.02399563 0.09538561 -0.02670884 0.01901733 0.09501111 -0.02670884 0.02364277 0.09498828 -0.02670884 0.01868295 0.0957055 -0.02670884 0.02486157 0.09599637 -0.02670884 0.01840871 0.09597975 -0.02670884 0.02535432 0.09619545 -0.02670884 0.01808035 0.0961861 -0.02670884 0.01771432 0.09631413 -0.02670884 0.02299928 -0.07631921 -0.02670884 0.02281892 -0.07561707 -0.02670884 0.02255201 -0.07494312 -0.02670884 0.02220278 -0.07430797 -0.02670884 0.02177661 -0.07372152 -0.02670884 0.0212804 -0.07319319 -0.02670884 0.02072185 -0.07273113 -0.02670884 0.02010977 -0.07234275 -0.02670884 0.01945388 -0.07203418 -0.02670884 0.01876443 -0.07181018 -0.02670884 0.01805239 -0.07167434 -0.02670884 0.01732897 -0.07162886 -0.02670884 0.01660549 -0.07167434 -0.02670884 0.01589345 -0.07181018 -0.02670884 0.01520407 -0.07203418 -0.02670884 0.01454812 -0.07234275 -0.02670884 0.0139361 -0.07273113 -0.02670884 0.01337754 -0.07319319 -0.02670884 0.01288127 -0.07372152 -0.02670884 0.01245516 -0.07430797 -0.02670884 0.01210588 -0.07494312 -0.02670884 0.01183897 -0.07561707 -0.02670884 0.0116586 -0.07631921 -0.02670884 0.008786261 -0.07909262 -0.02670884 0.01771432 -0.07908999 -0.02670884 0.02587169 -0.07909262 -0.02670884 0.02535432 -0.07897126 -0.02670884 0.01808035 -0.0789619 -0.02670884 0.01732897 -0.07566976 -0.02670884 0.01771432 -0.07571315 -0.02670884 0.01808035 -0.07584124 -0.02670884 0.01840871 -0.07604759 -0.02670884 0.01868295 -0.07632184 -0.02670884 0.01597493 -0.07632184 -0.02670884 0.01624917 -0.07604759 -0.02670884 0.01657754 -0.07584124 -0.02670884 0.01694357 -0.07571315 -0.02670884 0.01888924 -0.07665014 -0.02670884 0.01901733 -0.07701623 -0.02670884 0.0231387 -0.07683199 -0.02670884 0.01906079 -0.07740157 -0.02670884 0.02335488 -0.07731741 -0.02670884 0.01901733 -0.07778692 -0.02670884 0.02364277 -0.07776409 -0.02670884 0.01888924 -0.07815301 -0.02670884 0.02399563 -0.07816141 -0.02670884 0.01868295 -0.07848131 -0.02670884 0.02440512 -0.07850015 -0.02670884 0.01840871 -0.07875555 -0.02670884 0.02486157 -0.07877224 -0.02670884 0.01576864 -0.07665014 -0.02670884 0.01151925 -0.07683199 -0.02670884 0.01564055 -0.07701623 -0.02670884 0.011303 -0.07731741 -0.02670884 0.01559716 -0.07740157 -0.02670884 0.01101511 -0.07776409 -0.02670884 0.01564055 -0.07778692 -0.02670884 0.01066225 -0.07816141 -0.02670884 0.01576864 -0.07815301 -0.02670884 0.01025277 -0.07850015 -0.02670884 0.01597493 -0.07848131 -0.02670884 0.009796321 -0.07877224 -0.02670884 0.01624917 -0.07875555 -0.02670884 0.009303629 -0.07897126 -0.02670884 0.01657754 -0.0789619 -0.02670884 0.01694357 -0.07908999 -0.02670884 -0.08030492 -0.07441383 -0.02670884 -0.08069258 -0.07385098 -0.02670884 -0.08114415 -0.07333791 -0.02670884 -0.08165311 -0.07288181 -0.02670884 -0.08221244 -0.07248908 -0.02670884 -0.08281427 -0.07216519 -0.02670884 -0.08345019 -0.07191473 -0.02670884 -0.08382439 -0.07180619 -0.03043228 -0.08411121 -0.07174116 -0.02670884 -0.08438968 -0.07169246 -0.02952778 -0.08478814 -0.07164686 -0.02670884 -0.08495861 -0.0716359 -0.02861762 -0.08547145 -0.07163333 -0.02670884 -0.08552873 -0.07163584 -0.02770543 -0.08615159 -0.07170057 -0.02670884 -0.07957392 -0.07631921 -0.02670884 -0.07974159 -0.07565659 -0.02670884 -0.07998639 -0.07501852 -0.02670884 -0.09149378 0.08620744 -0.02680933 -0.08756214 -0.06816613 -0.03074097 -0.09067142 0.0858826 -0.02763175 -0.08983725 0.08564162 -0.02846586 -0.08899521 0.08548158 -0.0293079 -0.08814853 0.08540058 -0.03015458 -0.1047145 -0.07797884 -0.0135886 -0.09159427 -0.07797884 -0.02670884 -0.09159427 -0.06902939 -0.02670884 -0.09159427 0.08625352 -0.02670884 -0.09159427 0.09520304 -0.02670884 -0.1047145 0.09520304 -0.0135886 -0.09149378 -0.06898325 -0.02680933 -0.09067142 -0.06865841 -0.02763175 -0.08983725 -0.06841742 -0.02846586 -0.08899521 -0.06825739 -0.0293079 -0.08814853 -0.06817638 -0.03015458 -0.08756214 0.08539032 -0.03074097 -0.1046051 -0.07855612 -0.01347923 -0.09147346 -0.07841473 -0.02670884 -0.1046866 -0.07827764 -0.01356083 -0.1044754 -0.07879525 -0.01334953 -0.09110105 -0.07880568 -0.02670884 -0.09123641 -0.07870018 -0.02670884 -0.09155476 -0.07823133 -0.02670884 -0.09135699 -0.07857823 -0.02670884 -0.09009575 -0.07912945 -0.02670884 -0.09045469 -0.07907944 -0.02670884 -0.1041094 -0.07909405 -0.01298356 -0.09079998 -0.07896953 -0.02670884 -0.1043063 -0.07897871 -0.01318043 -0.08524429 -0.07566976 -0.02670884 -0.09028625 -0.07120692 -0.02670884 -0.09052002 -0.07105833 -0.02670884 -0.08998888 -0.07135987 -0.02670884 -0.08485889 -0.07908999 -0.02670884 -0.07670158 -0.07909262 -0.02670884 -0.07721894 -0.07897126 -0.02670884 -0.08449286 -0.0789619 -0.02670884 -0.08485889 -0.07571315 -0.02670884 -0.08449286 -0.07584124 -0.02670884 -0.0841645 -0.07604759 -0.02670884 -0.08389031 -0.07632184 -0.02670884 -0.08897191 -0.07168203 -0.02670884 -0.08932977 -0.0715968 -0.02670884 -0.08860236 -0.07174515 -0.02670884 -0.08969104 -0.07148182 -0.02670884 -0.0907461 -0.07088285 -0.02670884 -0.08632403 -0.07604759 -0.02670884 -0.08599567 -0.07584124 -0.02670884 -0.08562964 -0.07571315 -0.02670884 -0.09105926 -0.07056248 -0.02670884 -0.08693265 -0.07701623 -0.02670884 -0.08680462 -0.07665014 -0.02670884 -0.08659827 -0.07632184 -0.02670884 -0.09119653 -0.07037699 -0.02670884 -0.08693265 -0.07778692 -0.02670884 -0.08697611 -0.07740157 -0.02670884 -0.08680462 -0.07815301 -0.02670884 -0.09131634 -0.0701766 -0.02670884 -0.09148579 -0.06976824 -0.02670884 -0.09156829 -0.0693987 -0.02670884 -0.08368396 -0.07665014 -0.02670884 -0.08355587 -0.07701623 -0.02670884 -0.07943457 -0.07683199 -0.02670884 -0.08351248 -0.07740157 -0.02670884 -0.07921838 -0.07731741 -0.02670884 -0.08355587 -0.07778692 -0.02670884 -0.07893043 -0.07776409 -0.02670884 -0.08368396 -0.07815301 -0.02670884 -0.07857757 -0.07816141 -0.02670884 -0.08389031 -0.07848131 -0.02670884 -0.07816815 -0.07850015 -0.02670884 -0.0841645 -0.07875555 -0.02670884 -0.07771164 -0.07877224 -0.02670884 -0.08562964 -0.07908999 -0.02670884 -0.08599567 -0.0789619 -0.02670884 -0.08632403 -0.07875555 -0.02670884 -0.08659827 -0.07848131 -0.02670884 -0.08823722 -0.07178628 -0.02670884 -0.08787602 -0.07180851 -0.02670884 -0.08751821 -0.07181423 -0.02670884 -0.08717286 -0.07180523 -0.02670884 -0.08648985 -0.07174801 -0.02670884 -0.08683019 -0.071783 -0.02670884 -0.08387577 -0.07174122 -0.03125983 -0.08512055 -0.07114374 -0.03111791 -0.08598077 -0.07035565 -0.03131896 -0.08735293 -0.07179409 -0.02678728 -0.08894228 -0.07158017 -0.02689778 -0.08812516 -0.07146823 -0.02748173 -0.08774346 -0.0716716 -0.02714854 -0.09114837 -0.06999295 -0.02691978 -0.09134888 -0.0694943 -0.02689516 -0.09060114 -0.0709058 -0.02678459 -0.08481448 -0.07142251 -0.03075575 -0.08574533 -0.07077217 -0.03102117 -0.08714765 -0.0692231 -0.03092622 -0.08633637 -0.07093358 -0.03003019 -0.08660858 -0.07058095 -0.03031992 -0.08546042 -0.07112228 -0.03068387 -0.08602762 -0.07122135 -0.02970719 -0.08513361 -0.07139688 -0.03031593 -0.08568972 -0.07143735 -0.02935856 -0.08477354 -0.07158863 -0.02992719 -0.08533054 -0.07157665 -0.02899253 -0.08810335 -0.06872981 -0.03013676 -0.08892995 -0.06877881 -0.02931678 -0.08880972 -0.06928819 -0.02926915 -0.08799636 -0.069269 -0.03005635 -0.08863741 -0.06977379 -0.02916598 -0.0878303 -0.06978011 -0.02991551 -0.08841699 -0.07022458 -0.02900969 -0.08760935 -0.07024991 -0.02971774 -0.08815348 -0.07063001 -0.02880388 -0.08733934 -0.07066637 -0.02946823 -0.08785295 -0.07098084 -0.0285533 -0.08702707 -0.07101881 -0.02917343 -0.08752232 -0.07126897 -0.02826374 -0.08668071 -0.07129806 -0.02884078 -0.08716928 -0.07148778 -0.02794182 -0.08630907 -0.07149708 -0.02847898 -0.08680182 -0.0716322 -0.02759492 -0.08592176 -0.07161062 -0.02809727 -0.09039235 -0.06965398 -0.02769178 -0.08958989 -0.06947743 -0.02847135 -0.08974283 -0.06895411 -0.02849942 -0.09017783 -0.07012373 -0.02763724 -0.08938223 -0.06997442 -0.0283823 -0.08991932 -0.07056051 -0.02752751 -0.08912497 -0.07043278 -0.02823448 -0.08962267 -0.07095456 -0.02736508 -0.08882462 -0.07084101 -0.02803152 -0.08929455 -0.07129704 -0.02715361 -0.08848857 -0.07118904 -0.0277785 -0.08642852 -0.07169896 -0.02723109 -0.084495 -0.07146525 -0.03119432 -0.08417326 -0.07167464 -0.03081935 -0.08447331 -0.07162374 -0.03037405 -0.086838 -0.07017177 -0.03056955 -0.0872206 -0.06870603 -0.03102481 -0.09089708 -0.07046729 -0.02688264 -0.08701908 -0.06971555 -0.03077328 -0.09055811 -0.06916189 -0.02768993 -0.07907342 -0.08375155 -0.01508253 -0.078682 -0.08375155 -0.01579076 -0.09235388 -0.07913339 -0.01972955 -0.09221833 -0.07913339 -0.02052736 -0.0896824 -0.08375155 -0.01328003 -0.08902239 -0.08375155 -0.01281177 -0.09239923 -0.07913339 -0.01892167 -0.08134424 -0.07913339 -0.0250315 -0.0806843 -0.07913339 -0.02456325 -0.0896824 -0.07913339 -0.02456325 -0.08902239 -0.07913339 -0.0250315 -0.09082496 -0.08375155 -0.02342069 -0.09129321 -0.08375155 -0.02276074 -0.0896824 -0.07913339 -0.01328003 -0.09028577 -0.07913339 -0.01381921 -0.09235388 -0.08375155 -0.01972955 -0.09239923 -0.08375155 -0.01892167 -0.09168463 -0.08375155 -0.02205252 -0.07814836 -0.08375155 -0.02052736 -0.07837235 -0.08375155 -0.0213049 -0.078682 -0.07913339 -0.01579076 -0.07907342 -0.07913339 -0.01508253 -0.08756661 -0.08375155 -0.01211065 -0.08678901 -0.08375155 -0.01188665 -0.08437538 -0.08375155 -0.02609217 -0.08518332 -0.07913339 -0.02613753 -0.09199428 -0.07913339 -0.0213049 -0.09168463 -0.07913339 -0.02205252 -0.09199428 -0.08375155 -0.01653838 -0.09168463 -0.08375155 -0.01579076 -0.08008092 -0.07913339 -0.02402406 -0.07954174 -0.07913339 -0.02342069 -0.09082496 -0.07913339 -0.01442259 -0.07814836 -0.07913339 -0.01731598 -0.07837235 -0.07913339 -0.01653838 -0.07814836 -0.07913339 -0.02052736 -0.07801276 -0.07913339 -0.01972955 -0.08437538 -0.07913339 -0.01175111 -0.08518332 -0.07913339 -0.01170575 -0.08205246 -0.07913339 -0.01242035 -0.08280003 -0.07913339 -0.01211065 -0.08205246 -0.07913339 -0.02542293 -0.09129321 -0.07913339 -0.01508253 -0.08599126 -0.08375155 -0.01175111 -0.08518332 -0.08375155 -0.01170575 -0.08437538 -0.07913339 -0.02609217 -0.07954174 -0.07913339 -0.01442259 -0.08599126 -0.07913339 -0.01175111 -0.09129321 -0.08375155 -0.01508253 -0.09082496 -0.08375155 -0.01442259 -0.08205246 -0.08375155 -0.02542293 -0.08280003 -0.08375155 -0.02573263 -0.078682 -0.08375155 -0.02205252 -0.07907342 -0.08375155 -0.02276074 -0.07837235 -0.07913339 -0.0213049 -0.08357763 -0.07913339 -0.01188665 -0.08280003 -0.07913339 -0.02573263 -0.08357763 -0.08375155 -0.02595663 -0.078682 -0.07913339 -0.02205252 -0.08134424 -0.08375155 -0.01281177 -0.0806843 -0.08375155 -0.01328003 -0.08008092 -0.07913339 -0.01381921 -0.08357763 -0.07913339 -0.02595663 -0.09221833 -0.07913339 -0.01731598 -0.09235388 -0.07913339 -0.01811373 -0.08008092 -0.08375155 -0.01381921 -0.07954174 -0.08375155 -0.01442259 -0.0806843 -0.07913339 -0.01328003 -0.08831417 -0.07913339 -0.01242035 -0.08902239 -0.07913339 -0.01281177 -0.08437538 -0.08375155 -0.01175111 -0.08008092 -0.08375155 -0.02402406 -0.0806843 -0.08375155 -0.02456325 -0.09199428 -0.08375155 -0.0213049 0.1208099 -0.07170057 -0.02670884 0.120187 -0.07163584 -0.02770543 0.1201297 -0.07163333 -0.02670884 0.1196169 -0.0716359 -0.02861762 0.1194465 -0.07164686 -0.02670884 0.119048 -0.07169246 -0.02952784 0.1187695 -0.07174116 -0.02670884 0.1184827 -0.07180619 -0.03043228 0.1181085 -0.07191473 -0.02670884 0.1168708 -0.07248908 -0.02670884 0.1174726 -0.07216519 -0.02670884 0.1163114 -0.07288181 -0.02670884 0.1158024 -0.07333791 -0.02670884 0.1153509 -0.07385098 -0.02670884 0.1149632 -0.07441383 -0.02670884 0.1142323 -0.07631921 -0.02670884 0.1143999 -0.07565659 -0.02670884 0.1146447 -0.07501852 -0.02670884 0.1214885 -0.071783 -0.02670884 0.1211482 -0.07174801 -0.02670884 0.1249446 -0.07120692 -0.02670884 0.1199026 -0.07566976 -0.02670884 0.1251783 -0.07105833 -0.02670884 0.1246472 -0.07135987 -0.02670884 0.1113598 -0.07909262 -0.02670884 0.1236302 -0.07168203 -0.02670884 0.1232607 -0.07174515 -0.02670884 0.123988 -0.0715968 -0.02670884 0.1243493 -0.07148182 -0.02670884 0.1254044 -0.07088285 -0.02670884 0.120288 -0.07571315 -0.02670884 0.120654 -0.07584124 -0.02670884 0.1209824 -0.07604759 -0.02670884 0.1257175 -0.07056248 -0.02670884 0.1212566 -0.07632184 -0.02670884 0.1214629 -0.07665014 -0.02670884 0.121591 -0.07701623 -0.02670884 0.1258549 -0.07037699 -0.02670884 0.1216344 -0.07740157 -0.02670884 0.121591 -0.07778692 -0.02670884 0.1262526 -0.07797884 -0.02670884 0.1262526 -0.06902939 -0.02670884 0.1262266 -0.0693987 -0.02670884 0.1261441 -0.06976824 -0.02670884 0.1259746 -0.0701766 -0.02670884 0.1214629 -0.07815301 -0.02670884 0.126213 -0.07823133 -0.02670884 0.1185486 -0.07632184 -0.02670884 0.1188228 -0.07604759 -0.02670884 0.1191512 -0.07584124 -0.02670884 0.1195172 -0.07571315 -0.02670884 0.1221765 -0.07181423 -0.02670884 0.1218312 -0.07180523 -0.02670884 0.1247541 -0.07912945 -0.02670884 0.125113 -0.07907944 -0.02670884 0.120288 -0.07908999 -0.02670884 0.1254583 -0.07896953 -0.02670884 0.120654 -0.0789619 -0.02670884 0.1257594 -0.07880568 -0.02670884 0.1209824 -0.07875555 -0.02670884 0.1258947 -0.07870018 -0.02670884 0.1212566 -0.07848131 -0.02670884 0.1260153 -0.07857823 -0.02670884 0.1261317 -0.07841473 -0.02670884 0.1225343 -0.07180851 -0.02670884 0.1228955 -0.07178628 -0.02670884 0.1183423 -0.07665014 -0.02670884 0.1140928 -0.07683199 -0.02670884 0.1182141 -0.07701623 -0.02670884 0.1138767 -0.07731741 -0.02670884 0.1181707 -0.07740157 -0.02670884 0.1135888 -0.07776409 -0.02670884 0.1182141 -0.07778692 -0.02670884 0.1132359 -0.07816141 -0.02670884 0.1183423 -0.07815301 -0.02670884 0.1128264 -0.07850015 -0.02670884 0.1185486 -0.07848131 -0.02670884 0.11237 -0.07877224 -0.02670884 0.1188228 -0.07875555 -0.02670884 0.1118772 -0.07897126 -0.02670884 0.1191512 -0.0789619 -0.02670884 0.1195172 -0.07908999 -0.02670884 0.126152 -0.06898325 -0.02680933 0.1222205 0.08539032 -0.03074097 0.1253297 -0.06865841 -0.02763175 0.1244956 -0.06841742 -0.02846586 0.1236535 -0.06825739 -0.0293079 0.1228068 -0.06817638 -0.03015458 0.139711 0.09520304 -0.01325047 0.1262526 0.09520304 -0.02670884 0.1262526 0.08625352 -0.02670884 0.139711 -0.07797884 -0.01325047 0.126152 0.08620744 -0.02680933 0.1253297 0.0858826 -0.02763175 0.1244956 0.08564162 -0.02846586 0.1236535 0.08548158 -0.0293079 0.1228068 0.08540058 -0.03015458 0.1222205 -0.06816613 -0.03074097 0.1388022 -0.07910692 -0.01287406 0.1390317 -0.07903099 -0.01296913 0.1392427 -0.07890731 -0.01305651 0.1395837 -0.07850569 -0.01319777 0.1394349 -0.07872802 -0.01313608 0.1396784 -0.07825106 -0.01323699 0.1210868 -0.07169896 -0.02723109 0.1191533 -0.07146525 -0.03119432 0.1206391 -0.07035565 -0.03131896 0.1218789 -0.06870603 -0.03102487 0.12058 -0.07161062 -0.02809727 0.1236006 -0.07158017 -0.02689778 0.1252594 -0.0709058 -0.02678459 0.1258066 -0.06999295 -0.02691978 0.1260071 -0.0694943 -0.02689516 0.1204037 -0.07077217 -0.03102117 0.120348 -0.07143735 -0.02935856 0.1197919 -0.07139688 -0.03031593 0.1194318 -0.07158863 -0.02992719 0.1206859 -0.07122135 -0.02970719 0.1201187 -0.07112228 -0.03068387 0.1209946 -0.07093358 -0.03003019 0.1212669 -0.07058095 -0.03031992 0.1214601 -0.0716322 -0.02759492 0.1209674 -0.07149708 -0.02847898 0.1218276 -0.07148778 -0.02794182 0.121339 -0.07129806 -0.02884078 0.1221807 -0.07126897 -0.02826374 0.1216854 -0.07101881 -0.02917343 0.1225113 -0.07098084 -0.0285533 0.1219976 -0.07066637 -0.02946823 0.1228118 -0.07063001 -0.02880388 0.1222677 -0.07024991 -0.02971774 0.1230753 -0.07022458 -0.02900969 0.1224886 -0.06978011 -0.02991551 0.1232957 -0.06977379 -0.02916598 0.1226546 -0.069269 -0.03005635 0.1234681 -0.06928819 -0.02926915 0.1227616 -0.06872981 -0.03013676 0.1235882 -0.06877881 -0.02931678 0.1224018 -0.0716716 -0.02714854 0.1231469 -0.07118904 -0.0277785 0.1239528 -0.07129704 -0.02715361 0.123483 -0.07084101 -0.02803152 0.1242809 -0.07095456 -0.02736508 0.1237833 -0.07043278 -0.02823448 0.1245776 -0.07056051 -0.02752751 0.1240405 -0.06997442 -0.0283823 0.1248361 -0.07012373 -0.02763724 0.1242482 -0.06947743 -0.02847135 0.1250506 -0.06965398 -0.02769178 0.1244011 -0.06895411 -0.02849942 0.1252164 -0.06916189 -0.02768993 0.1188315 -0.07167464 -0.03081935 0.1185341 -0.07174122 -0.03125983 0.1227835 -0.07146823 -0.02748173 0.1191316 -0.07162374 -0.03037405 0.1194728 -0.07142251 -0.03075575 0.1197789 -0.07114374 -0.03111791 0.1255554 -0.07046729 -0.02688264 0.1199889 -0.07157665 -0.02899253 0.1214963 -0.07017177 -0.03056955 0.1216773 -0.06971555 -0.03077328 0.1218059 -0.0692231 -0.03092622 0.1220113 -0.07179409 -0.02678728 0.1149632 0.09163796 -0.02670884 0.1153509 0.09107518 -0.02670884 0.1158024 0.0905621 -0.02670884 0.1163114 0.09010601 -0.02670884 0.1168708 0.08971327 -0.02670884 0.1174726 0.08938938 -0.02670884 0.1181085 0.08913886 -0.02670884 0.1184827 0.08903038 -0.03043228 0.1187695 0.08896529 -0.02670884 0.119048 0.08891665 -0.02952784 0.1194465 0.08887106 -0.02670884 0.1196169 0.08886009 -0.02861762 0.1201297 0.08885753 -0.02670884 0.120187 0.08886003 -0.02770543 0.1208099 0.08892476 -0.02670884 0.1142323 0.09354335 -0.02670884 0.1143999 0.09288078 -0.02670884 0.1146447 0.09224271 -0.02670884 0.1388291 0.09632492 -0.01288521 0.125113 0.09630364 -0.02670884 0.1390824 0.0962308 -0.01299011 0.1254583 0.09619373 -0.02670884 0.1257594 0.09602987 -0.02670884 0.1393098 0.09607785 -0.01308435 0.1258947 0.09592431 -0.02670884 0.1260153 0.09580242 -0.02670884 0.1394973 0.09587198 -0.01316201 0.1261317 0.09563893 -0.02670884 0.1396134 0.09566766 -0.01321005 0.126213 0.09545552 -0.02670884 0.1396861 0.09544122 -0.01324015 0.1247541 0.09635365 -0.02670884 0.1199026 0.09289389 -0.02670884 0.1195172 0.09293735 -0.02670884 0.1113598 0.09631681 -0.02670884 0.120654 0.09306544 -0.02670884 0.1209824 0.09597975 -0.02670884 0.1191512 0.09306544 -0.02670884 0.1188228 0.09327179 -0.02670884 0.1185486 0.09354597 -0.02670884 0.1183423 0.09387433 -0.02670884 0.1140928 0.09405618 -0.02670884 0.1214629 0.09537714 -0.02670884 0.121591 0.09501111 -0.02670884 0.1216344 0.09462577 -0.02670884 0.121591 0.09424036 -0.02670884 0.1214629 0.09387433 -0.02670884 0.1212566 0.09354597 -0.02670884 0.1209824 0.09327179 -0.02670884 0.1221765 0.08903837 -0.02670884 0.1225343 0.0890327 -0.02670884 0.1228955 0.08901047 -0.02670884 0.1232607 0.08896934 -0.02670884 0.1236302 0.08890622 -0.02670884 0.123988 0.08882099 -0.02670884 0.1243493 0.08870595 -0.02670884 0.1246472 0.088584 -0.02670884 0.1249446 0.08843106 -0.02670884 0.1251783 0.08828252 -0.02670884 0.1254044 0.08810698 -0.02670884 0.1257175 0.08778667 -0.02670884 0.1258549 0.08760118 -0.02670884 0.1259746 0.08740079 -0.02670884 0.1261441 0.08699244 -0.02670884 0.1262266 0.08662289 -0.02670884 0.120288 0.09293735 -0.02670884 0.1211482 0.08897221 -0.02670884 0.1214885 0.08900719 -0.02670884 0.1218312 0.08902943 -0.02670884 0.1181707 0.09462577 -0.02670884 0.1138767 0.0945416 -0.02670884 0.1182141 0.09424036 -0.02670884 0.1185486 0.0957055 -0.02670884 0.1132359 0.09538561 -0.02670884 0.1183423 0.09537714 -0.02670884 0.1135888 0.09498828 -0.02670884 0.1182141 0.09501111 -0.02670884 0.1128264 0.09572434 -0.02670884 0.1188228 0.09597975 -0.02670884 0.11237 0.09599637 -0.02670884 0.1191512 0.0961861 -0.02670884 0.1118772 0.09619545 -0.02670884 0.1195172 0.09631413 -0.02670884 0.1212566 0.0957055 -0.02670884 0.120288 0.09631413 -0.02670884 0.120654 0.0961861 -0.02670884 0.1185341 0.08896541 -0.03125983 0.1197789 0.08836787 -0.03111791 0.1206391 0.08757978 -0.03131896 0.1220113 0.08901828 -0.02678728 0.1236006 0.0888043 -0.02689778 0.1227835 0.08869236 -0.02748173 0.1224018 0.08889573 -0.02714854 0.1258066 0.08721715 -0.02691978 0.1260071 0.08671844 -0.02689516 0.1252594 0.08812999 -0.02678459 0.1194728 0.0886467 -0.03075575 0.1204036 0.0879963 -0.03102117 0.1218059 0.08644729 -0.03092622 0.1209946 0.08815777 -0.03003019 0.1212669 0.08780515 -0.03031992 0.1201187 0.08834648 -0.03068387 0.1206859 0.08844548 -0.02970725 0.1197919 0.08862107 -0.03031593 0.120348 0.08866155 -0.02935862 0.1194318 0.08881282 -0.02992719 0.1199888 0.08880084 -0.02899253 0.1227616 0.08595401 -0.03013676 0.1235882 0.08600294 -0.02931678 0.1234681 0.08651232 -0.02926915 0.1226546 0.08649319 -0.03005635 0.1232957 0.08699798 -0.02916598 0.1224886 0.08700424 -0.02991551 0.1230753 0.08744871 -0.02900969 0.1222677 0.08747404 -0.02971774 0.1228118 0.0878542 -0.02880388 0.1219976 0.08789056 -0.02946823 0.1225113 0.08820503 -0.0285533 0.1216854 0.08824294 -0.02917343 0.1221807 0.08849316 -0.02826374 0.121339 0.08852225 -0.02884078 0.1218276 0.08871197 -0.02794182 0.1209674 0.08872121 -0.02847898 0.1214601 0.08885639 -0.02759492 0.12058 0.08883482 -0.02809727 0.1250506 0.08687818 -0.02769178 0.1242482 0.08670163 -0.02847135 0.1244011 0.0861783 -0.02849942 0.1248361 0.08734792 -0.02763724 0.1240405 0.08719861 -0.0283823 0.1245776 0.0877847 -0.02752751 0.1237833 0.08765691 -0.02823448 0.1242809 0.08817875 -0.02736508 0.123483 0.0880652 -0.02803152 0.1239528 0.08852118 -0.02715361 0.1231469 0.08841323 -0.0277785 0.1210868 0.08892315 -0.02723109 0.1191533 0.08868944 -0.03119432 0.1188315 0.08889883 -0.03081941 0.1191316 0.08884787 -0.03037405 0.1214963 0.0873959 -0.03056961 0.1218789 0.08593022 -0.03102487 0.1255554 0.08769148 -0.02688264 0.1216773 0.08693969 -0.03077328 0.1252164 0.08638602 -0.02768993 -0.08615159 0.08892476 -0.02670884 -0.08552873 0.08886003 -0.02770543 -0.08547145 0.08885753 -0.02670884 -0.08495861 0.08886009 -0.02861762 -0.08478814 0.08887106 -0.02670884 -0.08438968 0.08891665 -0.02952778 -0.08411121 0.08896529 -0.02670884 -0.08382439 0.08903032 -0.03043228 -0.08345019 0.08913886 -0.02670884 -0.08221244 0.08971327 -0.02670884 -0.08281427 0.08938938 -0.02670884 -0.08165311 0.09010601 -0.02670884 -0.08114415 0.0905621 -0.02670884 -0.08069258 0.09107518 -0.02670884 -0.08030492 0.09163796 -0.02670884 -0.07957392 0.09354335 -0.02670884 -0.07974159 0.09288078 -0.02670884 -0.07998639 0.09224271 -0.02670884 -0.09009575 0.09635365 -0.02670884 -0.08562964 0.09631413 -0.02670884 -0.08599567 0.09306544 -0.02670884 -0.08524429 0.09289389 -0.02670884 -0.08632403 0.09597975 -0.02670884 -0.09110105 0.09602987 -0.02670884 -0.09123641 0.09592431 -0.02670884 -0.08485889 0.09293735 -0.02670884 -0.07670158 0.09631681 -0.02670884 -0.07943457 0.09405618 -0.02670884 -0.08368396 0.09387433 -0.02670884 -0.08389031 0.09354597 -0.02670884 -0.0841645 0.09327179 -0.02670884 -0.08449286 0.09306544 -0.02670884 -0.08751821 0.08903837 -0.02670884 -0.08717286 0.08902943 -0.02670884 -0.08683019 0.08900719 -0.02670884 -0.08648985 0.08897221 -0.02670884 -0.09156829 0.08662289 -0.02670884 -0.09148579 0.08699244 -0.02670884 -0.09131634 0.08740079 -0.02670884 -0.09119653 0.08760118 -0.02670884 -0.09105926 0.08778667 -0.02670884 -0.0907461 0.08810698 -0.02670884 -0.09052002 0.08828252 -0.02670884 -0.09028625 0.08843106 -0.02670884 -0.08998888 0.088584 -0.02670884 -0.08969104 0.08870595 -0.02670884 -0.08932977 0.08882099 -0.02670884 -0.08897191 0.08890622 -0.02670884 -0.08860236 0.08896934 -0.02670884 -0.08823722 0.08901047 -0.02670884 -0.08787602 0.0890327 -0.02670884 -0.08632403 0.09327179 -0.02670884 -0.08659827 0.09354597 -0.02670884 -0.08680462 0.09387433 -0.02670884 -0.08693265 0.09424036 -0.02670884 -0.08697611 0.09462577 -0.02670884 -0.08693265 0.09501111 -0.02670884 -0.08680462 0.09537714 -0.02670884 -0.09155476 0.09545552 -0.02670884 -0.08562964 0.09293735 -0.02670884 -0.09135699 0.09580242 -0.02670884 -0.09147346 0.09563893 -0.02670884 -0.08659827 0.0957055 -0.02670884 -0.09045469 0.09630364 -0.02670884 -0.09079998 0.09619373 -0.02670884 -0.08599567 0.0961861 -0.02670884 -0.08351248 0.09462577 -0.02670884 -0.08355587 0.09424036 -0.02670884 -0.07921838 0.0945416 -0.02670884 -0.07816815 0.09572434 -0.02670884 -0.08368396 0.09537714 -0.02670884 -0.07857757 0.09538561 -0.02670884 -0.08355587 0.09501111 -0.02670884 -0.07893043 0.09498828 -0.02670884 -0.08389031 0.0957055 -0.02670884 -0.07771164 0.09599637 -0.02670884 -0.0841645 0.09597975 -0.02670884 -0.07721894 0.09619545 -0.02670884 -0.08449286 0.0961861 -0.02670884 -0.08485889 0.09631413 -0.02670884 -0.09671771 0.1009758 0.006053268 -0.09746527 0.1009758 0.006362915 -0.09746527 0.09635758 -0.007259011 -0.09824287 0.09635758 -0.007483005 -0.09267801 0.1009758 -0.001255929 -0.09263265 0.1009758 -4.48036e-4 -0.0930376 0.09635758 -0.00283128 -0.09334725 0.09635758 -0.003578901 -0.09600949 0.1009758 -0.006557881 -0.09534949 0.1009758 -0.006089627 -0.09281355 0.1009758 0.001157641 -0.0930376 0.1009758 0.001935184 -0.09904062 0.09635758 -0.007618546 -0.09904062 0.1009758 -0.007618546 -0.09534949 0.09635758 -0.006089627 -0.09600949 0.09635758 -0.006557881 -0.09373867 0.09635758 0.003391027 -0.09334725 0.09635758 0.002682805 -0.09746527 0.09635758 0.006362915 -0.09671771 0.09635758 -0.006949305 -0.09373867 0.09635758 -0.004287123 -0.09420692 0.09635758 -0.004947066 -0.0930376 0.09635758 0.001935184 -0.09281355 0.09635758 0.001157641 -0.09420692 0.1009758 0.00405097 -0.09474611 0.1009758 0.004654347 -0.09263265 0.09635758 -4.48036e-4 -0.09267801 0.09635758 -0.001255929 -0.09534949 0.1009758 0.005193531 -0.0930376 0.1009758 -0.00283128 -0.09281355 0.1009758 -0.002053678 -0.09281355 0.09635758 -0.002053678 -0.09334725 0.1009758 -0.003578901 -0.09671771 0.09635758 0.006053268 -0.09267801 0.09635758 3.5989e-4 -0.09746527 0.1009758 -0.007259011 -0.09671771 0.1009758 -0.006949305 -0.09474611 0.09635758 -0.005550444 -0.09824287 0.1009758 -0.007483005 -0.09373867 0.1009758 0.003391027 -0.1046051 0.09578031 -0.01347923 -0.1046866 0.09550184 -0.01356083 -0.1041094 0.09631824 -0.01298356 -0.1044754 0.09601938 -0.01334953 -0.1043063 0.0962029 -0.01318043 -0.08642852 0.08892315 -0.02723109 -0.084495 0.08868944 -0.03119432 -0.08598077 0.08757984 -0.03131896 -0.0872206 0.08593022 -0.03102481 -0.08894228 0.0888043 -0.02689778 -0.09060114 0.08812999 -0.02678459 -0.09114837 0.08721715 -0.02691978 -0.09134888 0.08671844 -0.02689516 -0.08574533 0.0879963 -0.03102117 -0.08568972 0.08866155 -0.02935856 -0.08513361 0.08862107 -0.03031593 -0.08477354 0.08881282 -0.02992719 -0.08602762 0.08844548 -0.02970719 -0.08546042 0.08834648 -0.03068387 -0.08633637 0.08815777 -0.03003019 -0.08660858 0.08780515 -0.03031992 -0.08592176 0.08883482 -0.02809727 -0.08680182 0.08885639 -0.02759492 -0.08630907 0.08872121 -0.02847898 -0.08716928 0.08871197 -0.02794182 -0.08668071 0.08852225 -0.02884078 -0.08752232 0.08849316 -0.02826374 -0.08702707 0.08824294 -0.02917343 -0.08785295 0.08820503 -0.0285533 -0.08733934 0.08789056 -0.02946823 -0.08815348 0.0878542 -0.02880388 -0.08760935 0.08747404 -0.02971774 -0.08841699 0.08744871 -0.02900969 -0.0878303 0.08700424 -0.02991551 -0.08863741 0.08699798 -0.02916598 -0.08799636 0.08649319 -0.03005635 -0.08880972 0.08651232 -0.02926915 -0.08810335 0.08595401 -0.03013676 -0.08892995 0.08600294 -0.02931678 -0.08774346 0.08889573 -0.02714854 -0.08848857 0.08841323 -0.0277785 -0.08929455 0.08852118 -0.02715361 -0.08882462 0.0880652 -0.02803152 -0.08962267 0.08817875 -0.02736508 -0.08912497 0.08765691 -0.02823448 -0.08991932 0.0877847 -0.02752751 -0.08938223 0.08719861 -0.0283823 -0.09017783 0.08734792 -0.02763724 -0.08958989 0.08670163 -0.02847135 -0.09039235 0.08687818 -0.02769178 -0.08974283 0.0861783 -0.02849942 -0.09055811 0.08638602 -0.02768993 -0.08417326 0.08889883 -0.03081935 -0.08387577 0.08896541 -0.03125983 -0.08812516 0.08869236 -0.02748173 -0.08447331 0.08884787 -0.03037405 -0.08481448 0.0886467 -0.03075575 -0.08512055 0.08836787 -0.03111791 -0.09089708 0.08769148 -0.02688264 -0.08533054 0.08880084 -0.02899253 -0.086838 0.0873959 -0.03056955 -0.08701908 0.08693969 -0.03077328 -0.08714765 0.08644729 -0.03092622 -0.08735293 0.08901828 -0.02678728 0.1443291 0.005385994 0.002960026 0.1443291 0.004799067 0.002563118 0.1443291 0.004927814 0.00116384 0.1443291 0.003406584 -0.004444539 0.1443291 0.006980597 -0.002391755 0.1443291 0.0042243 0.00208342 0.1443291 0.003679275 0.001525342 0.1443291 0.003412067 0.001203775 0.1443291 0.003160297 8.62683e-4 0.1443291 0.002948343 -0.006204068 0.1443291 0.002946257 5.34817e-4 0.1443291 0.002749085 1.91635e-4 0.1443291 0.002845346 -0.006104767 0.1443291 0.002748429 -0.005964994 0.1443291 0.002450942 -4.43058e-4 0.1443291 0.002649307 -0.005774319 0.1443291 0.002473533 -0.005314767 0.1443291 0.002220451 -0.001120448 0.1443291 0.002354562 -0.004914045 0.1443291 0.002178549 -0.004206299 0.1443291 0.002133786 -0.00147438 0.1443291 0.002061545 -0.003586232 0.1443291 0.002067804 -0.001838028 0.1443291 0.002010464 -0.002401053 0.1443291 0.002006947 -0.002984106 0.1443291 0.006723999 -0.003894686 0.1443291 0.006705641 -0.003894686 0.1443291 0.006302475 -0.005470931 0.1443291 0.01038968 -0.001237094 0.1443291 0.01000475 -0.002611696 0.1443291 0.01378041 -0.002153515 0.1443291 0.005019485 -0.004884421 0.1443291 0.005181133 -0.008570075 0.1443291 0.005812227 -0.008916378 0.1443291 0.006503045 -0.009198129 0.1443291 0.006302475 -0.005525946 0.1443291 0.007915377 -0.00594747 0.1443291 0.009564876 1.92494e-4 0.1443291 0.009070038 3.39119e-4 0.1443291 0.007438778 -0.005819201 0.1443291 0.007676959 -0.009486317 0.1443291 0.00811094 -0.009543478 0.1443291 0.008568704 -0.009579896 0.1443291 0.00905168 -0.009594857 0.1443291 0.00974816 -0.009521543 0.1443291 0.01101285 -0.00920993 0.1443291 0.01152324 -0.009005904 0.1443291 0.01200222 -0.008766293 0.1443291 0.01245075 -0.008493006 0.1443291 0.01246076 -0.007157146 0.1443291 0.004597902 -0.00816524 0.1443291 0.004863739 -0.004961967 0.1443291 0.004689157 -0.005041301 0.1443291 0.004544675 -0.005122542 0.1443291 0.003828108 -0.007450401 0.1443291 0.004483759 -0.00516957 0.1443291 0.004414618 -0.00525099 0.1443291 0.01275402 -0.006057441 0.1443291 0.01276767 -0.008267223 0.1443291 0.01306831 -0.008024513 0.1443291 0.0136221 -0.007491528 0.1443291 0.01411509 -0.006900846 0.1443291 0.009693205 -0.00372976 0.1443291 0.009326636 -0.005104362 0.1443291 0.009326636 -0.005122721 0.1443291 0.0145502 -0.006259083 0.1443291 0.01475107 -0.00592643 0.1443291 0.01484996 -0.00574553 0.1443291 0.0150125 -0.005360722 0.1443291 0.0150634 -0.005159378 0.1443291 0.01537501 -0.004041314 0.1443291 0.01409202 -0.001072108 0.1443291 0.01379877 -0.002153515 0.1443291 0.01409202 -0.001017153 0.1443291 0.01410514 0.001234769 0.1443291 0.01364105 0.001780509 0.1443291 0.01312893 0.002266824 0.1443291 0.01257628 0.002691328 0.1443291 0.0119906 0.003051519 0.1443291 0.01137942 0.003344953 0.1443291 0.01102471 0.003475546 0.1443291 0.01065963 0.003579854 0.1443291 0.009889602 0.003738105 0.1443291 0.00905168 0.003876447 0.1443291 0.01533001 -0.001492798 0.1443291 0.01524204 -0.001107394 0.1443291 0.01513355 -7.34135e-4 0.1443291 0.0148589 -2.50092e-5 0.1443291 0.01451355 6.32122e-4 0.1443291 0.007951974 6.32374e-4 0.1443291 0.008663058 0.003908395 0.1443291 0.008263468 0.003886699 0.1443291 0.007863163 0.003826439 0.1443291 0.007933676 6.32374e-4 0.1443291 0.006874501 -0.009312868 0.1443291 0.007265329 -0.009409189 0.1443291 0.00742048 -0.005819201 0.1443291 0.0154215 -0.002092778 0.1443291 0.01544719 -0.003368139 0.1443291 0.01546162 -0.002718269 0.1443291 0.007512092 -9.43867e-4 0.1443291 0.00753045 -9.43867e-4 0.1443291 0.007283806 0.00369668 0.1443291 0.006174147 0.001328825 0.1443291 0.006760656 0.003564894 0.1443291 0.01508671 -0.007130265 0.1443291 0.01856416 -0.006112456 0.1443291 0.01552164 -0.006442368 0.1443291 0.01569998 -0.00613451 0.1443291 0.001833379 -0.006223499 0.1443291 0.001756966 -0.01060289 0.1443291 0.002086877 -0.006698966 0.1443291 0.002581775 -0.007450401 0.1443291 -0.06015324 -0.001942098 0.1443291 -0.06578624 -0.001942098 0.1443291 -0.06574064 -0.00246334 0.1443291 0.001611411 -0.005710184 0.1443291 0.001056432 -0.003194391 0.1443291 -0.05569612 -0.005062997 0.1443291 -0.05617034 -0.00528413 0.1443291 -0.05526745 -0.004762887 0.1443291 -0.05489748 -0.004392921 0.1443291 -0.05459737 -0.003964304 0.1443291 -0.05437624 -0.00349003 0.1443291 -0.05424082 -0.002984642 0.1443291 0.01597982 -0.005434274 0.1443291 0.01593333 -0.005616724 0.1443291 0.01578783 -0.005968153 0.1443291 0.01461523 -0.007762014 0.1443291 0.01409989 -0.008336842 0.1443291 0.01353341 -0.008853852 0.1443291 0.01290845 -0.009312331 0.1443291 0.08296483 -0.00246334 0.1443291 0.07737743 -0.002984642 0.1443291 0.07724201 -0.00349003 0.1443291 0.07702088 -0.003964304 0.1443291 0.07672071 -0.004392921 0.1443291 0.07635074 -0.004762887 0.1443291 0.07592207 -0.005062997 0.1443291 0.07742303 -0.00246334 0.1443291 0.08301043 -0.001942098 0.1443291 0.07737743 -0.001942098 0.1443291 0.07141935 -0.00246334 0.1443291 0.07146495 -0.001942098 0.1443291 0.01885741 -0.004976093 0.1443291 0.0122177 -0.009711325 0.1443291 0.01145386 -0.01005017 0.1443291 0.01060962 -0.01032799 0.1443291 -0.06019884 -0.00246334 0.1443291 -0.06578624 -0.002984642 0.1443291 -0.06592166 -0.00349003 0.1443291 -0.06614285 -0.003964304 0.1443291 -0.06644296 -0.004392921 0.1443291 -0.06681293 -0.004762887 0.1443291 -0.06724154 -0.005062997 0.1443291 -0.05419516 -0.00246334 0.1443291 0.001061022 -0.002500891 0.1443291 0.001129329 -0.001822531 0.1443291 -0.05424082 -0.001942098 0.1443291 0.09751212 0.008801877 0.1443291 -0.08028793 0.008801877 0.1443291 0.006614029 0.007322192 0.1443291 0.08596664 5.38422e-4 0.1443291 0.08648788 4.92817e-4 0.1443291 0.08699333 3.57388e-4 0.1443291 0.08746755 1.36253e-4 0.1443291 0.08789616 -1.63872e-4 0.1443291 0.08826613 -5.33867e-4 0.1443291 0.0885663 -9.6249e-4 0.1443291 0.08878743 -0.00143671 0.1443291 0.08892285 -0.001942098 0.1443291 0.08896845 -0.00246334 0.1443291 0.08892285 -0.002984642 0.1443291 0.08878743 -0.00349003 0.1443291 0.0885663 -0.003964304 0.1443291 0.09751212 -0.01372867 0.1443291 0.08826613 -0.004392921 0.1443291 0.08789616 -0.004762887 0.1443291 0.08746755 -0.005062997 0.1443291 0.08699333 -0.00528413 0.1443291 0.08648788 -0.005419552 0.1443291 0.08596664 -0.005465209 0.1443291 0.009516716 -0.01052778 0.1443291 0.008962512 -0.01055788 0.1443291 0.002893388 -0.01089614 0.1443291 -0.08028793 -0.01372867 0.1443291 0.08314585 -0.00143671 0.1443291 0.07544785 3.57388e-4 0.1443291 0.07592207 1.36253e-4 0.1443291 0.07635074 -1.63872e-4 0.1443291 0.07672071 -5.33867e-4 0.1443291 0.07702088 -9.6249e-4 0.1443291 0.07724201 -0.00143671 0.1443291 0.07160043 -0.00143671 0.1443291 0.007695436 0.007028937 0.1443291 0.01271522 0.003733873 0.1443291 0.01320624 0.003396987 0.1443291 0.01366597 0.003027081 0.1443291 0.01409345 0.002628028 0.1443291 0.01439231 0.002312064 0.1443291 0.01467204 0.001983642 0.1443291 0.01517236 0.001295983 0.1443291 0.01559108 5.78419e-4 0.1443291 0.01592487 -1.55747e-4 0.1443291 0.01611393 -7.10945e-4 0.1443291 0.01628077 -0.001370251 0.1443291 0.001206159 -0.00138694 0.1443291 -0.05617034 3.57388e-4 0.1443291 -0.05569612 1.36253e-4 0.1443291 -0.05526745 -1.63872e-4 0.1443291 -0.05489748 -5.33867e-4 0.1443291 -0.05459737 -9.6249e-4 0.1443291 -0.05437624 -0.00143671 0.1443291 -0.06001782 -0.00143671 0.1443291 -0.06724154 1.36253e-4 0.1443291 -0.06681293 -1.63872e-4 0.1443291 -0.06644296 -5.33867e-4 0.1443291 -0.06614285 -9.6249e-4 0.1443291 -0.06592166 -0.00143671 0.1443291 -0.07174432 -0.00246334 0.1443291 -0.07169866 -0.001942098 0.1443291 -0.07156324 -0.00143671 0.1443291 -0.07134211 -9.6249e-4 0.1443291 -0.071042 -5.33867e-4 0.1443291 -0.07067203 -1.63872e-4 0.1443291 -0.07024335 1.36253e-4 0.1443291 -0.06976914 3.57388e-4 0.1443291 -0.06926375 4.92817e-4 0.1443291 -0.06874245 5.38422e-4 0.1443291 -0.06822121 4.92817e-4 0.1443291 -0.06771582 3.57388e-4 0.1443291 -0.05979669 -9.6249e-4 0.1443291 -0.05949652 -5.33867e-4 0.1443291 -0.05912655 -1.63872e-4 0.1443291 -0.05869793 1.36253e-4 0.1443291 -0.05822366 3.57388e-4 0.1443291 -0.05771827 4.92817e-4 0.1443291 -0.05719703 5.38422e-4 0.1443291 -0.05667579 4.92817e-4 0.1443291 0.001306354 -9.61026e-4 0.1443291 0.001432001 -5.3421e-4 0.1443291 0.001578748 -1.20182e-4 0.1443291 0.001923084 6.53748e-4 0.1443291 0.002328634 0.001362562 0.1443291 0.002781391 0.001996159 0.1443291 0.003267526 0.002544224 0.1443291 0.003773093 0.002996683 0.1443291 0.004235386 0.003332078 0.1443291 0.004713237 0.003633439 0.1443291 0.005042672 0.003824353 0.1443291 0.005734264 0.004206359 0.1443291 0.006559014 0.007322192 0.1443291 0.007053911 0.004627943 0.1443291 0.00780183 0.004768967 0.1443291 0.008526086 0.004837512 0.1443291 0.009225726 0.004837989 0.1443291 0.009899616 0.00477457 0.1443291 0.01054662 0.004651665 0.1443291 0.01093685 0.004546523 0.1443291 0.011316 0.004420876 0.1443291 0.01203954 0.004112124 0.1443291 0.07182151 -9.6249e-4 0.1443291 0.07212167 -5.33867e-4 0.1443291 0.07249164 -1.63872e-4 0.1443291 0.07292026 1.36253e-4 0.1443291 0.07339453 3.57388e-4 0.1443291 0.07389992 4.92817e-4 0.1443291 0.07442122 5.38422e-4 0.1443291 0.08446574 1.36253e-4 0.1443291 0.08493995 3.57388e-4 0.1443291 0.0854454 4.92817e-4 0.1443291 0.07494246 4.92817e-4 0.1443291 0.08336699 -9.6249e-4 0.1443291 0.08366715 -5.33867e-4 0.1443291 0.08403712 -1.63872e-4 0.1443291 0.001420974 -0.005168914 0.1443291 0.001262128 -0.004609525 0.1443291 0.00112152 -0.00389868 0.1443291 -0.05667579 -0.005419552 0.1443291 -0.05719703 -0.005465209 0.1443291 -0.05771827 -0.005419552 0.1443291 -0.05822366 -0.00528413 0.1443291 -0.05869793 -0.005062997 0.1443291 -0.05912655 -0.004762887 0.1443291 -0.05949652 -0.004392921 0.1443291 -0.05979669 -0.003964304 0.1443291 -0.06001782 -0.00349003 0.1443291 -0.06015324 -0.002984642 0.1443291 -0.06771582 -0.00528413 0.1443291 -0.06822121 -0.005419552 0.1443291 -0.06874245 -0.005465209 0.1443291 -0.06926375 -0.005419552 0.1443291 -0.06976914 -0.00528413 0.1443291 -0.07024335 -0.005062997 0.1443291 -0.07067203 -0.004762887 0.1443291 -0.071042 -0.004392921 0.1443291 -0.07134211 -0.003964304 0.1443291 -0.07156324 -0.00349003 0.1443291 -0.07169866 -0.002984642 0.1443291 0.008546948 -0.01055246 0.1443291 0.008133411 -0.01052451 0.1443291 0.007319509 -0.01040649 0.1443291 0.006535112 -0.01021438 0.1443291 0.005794405 -0.009958744 0.1443291 0.005111634 -0.00965023 0.1443291 0.004500985 -0.009299457 0.1443291 0.003976762 -0.008916974 0.1443291 0.003751516 -0.008717179 0.1443291 0.003553152 -0.00851345 0.1443291 0.003516554 -0.008531808 0.1443291 0.01006716 -0.01045221 0.1443291 0.07160043 -0.00349003 0.1443291 0.07146495 -0.002984642 0.1443291 0.0854454 -0.005419552 0.1443291 0.08493995 -0.00528413 0.1443291 0.08446574 -0.005062997 0.1443291 0.07442122 -0.005465209 0.1443291 0.07389992 -0.005419552 0.1443291 0.07339453 -0.00528413 0.1443291 0.07292026 -0.005062997 0.1443291 0.07249164 -0.004762887 0.1443291 0.07212167 -0.004392921 0.1443291 0.07182151 -0.003964304 0.1443291 0.07544785 -0.00528413 0.1443291 0.08314585 -0.00349003 0.1443291 0.08301043 -0.002984642 0.1443291 0.07494246 -0.005419552 0.1443291 0.08403712 -0.004762887 0.1443291 0.08366715 -0.004392921 0.1443291 0.08336699 -0.003964304 0.1443291 0.01640373 -0.002096176 0.1443291 0.01646095 -0.002851128 0.1443291 0.01645773 -0.003238618 0.1443291 0.01642841 -0.003618717 0.1443291 0.01637411 -0.003966033 0.1443291 0.01629143 -0.004297912 0.1440982 0.002948343 -0.006204068 0.1440982 0.003406584 -0.004444539 0.1440982 0.006980597 -0.002391755 0.1440982 0.004927814 0.00116384 0.1440982 0.005385994 0.002960026 0.1440982 0.002220451 -0.001120448 0.1440982 0.002133786 -0.00147438 0.1440982 0.002067804 -0.001838028 0.1440982 0.002010464 -0.002401053 0.1440982 0.002006947 -0.002984106 0.1440982 0.002061545 -0.003586232 0.1440982 0.002178549 -0.004206299 0.1440982 0.002450942 -4.43058e-4 0.1440982 0.002749085 1.91635e-4 0.1440982 0.002946257 5.34817e-4 0.1440982 0.003160297 8.62683e-4 0.1440982 0.003412067 0.001203775 0.1440982 0.003679275 0.001525342 0.1440982 0.0042243 0.00208342 0.1440982 0.004799067 0.002563118 0.1440982 0.002748429 -0.005964994 0.1440982 0.002845346 -0.006104767 0.1440982 0.002649307 -0.005774319 0.1440982 0.002473533 -0.005314767 0.1440982 0.002354562 -0.004914045 0.1440982 0.00905168 -0.009594857 0.1440982 0.00974816 -0.009521543 0.1440982 0.01101285 -0.00920993 0.1440982 0.01306831 -0.008024513 0.1440982 0.0136221 -0.007491528 0.1440982 0.01411509 -0.006900846 0.1440982 0.0145502 -0.006259083 0.1440982 0.01276767 -0.008267223 0.1440982 0.01245075 -0.008493006 0.1440982 0.01200222 -0.008766293 0.1440982 0.01152324 -0.009005904 0.1440982 0.0150125 -0.005360722 0.1440982 0.0150634 -0.005159378 0.1440982 0.01484996 -0.00574553 0.1440982 0.01475107 -0.00592643 0.1440982 0.009693205 -0.00372976 0.1440982 0.009326636 -0.005104362 0.1440982 0.009326636 -0.005122721 0.1440982 0.01275402 -0.006057441 0.1440982 0.01246076 -0.007157146 0.1440982 0.007915377 -0.00594747 0.1440982 0.009564876 1.92494e-4 0.1440982 0.01409202 -0.001017153 0.1440982 0.01409202 -0.001072108 0.1440982 0.01379877 -0.002153515 0.1440982 0.01378041 -0.002153515 0.1440982 0.01038968 -0.001237094 0.1440982 0.01000475 -0.002611696 0.1440982 0.01537501 -0.004041314 0.1440982 0.01451355 6.32122e-4 0.1440982 0.01410514 0.001234769 0.1440982 0.01364105 0.001780509 0.1440982 0.01312893 0.002266824 0.1440982 0.01257628 0.002691328 0.1440982 0.0119906 0.003051519 0.1440982 0.01137942 0.003344953 0.1440982 0.0148589 -2.50092e-5 0.1440982 0.01513355 -7.34135e-4 0.1440982 0.01524204 -0.001107394 0.1440982 0.01533001 -0.001492798 0.1440982 0.0154215 -0.002092778 0.1440982 0.01546162 -0.002718269 0.1440982 0.01544719 -0.003368139 0.1440982 0.009889602 0.003738105 0.1440982 0.00905168 0.003876447 0.1440982 0.01065963 0.003579854 0.1440982 0.01102471 0.003475546 0.1440982 0.007283806 0.00369668 0.1440982 0.006760656 0.003564894 0.1440982 0.007863163 0.003826439 0.1440982 0.008263468 0.003886699 0.1440982 0.008663058 0.003908395 0.1440982 0.006174147 0.001328825 0.1440982 0.007512092 -9.43867e-4 0.1440982 0.00753045 -9.43867e-4 0.1440982 0.007933676 6.32374e-4 0.1440982 0.007951974 6.32374e-4 0.1440982 0.009070038 3.39119e-4 0.1440982 0.007438778 -0.005819201 0.1440982 0.00742048 -0.005819201 0.1440982 0.006302475 -0.005525946 0.1440982 0.006302475 -0.005470931 0.1440982 0.006723999 -0.003894686 0.1440982 0.006705641 -0.003894686 0.1440982 0.005019485 -0.004884421 0.1440982 0.004483759 -0.00516957 0.1440982 0.004414618 -0.00525099 0.1440982 0.004544675 -0.005122542 0.1440982 0.004689157 -0.005041301 0.1440982 0.004863739 -0.004961967 0.1440982 0.003828108 -0.007450401 0.1440982 0.004597902 -0.00816524 0.1440982 0.007676959 -0.009486317 0.1440982 0.00811094 -0.009543478 0.1440982 0.008568704 -0.009579896 0.1440982 0.007265329 -0.009409189 0.1440982 0.006874501 -0.009312868 0.1440982 0.006503045 -0.009198129 0.1440982 0.005812227 -0.008916378 0.1440982 0.005181133 -0.008570075 0.1440982 0.002893388 -0.01089614 0.1440982 0.001756966 -0.01060289 0.1440982 0.002581775 -0.007450401 0.1440982 0.002086877 -0.006698966 0.1440982 0.001420974 -0.005168914 0.1440982 0.001262128 -0.004609525 0.1440982 0.001611411 -0.005710184 0.1440982 0.001833379 -0.006223499 0.1440982 0.001578748 -1.20182e-4 0.1440982 0.001923084 6.53748e-4 0.1440982 0.002328634 0.001362562 0.1440982 0.002781391 0.001996159 0.1440982 0.003267526 0.002544224 0.1440982 0.003773093 0.002996683 0.1440982 0.001432001 -5.3421e-4 0.1440982 0.001306354 -9.61026e-4 0.1440982 0.001206159 -0.00138694 0.1440982 0.001129329 -0.001822531 0.1440982 0.001061022 -0.002500891 0.1440982 0.001056432 -0.003194391 0.1440982 0.00112152 -0.00389868 0.1440982 0.005042672 0.003824353 0.1440982 0.005734264 0.004206359 0.1440982 0.004713237 0.003633439 0.1440982 0.004235386 0.003332078 0.1440982 0.006559014 0.007322192 0.1440982 0.006614029 0.007322192 0.1440982 0.007695436 0.007028937 0.1440982 0.007053911 0.004627943 0.1440982 0.01320624 0.003396987 0.1440982 0.01366597 0.003027081 0.1440982 0.01409345 0.002628028 0.1440982 0.01439231 0.002312064 0.1440982 0.01467204 0.001983642 0.1440982 0.01517236 0.001295983 0.1440982 0.01559108 5.78419e-4 0.1440982 0.01592487 -1.55747e-4 0.1440982 0.01271522 0.003733873 0.1440982 0.01203954 0.004112124 0.1440982 0.011316 0.004420876 0.1440982 0.01093685 0.004546523 0.1440982 0.01054662 0.004651665 0.1440982 0.009899616 0.00477457 0.1440982 0.009225726 0.004837989 0.1440982 0.008526086 0.004837512 0.1440982 0.00780183 0.004768967 0.1440982 0.01645773 -0.003238618 0.1440982 0.01642841 -0.003618717 0.1440982 0.01637411 -0.003966033 0.1440982 0.01629143 -0.004297912 0.1440982 0.01646095 -0.002851128 0.1440982 0.01640373 -0.002096176 0.1440982 0.01628077 -0.001370251 0.1440982 0.01611393 -7.10945e-4 0.1440982 0.01885741 -0.004976093 0.1440982 0.01856416 -0.006112456 0.1440982 0.01597982 -0.005434274 0.1440982 0.01569998 -0.00613451 0.1440982 0.01552164 -0.006442368 0.1440982 0.01578783 -0.005968153 0.1440982 0.01593333 -0.005616724 0.1440982 0.01290845 -0.009312331 0.1440982 0.0122177 -0.009711325 0.1440982 0.01145386 -0.01005017 0.1440982 0.01060962 -0.01032799 0.1440982 0.01353341 -0.008853852 0.1440982 0.01409989 -0.008336842 0.1440982 0.01461523 -0.007762014 0.1440982 0.01508671 -0.007130265 0.1440982 0.005794405 -0.009958744 0.1440982 0.005111634 -0.00965023 0.1440982 0.004500985 -0.009299457 0.1440982 0.003976762 -0.008916974 0.1440982 0.003751516 -0.008717179 0.1440982 0.003553152 -0.00851345 0.1440982 0.006535112 -0.01021438 0.1440982 0.007319509 -0.01040649 0.1440982 0.008133411 -0.01052451 0.1440982 0.008546948 -0.01055246 0.1440982 0.008962512 -0.01055788 0.1440982 0.009516716 -0.01052778 0.1440982 0.01006716 -0.01045221 0.1440982 0.003516554 -0.008531808 -0.1096708 -0.04448348 -0.006097435 -0.1096708 -0.04446744 -0.006685853 -0.1096708 -0.04447716 -0.006945013 -0.1096708 -0.04449307 -0.007060468 -0.1096708 -0.04448348 -0.003062248 -0.1096708 -0.04453629 -0.007205903 -0.1096708 -0.04485255 -0.007246673 -0.1096708 -0.04524278 -0.007259249 -0.1096708 -0.04549914 -0.007246196 -0.1096708 -0.04572129 -0.007211983 -0.1096708 -0.04588234 -0.007153153 -0.1096708 -0.04588234 -0.003062248 -0.1096708 -0.06131893 -0.004070043 -0.1096708 -0.06131422 -0.006759285 -0.1096708 -0.0613355 -0.007083177 -0.1096708 -0.06129527 -0.006035208 -0.1096708 -0.06129318 -0.005168616 -0.1096708 -0.06142771 -0.007205903 -0.1096708 -0.06272101 -0.007232308 -0.1096708 -0.06272101 -0.003062248 -0.1096708 -0.06218469 -0.003054499 -0.1096708 -0.06193727 -0.003069341 -0.1096708 -0.06174457 -0.003104269 -0.1096708 -0.06157934 -0.003167569 -0.1096708 -0.06147998 -0.003235876 -0.1096708 -0.06140136 -0.003326177 -0.1096708 -0.06139397 -0.003340601 -0.1096708 -0.06138014 -0.003387153 -0.1096708 -0.06134855 -0.007179498 -0.1096708 -0.06134486 -0.003652751 -0.1096708 -0.06633627 -0.008324861 -0.1096708 -0.07381826 -0.00834763 -0.1096708 -0.06678551 -0.00831443 -0.1096708 -0.05559492 -0.003062248 -0.1096708 -0.05556923 -0.005425751 -0.1096708 -0.05559492 -0.004593014 -0.1096708 -0.03411108 -0.003062248 -0.1096708 -0.03408539 -0.005425751 -0.1096708 -0.03411108 -0.004593014 -0.1096708 -0.03766435 0.002753198 -0.1096708 -0.03871995 0.001504719 -0.1096708 -0.03762131 0.002876102 -0.1096708 -0.0375365 0.003001272 -0.1096708 -0.028436 -0.008324861 -0.1096708 -0.03591799 -0.00834763 -0.1096708 -0.02888524 -0.00831443 -0.1096708 -0.06059098 -0.002738714 -0.1096708 -0.06036102 -0.002147614 -0.1096708 -0.06029284 -0.002032935 -0.1096708 -0.06041789 -0.002210497 -0.1096708 -0.05920648 0.001724064 -0.1096708 -0.05917781 0.001012384 -0.1096708 -0.06023216 -0.001816928 -0.1096708 -0.02695536 -0.006868898 -0.1096708 -0.02696645 -0.005978047 -0.1096708 0.00461626 -0.003065645 -0.1096708 -0.06021177 -0.00164628 -0.1096708 -0.0602051 -0.001266002 -0.1096708 -0.03873234 3.81622e-4 -0.1096708 -0.03772264 0.001724064 -0.1096708 -0.06130915 -6.76281e-4 -0.1096708 -0.06133282 -0.001571357 -0.1096708 -0.06132215 -3.17398e-4 -0.1096708 -0.06130796 -0.001424789 -0.1096708 -0.06129407 -0.001083135 -0.1096708 -0.05920195 0.002336144 -0.1096708 -0.05917841 0.002593874 -0.1096708 -0.03769457 0.002593874 -0.1096708 -0.03771811 0.002336144 -0.1096708 -0.06023114 -0.003921627 -0.1096708 -0.06021571 -0.00513339 -0.1096708 -0.06024008 -0.004223525 -0.1096708 -0.06022071 -0.003596365 -0.1096708 -0.06019061 -0.006326436 -0.1096708 -0.05915284 -0.007694721 -0.1096708 -0.05909079 -0.007910609 -0.1096708 -0.05918967 -0.007446885 -0.1096708 -0.04817122 -0.008371114 -0.1096708 -0.04787266 -0.00835675 -0.1096708 -0.0449236 -0.008369505 -0.1096708 0.007135748 -0.00622493 -0.1096708 0.007712841 -0.006402969 -0.1096708 0.006591618 -0.005962908 -0.1096708 0.006092607 -0.005622684 -0.1096708 0.005649864 -0.005211889 -0.1096708 0.005273282 -0.004739701 -0.1096708 0.004971325 -0.00421667 -0.1096708 0.004750669 -0.00365442 -0.1096708 -0.04123717 -0.00831443 -0.1096708 -0.04121077 0.002110719 -0.1096708 -0.03760695 -0.007910609 -0.1096708 -0.03751575 -0.008076906 -0.1096708 -0.03744971 -0.008131563 -0.1096708 -0.03734439 -0.008180141 -0.1096708 -0.0372048 -0.008222639 -0.1096708 -0.03694158 -0.008274912 -0.1096708 -0.03662842 -0.008313238 -0.1096708 -0.04443305 -0.008361637 -0.1096708 -0.04231923 -0.00831443 -0.1096708 -0.03875619 -4.75754e-4 -0.1096708 -0.03769397 0.001012384 -0.1096708 -0.03767412 4.47998e-4 -0.1096708 -0.03767412 -0.005464017 -0.1096708 -0.03983831 -4.75754e-4 -0.1096708 -0.04340136 0.003271996 -0.1096708 -0.04448348 0.003271996 -0.1096708 -0.04131686 0.003321886 -0.1096708 -0.041646 0.00329405 -0.1096708 -0.04176503 0.003271996 -0.1096708 -0.04191511 0.003213047 -0.1096708 -0.04205894 0.003118276 -0.1096708 -0.04218113 0.003001332 -0.1096708 -0.04226648 0.002876102 -0.1096708 -0.04229527 0.002795934 -0.1096708 -0.04233652 0.00254935 -0.1096708 -0.04235923 0.002211034 -0.1096708 -0.04236435 0.001369476 -0.1096708 -0.04233783 3.91167e-4 -0.1096708 -0.04231923 -3.17398e-4 -0.1096708 -0.04338485 -0.006039559 -0.1096708 -0.04340136 -0.005490362 -0.1096708 -0.06024008 0.003271996 -0.1096708 -0.05815428 0.003321528 -0.1096708 -0.05848407 0.003293871 -0.1096708 -0.0586037 0.003271996 -0.1096708 -0.05875355 0.003213465 -0.1096708 -0.05889779 0.003118455 -0.1096708 -0.05902034 0.003001272 -0.1096708 -0.05910515 0.002876102 -0.1096708 -0.05914813 0.002753198 -0.1096708 -0.06132215 0.003271996 -0.1096708 -0.06140136 -0.001742601 -0.1096708 -0.06148022 -0.001832783 -0.1096708 -0.06157928 -0.001900911 -0.1096708 -0.06174474 -0.001964211 -0.1096708 -0.06193751 -0.001998841 -0.1096708 -0.06218439 -0.002013266 -0.1096708 -0.06272101 -0.00200653 -0.1096708 -0.06272101 0.003271996 -0.1096708 -0.07201129 -0.003062248 -0.1096708 -0.07201129 -0.00200653 -0.1096708 -0.07092922 0.003271996 -0.1096708 -0.07198566 -0.005425751 -0.1096708 -0.07201129 -0.004593014 -0.1096708 -0.07309341 -0.004593014 -0.1096708 -0.07449221 -0.003062248 -0.1096708 -0.04762423 -0.008288025 -0.1096708 -0.04944533 -0.002455174 -0.1096708 -0.04698294 -0.00597763 -0.1096708 -0.04699391 -0.006869077 -0.1096708 -0.04695826 -0.007487654 -0.1096708 -0.04691702 -0.007748901 -0.1096708 -0.04686909 -0.007925212 -0.1096708 -0.04680633 -0.008063077 -0.1096708 -0.04672688 -0.008156061 -0.1096708 -0.0466569 -0.008192837 -0.1096708 -0.04640918 -0.008256971 -0.1096708 -0.04597836 -0.008315384 -0.1096708 -0.05200546 0.003271996 -0.1096708 -0.05200546 -0.008340835 -0.1096708 -0.05554986 -0.006500303 -0.1096708 -0.05559492 -0.00200653 -0.1096708 -0.05559492 -4.75754e-4 -0.1096708 -0.05557078 3.81416e-4 -0.1096708 -0.05555862 0.001504659 -0.1096708 -0.0555942 0.002278327 -0.1096708 -0.05563491 0.002604901 -0.1096708 -0.05568432 0.002833187 -0.1096708 -0.05574959 0.00300616 -0.1096708 -0.05583244 0.003113627 -0.1096708 -0.05590116 0.003149092 -0.1096708 -0.05615037 0.003212153 -0.1096708 -0.05658727 0.003271222 -0.1096708 -0.05711311 0.003310978 -0.1096708 -0.05765855 0.00332874 -0.1096708 -0.04851305 -0.008354663 -0.1096708 -0.05740183 -0.00834763 -0.1096708 -0.05668872 -0.008324742 -0.1096708 -0.05637216 -0.008291542 -0.1096708 -0.05610418 -0.00824368 -0.1096708 -0.05596065 -0.008203506 -0.1096708 -0.05585086 -0.008156716 -0.1096708 -0.05577963 -0.008103251 -0.1096708 -0.0557121 -0.007991611 -0.1096708 -0.0556584 -0.007830739 -0.1096708 -0.05561727 -0.007627725 -0.1096708 -0.05557858 -0.007293641 -0.1096708 -0.08028793 -0.01372867 -0.1096708 -0.08028793 0.008801877 -0.1096708 -0.07556921 -0.007694721 -0.1096708 -0.07550722 -0.007910609 -0.1096708 -0.07541596 -0.008076906 -0.1096708 -0.07534992 -0.008131563 -0.1096708 -0.07524466 -0.008180141 -0.1096708 -0.07510501 -0.008222639 -0.1096708 -0.07484179 -0.008274912 -0.1096708 -0.07452869 -0.008313238 -0.1096708 -0.06586605 -0.008329033 -0.1096708 -0.06299614 -0.008337557 -0.1096708 -0.06194776 -0.008351266 -0.1096708 -0.02796584 -0.008329033 -0.1096708 0.008310079 -0.006492972 -0.1096708 0.008913993 -0.006492972 -0.1096708 0.09751212 -0.01372867 -0.1096708 0.09751212 0.008801877 -0.1096708 0.008913993 0.001566171 -0.1096708 0.008310079 0.001566171 -0.1096708 -0.02698498 0.003271996 -0.1096708 -0.0280407 0.003271996 -0.1096708 -0.02946591 0.003271996 -0.1096708 -0.03054803 0.003271996 -0.1096708 -0.03194683 0.003271996 -0.1096708 -0.03302896 0.003271996 -0.1096708 -0.03562927 0.003310978 -0.1096708 -0.03617471 0.00332874 -0.1096708 -0.03667044 0.003321528 -0.1096708 -0.04082095 0.003328919 -0.1096708 -0.04588234 0.003271996 -0.1096708 -0.0469644 0.003271996 -0.1096708 -0.04762423 0.003271996 -0.1096708 -0.04875916 0.003271996 -0.1096708 -0.05092334 0.003271996 -0.1096708 -0.06380313 0.003271996 -0.1096708 -0.06488519 0.003271996 -0.1096708 -0.06594091 0.003271996 -0.1096708 -0.06736612 0.003271996 -0.1096708 -0.06844824 0.003271996 -0.1096708 -0.0698471 0.003271996 -0.1096708 -0.07352954 0.003310978 -0.1096708 -0.07407498 0.00332874 -0.1096708 -0.07457071 0.003321528 -0.1096708 -0.0749005 0.003293871 -0.1096708 -0.07502013 0.003271996 -0.1096708 -0.07516998 0.003213465 -0.1096708 -0.07531416 0.003118455 -0.1096708 -0.07543677 0.003001272 -0.1096708 -0.07552158 0.002876102 -0.1096708 -0.07556456 0.002753198 -0.1096708 -0.07559484 0.002593874 -0.1096708 -0.07561832 0.002336144 -0.1096708 -0.07562285 0.001724064 -0.1096708 -0.07559418 0.001012384 -0.1096708 -0.07557433 4.47998e-4 -0.1096708 -0.07557433 -0.005464017 -0.1096708 -0.07559913 -0.006120622 -0.1096708 -0.0756272 -0.006877958 -0.1096708 -0.07560604 -0.007446885 -0.1096708 -0.07201129 -4.75754e-4 -0.1096708 -0.07198715 3.81416e-4 -0.1096708 -0.07197505 0.001504659 -0.1096708 -0.07201063 0.002278327 -0.1096708 -0.07205128 0.002604901 -0.1096708 -0.07210075 0.002833187 -0.1096708 -0.07216596 0.00300616 -0.1096708 -0.07224881 0.003113627 -0.1096708 -0.07231754 0.003149092 -0.1096708 -0.0725668 0.003212153 -0.1096708 -0.0730037 0.003271222 -0.1096708 -0.06844824 -0.00414437 -0.1096708 -0.06847172 -0.007119834 -0.1096708 -0.06850105 -0.007205903 -0.1096708 -0.0698471 -0.007232308 -0.1096708 -0.06594091 -0.004593014 -0.1096708 -0.06597042 -0.006991684 -0.1096708 -0.06601631 -0.00716412 -0.1096708 -0.06604653 -0.007205903 -0.1096708 -0.06733977 -0.007179498 -0.1096708 -0.06083941 -0.002596676 -0.1096708 -0.06095266 -0.002507984 -0.1096708 -0.06089991 -0.002507984 -0.1096708 -0.06072378 -0.002409219 -0.1096708 -0.06055235 -0.002313077 -0.1096708 -0.05915796 4.47998e-4 -0.1096708 -0.05915796 -0.005464017 -0.1096708 -0.0591827 -0.006120622 -0.1096708 -0.06022983 -0.003320038 -0.1096708 -0.06024658 -0.003195524 -0.1096708 -0.06029284 -0.003035843 -0.1096708 -0.0603708 -0.002910256 -0.1096708 -0.06043678 -0.002844154 -0.1096708 -0.03769886 -0.006120622 -0.1096708 -0.03772693 -0.006877958 -0.1096708 -0.03770583 -0.007446885 -0.1096708 -0.037669 -0.007694721 -0.1096708 -0.03302896 -0.00831443 -0.1096708 -0.03406602 -0.006500303 -0.1096708 -0.03411108 -0.00200653 -0.1096708 -0.03411108 -4.75754e-4 -0.1096708 -0.03408694 3.81416e-4 -0.1096708 -0.03407478 0.001504659 -0.1096708 -0.03411042 0.002278327 -0.1096708 -0.03415107 0.002604901 -0.1096708 -0.03420048 0.002833187 -0.1096708 -0.03426575 0.00300616 -0.1096708 -0.0343486 0.003113627 -0.1096708 -0.03441733 0.003149092 -0.1096708 -0.03466653 0.003212153 -0.1096708 -0.03510344 0.003271222 -0.1096708 -0.03054803 -0.00414437 -0.1096708 -0.03057146 -0.007119834 -0.1096708 -0.03060078 -0.007205903 -0.1096708 -0.03194683 -0.007232308 -0.1096708 -0.0280407 -0.004593014 -0.1096708 -0.02807015 -0.006991684 -0.1096708 -0.0281161 -0.00716412 -0.1096708 -0.02814626 -0.007205903 -0.1096708 -0.0294395 -0.007179498 -0.1096708 0.007712841 0.001476168 -0.1096708 0.007135748 0.001298129 -0.1096708 0.006591618 0.001036107 -0.1096708 0.006092607 6.95912e-4 -0.1096708 0.005649864 2.85118e-4 -0.1096708 0.005273282 -1.87073e-4 -0.1096708 0.004971325 -7.10114e-4 -0.1096708 0.004750669 -0.00127232 -0.1096708 0.00461626 -0.001861095 -0.1096708 0.004571139 -0.00246334 -0.1096708 -0.02698498 -0.005252838 -0.1096708 -0.03711986 0.003271996 -0.1096708 -0.03726971 0.003213465 -0.1096708 -0.03884553 0.002833187 -0.1096708 -0.0389108 0.00300616 -0.1096708 -0.03899377 0.003113627 -0.1096708 -0.03906208 0.003148794 -0.1096708 -0.03931093 0.003211617 -0.1096708 -0.03700023 0.003293871 -0.1096708 -0.03974825 0.003270804 -0.1096708 -0.04027485 0.003310918 -0.1096708 -0.0602253 -8.22472e-4 -0.1096708 -0.06024008 -4.2297e-4 -0.1096708 0.01260781 -0.003065645 -0.1096708 0.01265299 -0.00246334 -0.1096708 0.01260781 -0.001861095 -0.1096708 0.01247346 -0.00127232 -0.1096708 0.0122528 -7.10114e-4 -0.1096708 0.01195079 -1.87073e-4 -0.1096708 0.01157426 2.85118e-4 -0.1096708 0.01113152 6.95912e-4 -0.1096708 0.01063251 0.001036107 -0.1096708 0.01008838 0.001298129 -0.1096708 0.009511232 0.001476168 -0.1096708 -0.07309341 -4.75754e-4 -0.1096708 -0.07449221 -0.00200653 -0.1096708 -0.07446587 0.002110719 -0.1096708 -0.07441306 0.002189874 -0.1096708 -0.07407581 0.002203047 -0.1096708 -0.07370245 0.002211809 -0.1096708 -0.07339 0.002194583 -0.1096708 -0.07325482 0.002171099 -0.1096708 -0.07309341 0.002110719 -0.1096708 -0.05667704 -4.75754e-4 -0.1096708 -0.05807584 -0.00200653 -0.1096708 -0.05804944 0.002110719 -0.1096708 -0.05799669 0.002189874 -0.1096708 -0.05765944 0.002203047 -0.1096708 -0.05728608 0.002211809 -0.1096708 -0.05697363 0.002194583 -0.1096708 -0.05683839 0.002171099 -0.1096708 -0.05667704 0.002110719 -0.1096708 -0.04115796 0.002189874 -0.1096708 -0.04082071 0.002203047 -0.1096708 -0.04044741 0.002211809 -0.1096708 -0.04013496 0.002194583 -0.1096708 -0.03999972 0.002171099 -0.1096708 -0.03983831 0.002110719 -0.1096708 -0.0351932 -4.75754e-4 -0.1096708 -0.036592 -0.00200653 -0.1096708 -0.0365656 0.002110719 -0.1096708 -0.03651285 0.002189874 -0.1096708 -0.03617554 0.002203047 -0.1096708 -0.03580224 0.002211809 -0.1096708 -0.03548979 0.002194583 -0.1096708 -0.03535455 0.002171099 -0.1096708 -0.0351932 0.002110719 -0.1096708 -0.0351932 -0.004593014 -0.1096708 -0.03521955 -0.007179498 -0.1096708 -0.03529876 -0.007205903 -0.1096708 -0.03547394 -0.007249474 -0.1096708 -0.03571069 -0.007268011 -0.1096708 -0.03623265 -0.007242381 -0.1096708 -0.03644973 -0.007204174 -0.1096708 -0.036592 -0.007153153 -0.1096708 -0.036592 -0.003062248 -0.1096708 -0.05667704 -0.004593014 -0.1096708 -0.05670338 -0.007179498 -0.1096708 -0.0567826 -0.007205903 -0.1096708 -0.05695778 -0.007249474 -0.1096708 -0.05719453 -0.007268011 -0.1096708 -0.05771648 -0.007242381 -0.1096708 -0.05793356 -0.007204174 -0.1096708 -0.05807584 -0.007153153 -0.1096708 -0.05807584 -0.003062248 -0.1096708 -0.07311981 -0.007179498 -0.1096708 -0.07319897 -0.007205903 -0.1096708 -0.07337415 -0.007249474 -0.1096708 -0.0736109 -0.007268011 -0.1096708 -0.07413291 -0.007242381 -0.1096708 -0.07434993 -0.007204174 -0.1096708 -0.07449221 -0.007153153 -0.1096708 -0.02758282 -0.008294641 -0.1096708 -0.02741861 -0.008254647 -0.1096708 -0.02731209 -0.008211731 -0.1096708 -0.02722251 -0.008156061 -0.1096708 -0.027143 -0.00806266 -0.1096708 -0.02708017 -0.007924437 -0.1096708 -0.02703225 -0.007748007 -0.1096708 -0.026991 -0.00748682 -0.1096708 -0.03520488 -0.008324742 -0.1096708 -0.03488832 -0.008291542 -0.1096708 -0.03462034 -0.00824368 -0.1096708 -0.03447681 -0.008203506 -0.1096708 -0.03436702 -0.008156716 -0.1096708 -0.03429579 -0.008103251 -0.1096708 -0.03422826 -0.007991611 -0.1096708 -0.03417456 -0.007830739 -0.1096708 -0.03413343 -0.007627725 -0.1096708 -0.03409475 -0.007293641 -0.1096708 -0.04410356 -0.008334994 -0.1096708 -0.04398202 -0.00831443 -0.1096708 -0.04379051 -0.008238613 -0.1096708 -0.04364132 -0.008110344 -0.1096708 -0.04353946 -0.007956206 -0.1096708 -0.0434643 -0.007770597 -0.1096708 -0.04340308 -0.007507026 -0.1096708 -0.04337018 -0.007212936 -0.1096708 -0.0433588 -0.006830215 -0.1096708 -0.04546093 -0.008353531 -0.1096708 -0.04774969 -0.008336782 -0.1096708 -0.04765665 -0.00830692 -0.1096708 -0.05899959 -0.008076906 -0.1096708 -0.06025278 -0.00756818 -0.1096708 -0.06021517 -0.007199645 -0.1096708 -0.05842542 -0.008274912 -0.1096708 -0.06052529 -0.00817573 -0.1096708 -0.0604248 -0.008103251 -0.1096708 -0.06035214 -0.007979869 -0.1096708 -0.05868864 -0.008222639 -0.1096708 -0.05811226 -0.008313238 -0.1096708 -0.06087875 -0.008277595 -0.1096708 -0.06067919 -0.008233308 -0.1096708 -0.06119424 -0.008317828 -0.1096708 -0.06380313 -0.00831443 -0.1096708 -0.06548309 -0.008294641 -0.1096708 -0.06531888 -0.008254647 -0.1096708 -0.06521236 -0.008211731 -0.1096708 -0.06512278 -0.008156061 -0.1096708 -0.06504327 -0.00806266 -0.1096708 -0.06498038 -0.007924437 -0.1096708 -0.06493246 -0.007748007 -0.1096708 -0.06489121 -0.00748682 -0.1096708 -0.06485563 -0.006868898 -0.1096708 -0.06486666 -0.005978047 -0.1096708 -0.07092922 -0.00831443 -0.1096708 -0.07310509 -0.008324742 -0.1096708 -0.07278853 -0.008291542 -0.1096708 -0.07252061 -0.00824368 -0.1096708 -0.07237702 -0.008203506 -0.1096708 -0.07226723 -0.008156716 -0.1096708 -0.07219606 -0.008103251 -0.1096708 -0.07212847 -0.007991611 -0.1096708 -0.07207483 -0.007830739 -0.1096708 -0.07203364 -0.007627725 -0.1096708 -0.07199501 -0.007293641 -0.1096708 -0.07196629 -0.006500303 -0.1096708 0.009511232 -0.006402969 -0.1096708 0.01008838 -0.00622493 -0.1096708 0.01063251 -0.005962908 -0.1096708 0.01113152 -0.005622684 -0.1096708 0.01157426 -0.005211889 -0.1096708 0.01195079 -0.004739701 -0.1096708 0.0122528 -0.00421667 -0.1096708 0.01247346 -0.00365442 -0.1096708 -0.06591999 -0.006014704 -0.1096708 -0.06594115 -0.006723999 -0.1096708 -0.06592977 -0.005173504 -0.1096708 -0.02801972 -0.006014704 -0.1096708 -0.02804088 -0.006723999 -0.1096708 -0.02802956 -0.005173504 -0.1096708 -0.06696701 -0.007253766 -0.1096708 -0.06718891 -0.007223188 -0.1096708 -0.06644564 -0.007267892 -0.1096708 -0.0662139 -0.007247388 -0.1096708 -0.06488519 -0.005252838 -0.1096708 -0.0469644 -0.005252838 -0.1096708 -0.02906674 -0.007253766 -0.1096708 -0.02928864 -0.007223188 -0.1096708 -0.02854543 -0.007267892 -0.1096708 -0.02831363 -0.007247388 -0.1096708 -0.05921077 -0.006877958 -0.1096708 -0.0684067 -0.006548643 -0.1096708 -0.0684297 -0.006873726 -0.1096708 -0.06840181 -0.005756199 -0.1096708 -0.06842923 -0.004835903 -0.1096708 -0.03050643 -0.006548643 -0.1096708 -0.03052949 -0.006873726 -0.1096708 -0.0305016 -0.005756199 -0.1096708 -0.03052896 -0.004835903 -0.1096708 -0.03875541 0.002278447 -0.1096708 -0.03879606 0.002604961 -0.1096708 -0.03741395 0.003118455 -0.1096708 -0.04448348 -0.00200653 -0.1096708 -0.04588234 -0.00200653 -0.1096708 -0.05092334 -0.00200653 -0.1096708 -0.05042189 -0.00200653 -0.1096708 -0.05092334 -0.00831443 -0.1096708 -0.04875916 -0.00831443 -0.1096708 -0.05092334 -0.003062248 -0.1096708 -0.05039548 -0.003088653 -0.1096708 -0.05882823 -0.008180141 -0.1096708 -0.0602954 -0.007798671 -0.1096708 -0.05893355 -0.008131563 -0.1094399 -0.03302896 -0.00831443 -0.1094399 -0.02888524 -0.00831443 -0.1094399 -0.02741861 -0.008254647 -0.1094399 -0.02731209 -0.008211731 -0.1094399 -0.02722251 -0.008156061 -0.1094399 -0.02758282 -0.008294641 -0.1094399 -0.02796584 -0.008329033 -0.1094399 -0.028436 -0.008324861 -0.1094399 -0.02695536 -0.006868898 -0.1094399 -0.02696645 -0.005978047 -0.1094399 -0.02698498 -0.005252838 -0.1094399 -0.026991 -0.00748682 -0.1094399 -0.02703225 -0.007748007 -0.1094399 -0.02708017 -0.007924437 -0.1094399 -0.027143 -0.00806266 -0.1094399 -0.02698498 0.003271996 -0.1094399 -0.0280407 0.003271996 -0.1094399 -0.0280407 -0.004593014 -0.1094399 -0.02807015 -0.006991684 -0.1094399 -0.0281161 -0.00716412 -0.1094399 -0.02814626 -0.007205903 -0.1094399 -0.02804088 -0.006723999 -0.1094399 -0.02801972 -0.006014704 -0.1094399 -0.02802956 -0.005173504 -0.1094399 -0.02928864 -0.007223188 -0.1094399 -0.0294395 -0.007179498 -0.1094399 -0.02906674 -0.007253766 -0.1094399 -0.02854543 -0.007267892 -0.1094399 -0.02831363 -0.007247388 -0.1094399 -0.02946591 0.003271996 -0.1094399 -0.03054803 0.003271996 -0.1094399 -0.03054803 -0.00414437 -0.1094399 -0.03052949 -0.006873726 -0.1094399 -0.03057146 -0.007119834 -0.1094399 -0.03060078 -0.007205903 -0.1094399 -0.03050643 -0.006548643 -0.1094399 -0.0305016 -0.005756199 -0.1094399 -0.03052896 -0.004835903 -0.1094399 -0.03194683 -0.007232308 -0.1094399 -0.03194683 0.003271996 -0.1094399 -0.03302896 0.003271996 -0.1094399 -0.03411108 -0.004593014 -0.1094399 -0.0351932 -0.004593014 -0.1094399 -0.03521955 -0.007179498 -0.1094399 -0.03529876 -0.007205903 -0.1094399 -0.03644973 -0.007204174 -0.1094399 -0.036592 -0.007153153 -0.1094399 -0.03623265 -0.007242381 -0.1094399 -0.03571069 -0.007268011 -0.1094399 -0.03547394 -0.007249474 -0.1094399 -0.036592 -0.003062248 -0.1094399 -0.03411108 -0.003062248 -0.1094399 -0.03411108 -0.00200653 -0.1094399 -0.036592 -0.00200653 -0.1094399 -0.0365656 0.002110719 -0.1094399 -0.03651285 0.002189874 -0.1094399 -0.03535455 0.002171099 -0.1094399 -0.0351932 0.002110719 -0.1094399 -0.03548979 0.002194583 -0.1094399 -0.03580224 0.002211809 -0.1094399 -0.03617554 0.002203047 -0.1094399 -0.0351932 -4.75754e-4 -0.1094399 -0.03411108 -4.75754e-4 -0.1094399 -0.03420048 0.002833187 -0.1094399 -0.03426575 0.00300616 -0.1094399 -0.0343486 0.003113627 -0.1094399 -0.03415107 0.002604901 -0.1094399 -0.03411042 0.002278327 -0.1094399 -0.03407478 0.001504659 -0.1094399 -0.03408694 3.81416e-4 -0.1094399 -0.03617471 0.00332874 -0.1094399 -0.03667044 0.003321528 -0.1094399 -0.03700023 0.003293871 -0.1094399 -0.03711986 0.003271996 -0.1094399 -0.03562927 0.003310978 -0.1094399 -0.03510344 0.003271222 -0.1094399 -0.03466653 0.003212153 -0.1094399 -0.03441733 0.003149092 -0.1094399 -0.0375365 0.003001272 -0.1094399 -0.03762131 0.002876102 -0.1094399 -0.03741395 0.003118455 -0.1094399 -0.03726971 0.003213465 -0.1094399 -0.03772264 0.001724064 -0.1094399 -0.03769397 0.001012384 -0.1094399 -0.03767412 4.47998e-4 -0.1094399 -0.03771811 0.002336144 -0.1094399 -0.03769457 0.002593874 -0.1094399 -0.03766435 0.002753198 -0.1094399 -0.03767412 -0.005464017 -0.1094399 -0.037669 -0.007694721 -0.1094399 -0.03760695 -0.007910609 -0.1094399 -0.03751575 -0.008076906 -0.1094399 -0.03770583 -0.007446885 -0.1094399 -0.03772693 -0.006877958 -0.1094399 -0.03769886 -0.006120622 -0.1094399 -0.03520488 -0.008324742 -0.1094399 -0.03488832 -0.008291542 -0.1094399 -0.03462034 -0.00824368 -0.1094399 -0.03447681 -0.008203506 -0.1094399 -0.03436702 -0.008156716 -0.1094399 -0.03429579 -0.008103251 -0.1094399 -0.03591799 -0.00834763 -0.1094399 -0.03662842 -0.008313238 -0.1094399 -0.03694158 -0.008274912 -0.1094399 -0.0372048 -0.008222639 -0.1094399 -0.03734439 -0.008180141 -0.1094399 -0.03744971 -0.008131563 -0.1094399 -0.03406602 -0.006500303 -0.1094399 -0.03408539 -0.005425751 -0.1094399 -0.03409475 -0.007293641 -0.1094399 -0.03413343 -0.007627725 -0.1094399 -0.03417456 -0.007830739 -0.1094399 -0.03422826 -0.007991611 -0.1094399 -0.04231923 -0.00831443 -0.1094399 -0.04123717 -0.00831443 -0.1094399 -0.04121077 0.002110719 -0.1094399 -0.04115796 0.002189874 -0.1094399 -0.03999972 0.002171099 -0.1094399 -0.03983831 0.002110719 -0.1094399 -0.04013496 0.002194583 -0.1094399 -0.04044741 0.002211809 -0.1094399 -0.04082071 0.002203047 -0.1094399 -0.03983831 -4.75754e-4 -0.1094399 -0.03875619 -4.75754e-4 -0.1094399 -0.03884553 0.002833187 -0.1094399 -0.0389108 0.00300616 -0.1094399 -0.03899377 0.003113627 -0.1094399 -0.03879606 0.002604961 -0.1094399 -0.03875541 0.002278447 -0.1094399 -0.03871995 0.001504719 -0.1094399 -0.03873234 3.81622e-4 -0.1094399 -0.04082095 0.003328919 -0.1094399 -0.04131686 0.003321886 -0.1094399 -0.041646 0.00329405 -0.1094399 -0.04176503 0.003271996 -0.1094399 -0.04027485 0.003310918 -0.1094399 -0.03974825 0.003270804 -0.1094399 -0.03931093 0.003211617 -0.1094399 -0.03906208 0.003148794 -0.1094399 -0.04218113 0.003001332 -0.1094399 -0.04226648 0.002876102 -0.1094399 -0.04205894 0.003118276 -0.1094399 -0.04191511 0.003213047 -0.1094399 -0.04236435 0.001369476 -0.1094399 -0.04233783 3.91167e-4 -0.1094399 -0.04231923 -3.17398e-4 -0.1094399 -0.04235923 0.002211034 -0.1094399 -0.04233652 0.00254935 -0.1094399 -0.04229527 0.002795934 -0.1094399 -0.04588234 -0.003062248 -0.1094399 -0.04448348 -0.003062248 -0.1094399 -0.04448348 -0.006097435 -0.1094399 -0.04449307 -0.007060468 -0.1094399 -0.04453629 -0.007205903 -0.1094399 -0.04447716 -0.006945013 -0.1094399 -0.04446744 -0.006685853 -0.1094399 -0.04572129 -0.007211983 -0.1094399 -0.04588234 -0.007153153 -0.1094399 -0.04549914 -0.007246196 -0.1094399 -0.04524278 -0.007259249 -0.1094399 -0.04485255 -0.007246673 -0.1094399 -0.04340136 0.003271996 -0.1094399 -0.04448348 0.003271996 -0.1094399 -0.04448348 -0.00200653 -0.1094399 -0.04588234 -0.00200653 -0.1094399 -0.04588234 0.003271996 -0.1094399 -0.0469644 0.003271996 -0.1094399 -0.0469644 -0.005252838 -0.1094399 -0.04686909 -0.007925212 -0.1094399 -0.04680633 -0.008063077 -0.1094399 -0.04672688 -0.008156061 -0.1094399 -0.04691702 -0.007748901 -0.1094399 -0.04695826 -0.007487654 -0.1094399 -0.04699391 -0.006869077 -0.1094399 -0.04698294 -0.00597763 -0.1094399 -0.0449236 -0.008369505 -0.1094399 -0.04443305 -0.008361637 -0.1094399 -0.04410356 -0.008334994 -0.1094399 -0.04398202 -0.00831443 -0.1094399 -0.04546093 -0.008353531 -0.1094399 -0.04597836 -0.008315384 -0.1094399 -0.04640918 -0.008256971 -0.1094399 -0.0466569 -0.008192837 -0.1094399 -0.04337018 -0.007212936 -0.1094399 -0.0433588 -0.006830215 -0.1094399 -0.04338485 -0.006039559 -0.1094399 -0.04340136 -0.005490362 -0.1094399 -0.04340308 -0.007507026 -0.1094399 -0.0434643 -0.007770597 -0.1094399 -0.04353946 -0.007956206 -0.1094399 -0.04364132 -0.008110344 -0.1094399 -0.04379051 -0.008238613 -0.1094399 -0.05559492 -0.004593014 -0.1094399 -0.05667704 -0.004593014 -0.1094399 -0.05670338 -0.007179498 -0.1094399 -0.0567826 -0.007205903 -0.1094399 -0.05793356 -0.007204174 -0.1094399 -0.05807584 -0.007153153 -0.1094399 -0.05771648 -0.007242381 -0.1094399 -0.05719453 -0.007268011 -0.1094399 -0.05695778 -0.007249474 -0.1094399 -0.05807584 -0.003062248 -0.1094399 -0.05559492 -0.003062248 -0.1094399 -0.05559492 -0.00200653 -0.1094399 -0.05807584 -0.00200653 -0.1094399 -0.05804944 0.002110719 -0.1094399 -0.05799669 0.002189874 -0.1094399 -0.05683839 0.002171099 -0.1094399 -0.05667704 0.002110719 -0.1094399 -0.05697363 0.002194583 -0.1094399 -0.05728608 0.002211809 -0.1094399 -0.05765944 0.002203047 -0.1094399 -0.05667704 -4.75754e-4 -0.1094399 -0.05559492 -4.75754e-4 -0.1094399 -0.05568432 0.002833187 -0.1094399 -0.05574959 0.00300616 -0.1094399 -0.05583244 0.003113627 -0.1094399 -0.05563491 0.002604901 -0.1094399 -0.0555942 0.002278327 -0.1094399 -0.05555862 0.001504659 -0.1094399 -0.05557078 3.81416e-4 -0.1094399 -0.05765855 0.00332874 -0.1094399 -0.05815428 0.003321528 -0.1094399 -0.05848407 0.003293871 -0.1094399 -0.0586037 0.003271996 -0.1094399 -0.05711311 0.003310978 -0.1094399 -0.05658727 0.003271222 -0.1094399 -0.05615037 0.003212153 -0.1094399 -0.05590116 0.003149092 -0.1094399 -0.05902034 0.003001272 -0.1094399 -0.05910515 0.002876102 -0.1094399 -0.05889779 0.003118455 -0.1094399 -0.05875355 0.003213465 -0.1094399 -0.05920648 0.001724064 -0.1094399 -0.05917781 0.001012384 -0.1094399 -0.05915796 4.47998e-4 -0.1094399 -0.05920195 0.002336144 -0.1094399 -0.05917841 0.002593874 -0.1094399 -0.05914813 0.002753198 -0.1094399 -0.05915796 -0.005464017 -0.1094399 -0.05915284 -0.007694721 -0.1094399 -0.05909079 -0.007910609 -0.1094399 -0.05899959 -0.008076906 -0.1094399 -0.05918967 -0.007446885 -0.1094399 -0.05921077 -0.006877958 -0.1094399 -0.0591827 -0.006120622 -0.1094399 -0.05668872 -0.008324742 -0.1094399 -0.05637216 -0.008291542 -0.1094399 -0.05610418 -0.00824368 -0.1094399 -0.05596065 -0.008203506 -0.1094399 -0.05585086 -0.008156716 -0.1094399 -0.05577963 -0.008103251 -0.1094399 -0.05740183 -0.00834763 -0.1094399 -0.05811226 -0.008313238 -0.1094399 -0.05842542 -0.008274912 -0.1094399 -0.05868864 -0.008222639 -0.1094399 -0.05882823 -0.008180141 -0.1094399 -0.05893355 -0.008131563 -0.1094399 -0.05554986 -0.006500303 -0.1094399 -0.05556923 -0.005425751 -0.1094399 -0.05557858 -0.007293641 -0.1094399 -0.05561727 -0.007627725 -0.1094399 -0.0556584 -0.007830739 -0.1094399 -0.0557121 -0.007991611 -0.1094399 -0.06272101 -0.007232308 -0.1094399 -0.06272101 -0.003062248 -0.1094399 -0.06157934 -0.003167569 -0.1094399 -0.06147998 -0.003235876 -0.1094399 -0.06140136 -0.003326177 -0.1094399 -0.06174457 -0.003104269 -0.1094399 -0.06193727 -0.003069341 -0.1094399 -0.06218469 -0.003054499 -0.1094399 -0.06129527 -0.006035208 -0.1094399 -0.06131422 -0.006759285 -0.1094399 -0.0613355 -0.007083177 -0.1094399 -0.06134855 -0.007179498 -0.1094399 -0.06129318 -0.005168616 -0.1094399 -0.06131893 -0.004070043 -0.1094399 -0.06134486 -0.003652751 -0.1094399 -0.06138014 -0.003387153 -0.1094399 -0.06139397 -0.003340601 -0.1094399 -0.06142771 -0.007205903 -0.1094399 -0.06067919 -0.008233308 -0.1094399 -0.06052529 -0.00817573 -0.1094399 -0.0604248 -0.008103251 -0.1094399 -0.06087875 -0.008277595 -0.1094399 -0.06119424 -0.008317828 -0.1094399 -0.06194776 -0.008351266 -0.1094399 -0.06299614 -0.008337557 -0.1094399 -0.06380313 -0.00831443 -0.1094399 -0.06019061 -0.006326436 -0.1094399 -0.06021571 -0.00513339 -0.1094399 -0.06024008 -0.004223525 -0.1094399 -0.06021517 -0.007199645 -0.1094399 -0.06025278 -0.00756818 -0.1094399 -0.0602954 -0.007798671 -0.1094399 -0.06035214 -0.007979869 -0.1094399 -0.06024658 -0.003195524 -0.1094399 -0.06029284 -0.003035843 -0.1094399 -0.06022983 -0.003320038 -0.1094399 -0.06022071 -0.003596365 -0.1094399 -0.06023114 -0.003921627 -0.1094399 -0.06083941 -0.002596676 -0.1094399 -0.06095266 -0.002507984 -0.1094399 -0.06059098 -0.002738714 -0.1094399 -0.06043678 -0.002844154 -0.1094399 -0.0603708 -0.002910256 -0.1094399 -0.06089991 -0.002507984 -0.1094399 -0.06036102 -0.002147614 -0.1094399 -0.06029284 -0.002032935 -0.1094399 -0.06041789 -0.002210497 -0.1094399 -0.06055235 -0.002313077 -0.1094399 -0.06072378 -0.002409219 -0.1094399 -0.0602253 -8.22472e-4 -0.1094399 -0.06024008 -4.2297e-4 -0.1094399 -0.0602051 -0.001266002 -0.1094399 -0.06021177 -0.00164628 -0.1094399 -0.06023216 -0.001816928 -0.1094399 -0.06024008 0.003271996 -0.1094399 -0.06132215 0.003271996 -0.1094399 -0.06132215 -3.17398e-4 -0.1094399 -0.06133282 -0.001571357 -0.1094399 -0.06140136 -0.001742601 -0.1094399 -0.06130796 -0.001424789 -0.1094399 -0.06129407 -0.001083135 -0.1094399 -0.06130915 -6.76281e-4 -0.1094399 -0.06193751 -0.001998841 -0.1094399 -0.06218439 -0.002013266 -0.1094399 -0.06272101 -0.00200653 -0.1094399 -0.06174474 -0.001964211 -0.1094399 -0.06157928 -0.001900911 -0.1094399 -0.06148022 -0.001832783 -0.1094399 -0.06272101 0.003271996 -0.1094399 -0.06380313 0.003271996 -0.1094399 -0.07092922 -0.00831443 -0.1094399 -0.06678551 -0.00831443 -0.1094399 -0.06531888 -0.008254647 -0.1094399 -0.06521236 -0.008211731 -0.1094399 -0.06512278 -0.008156061 -0.1094399 -0.06548309 -0.008294641 -0.1094399 -0.06586605 -0.008329033 -0.1094399 -0.06633627 -0.008324861 -0.1094399 -0.06485563 -0.006868898 -0.1094399 -0.06486666 -0.005978047 -0.1094399 -0.06488519 -0.005252838 -0.1094399 -0.06489121 -0.00748682 -0.1094399 -0.06493246 -0.007748007 -0.1094399 -0.06498038 -0.007924437 -0.1094399 -0.06504327 -0.00806266 -0.1094399 -0.06488519 0.003271996 -0.1094399 -0.06594091 0.003271996 -0.1094399 -0.06594091 -0.004593014 -0.1094399 -0.06597042 -0.006991684 -0.1094399 -0.06601631 -0.00716412 -0.1094399 -0.06604653 -0.007205903 -0.1094399 -0.06594115 -0.006723999 -0.1094399 -0.06591999 -0.006014704 -0.1094399 -0.06592977 -0.005173504 -0.1094399 -0.06718891 -0.007223188 -0.1094399 -0.06733977 -0.007179498 -0.1094399 -0.06696701 -0.007253766 -0.1094399 -0.06644564 -0.007267892 -0.1094399 -0.0662139 -0.007247388 -0.1094399 -0.06736612 0.003271996 -0.1094399 -0.06844824 0.003271996 -0.1094399 -0.06844824 -0.00414437 -0.1094399 -0.0684297 -0.006873726 -0.1094399 -0.06847172 -0.007119834 -0.1094399 -0.06850105 -0.007205903 -0.1094399 -0.0684067 -0.006548643 -0.1094399 -0.06840181 -0.005756199 -0.1094399 -0.06842923 -0.004835903 -0.1094399 -0.0698471 -0.007232308 -0.1094399 -0.0698471 0.003271996 -0.1094399 -0.07092922 0.003271996 -0.1094399 -0.07201129 -0.004593014 -0.1094399 -0.07309341 -0.004593014 -0.1094399 -0.07311981 -0.007179498 -0.1094399 -0.07319897 -0.007205903 -0.1094399 -0.07434993 -0.007204174 -0.1094399 -0.07449221 -0.007153153 -0.1094399 -0.07413291 -0.007242381 -0.1094399 -0.0736109 -0.007268011 -0.1094399 -0.07337415 -0.007249474 -0.1094399 -0.07449221 -0.003062248 -0.1094399 -0.07201129 -0.003062248 -0.1094399 -0.07201129 -0.00200653 -0.1094399 -0.07449221 -0.00200653 -0.1094399 -0.07446587 0.002110719 -0.1094399 -0.07441306 0.002189874 -0.1094399 -0.07325482 0.002171099 -0.1094399 -0.07309341 0.002110719 -0.1094399 -0.07339 0.002194583 -0.1094399 -0.07370245 0.002211809 -0.1094399 -0.07407581 0.002203047 -0.1094399 -0.07309341 -4.75754e-4 -0.1094399 -0.07201129 -4.75754e-4 -0.1094399 -0.07210075 0.002833187 -0.1094399 -0.07216596 0.00300616 -0.1094399 -0.07224881 0.003113627 -0.1094399 -0.07205128 0.002604901 -0.1094399 -0.07201063 0.002278327 -0.1094399 -0.07197505 0.001504659 -0.1094399 -0.07198715 3.81416e-4 -0.1094399 -0.07407498 0.00332874 -0.1094399 -0.07457071 0.003321528 -0.1094399 -0.0749005 0.003293871 -0.1094399 -0.07502013 0.003271996 -0.1094399 -0.07352954 0.003310978 -0.1094399 -0.0730037 0.003271222 -0.1094399 -0.0725668 0.003212153 -0.1094399 -0.07231754 0.003149092 -0.1094399 -0.07543677 0.003001272 -0.1094399 -0.07552158 0.002876102 -0.1094399 -0.07531416 0.003118455 -0.1094399 -0.07516998 0.003213465 -0.1094399 -0.07562285 0.001724064 -0.1094399 -0.07559418 0.001012384 -0.1094399 -0.07557433 4.47998e-4 -0.1094399 -0.07561832 0.002336144 -0.1094399 -0.07559484 0.002593874 -0.1094399 -0.07556456 0.002753198 -0.1094399 -0.07557433 -0.005464017 -0.1094399 -0.07556921 -0.007694721 -0.1094399 -0.07550722 -0.007910609 -0.1094399 -0.07541596 -0.008076906 -0.1094399 -0.07560604 -0.007446885 -0.1094399 -0.0756272 -0.006877958 -0.1094399 -0.07559913 -0.006120622 -0.1094399 -0.07310509 -0.008324742 -0.1094399 -0.07278853 -0.008291542 -0.1094399 -0.07252061 -0.00824368 -0.1094399 -0.07237702 -0.008203506 -0.1094399 -0.07226723 -0.008156716 -0.1094399 -0.07219606 -0.008103251 -0.1094399 -0.07381826 -0.00834763 -0.1094399 -0.07452869 -0.008313238 -0.1094399 -0.07484179 -0.008274912 -0.1094399 -0.07510501 -0.008222639 -0.1094399 -0.07524466 -0.008180141 -0.1094399 -0.07534992 -0.008131563 -0.1094399 -0.07196629 -0.006500303 -0.1094399 -0.07198566 -0.005425751 -0.1094399 -0.07199501 -0.007293641 -0.1094399 -0.07203364 -0.007627725 -0.1094399 -0.07207483 -0.007830739 -0.1094399 -0.07212847 -0.007991611 -0.1094399 -0.05200546 -0.008340835 -0.1094399 -0.05092334 -0.00831443 -0.1094399 -0.05092334 -0.003062248 -0.1094399 -0.05039548 -0.003088653 -0.1094399 -0.04875916 -0.00831443 -0.1094399 -0.04774969 -0.008336782 -0.1094399 -0.04765665 -0.00830692 -0.1094399 -0.04762423 -0.008288025 -0.1094399 -0.04787266 -0.00835675 -0.1094399 -0.04817122 -0.008371114 -0.1094399 -0.04851305 -0.008354663 -0.1094399 -0.04944533 -0.002455174 -0.1094399 -0.04762423 0.003271996 -0.1094399 -0.04875916 0.003271996 -0.1094399 -0.05042189 -0.00200653 -0.1094399 -0.05092334 -0.00200653 -0.1094399 -0.05092334 0.003271996 -0.1094399 -0.05200546 0.003271996 -0.1050527 -0.07797884 -0.01277226 -0.1050527 0.09520304 -0.01277226 -0.1050527 0.008913993 -0.006492972 -0.1050527 0.008310079 -0.006492972 -0.1050527 0.007712841 -0.006402969 -0.1050527 -0.07797884 0.007845461 -0.1050527 0.007135748 -0.00622493 -0.1050527 0.006591618 -0.005962908 -0.1050527 0.006092607 -0.005622684 -0.1050527 0.005649864 -0.005211889 -0.1050527 0.005273282 -0.004739701 -0.1050527 0.004971325 -0.00421667 -0.1050527 0.004750669 -0.00365442 -0.1050527 0.00461626 -0.003065645 -0.1050527 0.004571139 -0.00246334 -0.1050527 0.00461626 -0.001861095 -0.1050527 0.004750669 -0.00127232 -0.1050527 0.004971325 -7.10114e-4 -0.1050527 0.005273282 -1.87073e-4 -0.1050527 0.005649864 2.85118e-4 -0.1050527 0.006092607 6.95912e-4 -0.1050527 0.006591618 0.001036107 -0.1050527 0.007135748 0.001298129 -0.1050527 0.007712841 0.001476168 -0.1050527 0.008310079 0.001566171 -0.1050527 0.008913993 0.001566171 -0.1050527 0.09520304 0.007845461 -0.1050527 0.009511232 0.001476168 -0.1050527 0.01008838 0.001298129 -0.1050527 0.01063251 0.001036107 -0.1050527 0.01113152 6.95912e-4 -0.1050527 0.01157426 2.85118e-4 -0.1050527 0.01195079 -1.87073e-4 -0.1050527 0.0122528 -7.10114e-4 -0.1050527 0.01247346 -0.00127232 -0.1050527 0.01260781 -0.001861095 -0.1050527 0.01265299 -0.00246334 -0.1050527 0.01260781 -0.003065645 -0.1050527 0.01247346 -0.00365442 -0.1050527 0.0122528 -0.00421667 -0.1050527 0.01195079 -0.004739701 -0.1050527 0.01157426 -0.005211889 -0.1050527 0.01113152 -0.005622684 -0.1050527 0.01063251 -0.005962908 -0.1050527 0.01008838 -0.00622493 -0.1050527 0.009511232 -0.006402969 0.139711 -0.05419516 -0.00246334 0.139711 0.07141935 -0.00246334 0.139711 -0.05424082 -0.002984642 0.139711 -0.05424082 -0.001942098 0.139711 0.07742303 -0.00246334 0.139711 0.08296483 -0.00246334 0.139711 0.07737743 -0.002984642 0.139711 0.07737743 -0.001942098 0.139711 0.07724201 -0.00143671 0.139711 0.07702088 -9.6249e-4 0.139711 0.07672071 -5.33867e-4 0.139711 0.07635074 -1.63872e-4 0.139711 0.07592207 1.36253e-4 0.139711 0.07592207 -0.005062997 0.139711 0.07635074 -0.004762887 0.139711 0.07672071 -0.004392921 0.139711 0.07702088 -0.003964304 0.139711 0.07724201 -0.00349003 0.139711 -0.05437624 -0.00143671 0.139711 -0.05459737 -9.6249e-4 0.139711 -0.05489748 -5.33867e-4 0.139711 -0.05526745 -1.63872e-4 0.139711 -0.05569612 1.36253e-4 0.139711 -0.05617034 3.57388e-4 0.139711 -0.05617034 -0.00528413 0.139711 -0.05569612 -0.005062997 0.139711 -0.05526745 -0.004762887 0.139711 -0.05489748 -0.004392921 0.139711 -0.05459737 -0.003964304 0.139711 -0.05437624 -0.00349003 0.139711 -0.06019884 -0.00246334 0.139711 -0.06681293 -0.004762887 0.139711 -0.06644296 -0.004392921 0.139711 -0.06614285 -0.003964304 0.139711 -0.06592166 -0.00349003 0.139711 -0.06578624 -0.002984642 0.139711 -0.06574064 -0.00246334 0.139711 -0.06578624 -0.001942098 0.139711 -0.06592166 -0.00143671 0.139711 -0.06614285 -9.6249e-4 0.139711 -0.06644296 -5.33867e-4 0.139711 -0.06681293 -1.63872e-4 0.139711 0.0885663 -0.003964304 0.139711 0.08878743 -0.00349003 0.139711 0.08892285 -0.002984642 0.139711 0.08896845 -0.00246334 0.139711 0.08892285 -0.001942098 0.139711 0.08878743 -0.00143671 0.139711 0.0885663 -9.6249e-4 0.139711 0.08826613 -5.33867e-4 0.139711 0.08789616 -1.63872e-4 0.139711 0.08746755 1.36253e-4 0.139711 0.08699333 3.57388e-4 0.139711 0.08648788 4.92817e-4 0.139711 0.08596664 5.38422e-4 0.139711 0.08596664 -0.005465209 0.139711 0.08648788 -0.005419552 0.139711 0.08699333 -0.00528413 0.139711 0.08746755 -0.005062997 0.139711 0.08789616 -0.004762887 0.139711 0.08826613 -0.004392921 0.139711 0.0854454 4.92817e-4 0.139711 0.08493995 3.57388e-4 0.139711 0.08446574 1.36253e-4 0.139711 0.07442122 5.38422e-4 0.139711 0.07389992 4.92817e-4 0.139711 0.07339453 3.57388e-4 0.139711 0.07292026 1.36253e-4 0.139711 0.07249164 -1.63872e-4 0.139711 0.07212167 -5.33867e-4 0.139711 0.07182151 -9.6249e-4 0.139711 0.07160043 -0.00143671 0.139711 0.07146495 -0.001942098 0.139711 -0.05667579 4.92817e-4 0.139711 -0.05719703 5.38422e-4 0.139711 -0.05771827 4.92817e-4 0.139711 -0.05822366 3.57388e-4 0.139711 -0.05869793 1.36253e-4 0.139711 -0.05912655 -1.63872e-4 0.139711 -0.05949652 -5.33867e-4 0.139711 -0.05979669 -9.6249e-4 0.139711 -0.06001782 -0.00143671 0.139711 -0.06015324 -0.001942098 0.139711 -0.06724154 1.36253e-4 0.139711 -0.06771582 3.57388e-4 0.139711 -0.06822121 4.92817e-4 0.139711 -0.06874245 5.38422e-4 0.139711 -0.06926375 4.92817e-4 0.139711 -0.06976914 3.57388e-4 0.139711 -0.07024335 1.36253e-4 0.139711 -0.07067203 -1.63872e-4 0.139711 -0.071042 -5.33867e-4 0.139711 -0.07134211 -9.6249e-4 0.139711 -0.07156324 -0.00143671 0.139711 -0.07169866 -0.001942098 0.139711 -0.07174432 -0.00246334 0.139711 0.07544785 3.57388e-4 0.139711 0.08314585 -0.00143671 0.139711 0.08301043 -0.001942098 0.139711 0.07494246 4.92817e-4 0.139711 0.08403712 -1.63872e-4 0.139711 0.08366715 -5.33867e-4 0.139711 0.08336699 -9.6249e-4 0.139711 -0.07169866 -0.002984642 0.139711 -0.07156324 -0.00349003 0.139711 -0.07134211 -0.003964304 0.139711 -0.071042 -0.004392921 0.139711 -0.07067203 -0.004762887 0.139711 -0.07024335 -0.005062997 0.139711 -0.06976914 -0.00528413 0.139711 -0.06926375 -0.005419552 0.139711 -0.06874245 -0.005465209 0.139711 -0.06822121 -0.005419552 0.139711 -0.06771582 -0.00528413 0.139711 -0.06724154 -0.005062997 0.139711 -0.06015324 -0.002984642 0.139711 -0.06001782 -0.00349003 0.139711 -0.05979669 -0.003964304 0.139711 -0.05949652 -0.004392921 0.139711 -0.05912655 -0.004762887 0.139711 -0.05869793 -0.005062997 0.139711 -0.05822366 -0.00528413 0.139711 -0.05771827 -0.005419552 0.139711 -0.05719703 -0.005465209 0.139711 -0.05667579 -0.005419552 0.139711 0.07146495 -0.002984642 0.139711 0.07160043 -0.00349003 0.139711 0.07182151 -0.003964304 0.139711 0.07212167 -0.004392921 0.139711 0.07249164 -0.004762887 0.139711 0.07292026 -0.005062997 0.139711 0.07339453 -0.00528413 0.139711 0.07389992 -0.005419552 0.139711 0.07442122 -0.005465209 0.139711 0.08446574 -0.005062997 0.139711 0.08493995 -0.00528413 0.139711 0.0854454 -0.005419552 0.139711 0.07544785 -0.00528413 0.139711 0.08301043 -0.002984642 0.139711 0.08314585 -0.00349003 0.139711 0.07494246 -0.005419552 0.139711 0.08336699 -0.003964304 0.139711 0.08366715 -0.004392921 0.139711 0.08403712 -0.004762887 0.1423051 -0.08309006 -0.01516824 0.1428469 -0.08232384 -0.01571011 0.1425973 -0.08273708 -0.01546049 0.1430477 -0.08186042 -0.01591092 0.1433146 -0.08028793 -0.01617783 0.1432845 -0.08082979 -0.01614767 0.1431948 -0.08135825 -0.01605796 0.1419774 -0.08337408 -0.0148406 0.1416223 -0.08358204 -0.01448553 0.1412486 -0.08370894 -0.01411181 0.1433146 0.09751212 -0.01617783 0.1432845 -0.08082979 0.01122087 0.1431948 -0.08135825 0.01113116 0.1430477 -0.08186042 0.01098412 0.1428469 -0.08232384 0.01078331 0.1425973 -0.08273708 0.01053369 0.1423051 -0.08309006 0.01024144 0.1419774 -0.08337408 0.009913802 0.1416223 -0.08358204 0.009558737 0.1412486 -0.08370894 0.009185016 0.1432845 0.09805393 -0.01614767 0.1431948 0.09858244 -0.01605796 0.1430477 0.09908455 -0.01591092 0.1428469 0.09954798 -0.01571011 0.1425973 0.09996128 -0.01546049 0.1423051 0.1003143 -0.01516824 0.1419774 0.1005982 -0.0148406 0.1416223 0.1008062 -0.01448553 0.1412486 0.1009331 -0.01411181 0.1412486 0.1009331 0.009185016 0.1416223 0.1008062 0.009558737 0.1419774 0.1005982 0.009913802 0.1423051 0.1003143 0.01024144 0.1425973 0.09996128 0.01053369 0.1428469 0.09954798 0.01078331 0.1430477 0.09908455 0.01098412 0.1431948 0.09858244 0.01113116 0.1432845 0.09805393 0.01122087 0.1419358 0.1007657 0.009317219 0.1429014 0.09977906 0.01044893 0.142438 0.1002619 0.01020294 0.1433146 0.09895169 0.01078331 0.1429014 0.09949356 0.01078331 0.1433146 0.09862399 0.01098412 0.1433146 0.09826898 0.01113116 0.1442865 0.09805393 0.008801877 0.1442865 0.09804725 0.008886635 0.1442865 0.0980274 0.008969306 0.1442865 0.09799486 0.009047865 0.1442865 0.09795045 0.009120345 0.1442865 0.09789526 0.009185016 0.1442865 0.09783059 0.009240269 0.1442865 0.09775811 0.009284675 0.1442865 0.09767955 0.009317219 0.1442865 0.09759688 0.009337067 0.1442865 0.09751212 0.009343743 0.1441596 0.09856927 0.008969306 0.1441596 0.09858244 0.008801877 0.1439516 0.09906518 0.009047865 0.1439516 0.09908455 0.008801877 0.1436676 0.09952294 0.009120345 0.1436676 0.09954798 0.008801877 0.1433146 0.09993112 0.009185016 0.1433146 0.09996128 0.008801877 0.1429014 0.1002798 0.009240269 0.1429014 0.1003143 0.008801877 0.142438 0.1005603 0.009284675 0.142438 0.1005982 0.008801877 0.1419358 0.1008062 0.008801877 0.1414073 0.1009331 0.008801877 0.1419358 0.100645 0.009819805 0.1441596 0.09751212 0.009872198 0.1441596 0.09767955 0.009859025 0.1439516 0.09751212 0.01037436 0.1439516 0.09775811 0.01035499 0.1436676 0.09751212 0.01083773 0.1436676 0.09783059 0.01081269 0.1433146 0.09789526 0.01122087 0.1441596 0.09853005 0.009132623 0.1439516 0.0990076 0.009287834 0.1436676 0.09944832 0.009431004 0.1433146 0.09984141 0.009558737 0.1429014 0.1001771 0.009667813 0.142438 0.1004472 0.009755551 0.1441596 0.0984658 0.009287834 0.1439516 0.09891319 0.009515762 0.1436676 0.09932607 0.009726166 0.1433146 0.09969431 0.009913802 0.1429014 0.1000089 0.01007401 0.1441596 0.098378 0.009431004 0.1439516 0.09878426 0.009726166 0.1436676 0.09915918 0.009998559 0.1433146 0.09949356 0.01024144 0.1441596 0.09826898 0.009558737 0.1439516 0.09862399 0.009913802 0.1436676 0.09895169 0.01024144 0.1433146 0.09924393 0.01053369 0.1441596 0.09814125 0.009667813 0.1439516 0.09843635 0.01007401 0.1436676 0.0987088 0.01044893 0.1441596 0.09799802 0.009755551 0.1439516 0.09822601 0.01020294 0.1436676 0.09843635 0.01061588 0.1441596 0.09784287 0.009819805 0.1439516 0.09799802 0.01029741 0.1436676 0.09814125 0.01073813 0.1442865 -0.08028793 0.009343743 0.1441596 -0.08028793 0.009872198 0.1439516 -0.08028793 0.01037436 0.1436676 -0.08028793 0.01083773 0.1433146 -0.08104479 0.01113116 0.1433146 -0.08139985 0.01098412 0.1429014 -0.08255493 0.01044893 0.142438 -0.08303767 0.01020294 0.1414073 -0.08370894 0.008801877 0.1419358 -0.08354151 0.009317219 0.1442865 -0.08037269 0.009337067 0.1442865 -0.08045536 0.009317219 0.1442865 -0.08053392 0.009284675 0.1442865 -0.0806064 0.009240269 0.1442865 -0.08067107 0.009185016 0.1442865 -0.08072626 0.009120345 0.1442865 -0.08077073 0.009047865 0.1442865 -0.08080327 0.008969306 0.1442865 -0.08082306 0.008886635 0.1442865 -0.08082979 0.008801877 0.1441596 -0.08104479 0.009558737 0.1441596 -0.08091706 0.009667813 0.1439516 -0.08139985 0.009913802 0.1439516 -0.08121222 0.01007401 0.1436676 -0.0817275 0.01024144 0.1436676 -0.08148461 0.01044893 0.1433146 -0.08201974 0.01053369 0.1433146 -0.0817275 0.01078331 0.1429014 -0.08226937 0.01078331 0.1441596 -0.0812416 0.009287834 0.1441596 -0.08115386 0.009431004 0.1439516 -0.081689 0.009515762 0.1439516 -0.08156007 0.009726166 0.1436676 -0.08210194 0.009726166 0.1436676 -0.08193498 0.009998559 0.1433146 -0.08247017 0.009913802 0.1433146 -0.08226937 0.01024144 0.1429014 -0.08278465 0.01007401 0.1441596 -0.08130586 0.009132623 0.1439516 -0.08178341 0.009287834 0.1436676 -0.08222419 0.009431004 0.1433146 -0.08261722 0.009558737 0.1429014 -0.08295297 0.009667813 0.142438 -0.08322304 0.009755551 0.1419358 -0.08342081 0.009819805 0.1441596 -0.08135825 0.008801877 0.1441596 -0.08134508 0.008969306 0.1439516 -0.08186042 0.008801877 0.1439516 -0.08184105 0.009047865 0.1436676 -0.08232384 0.008801877 0.1436676 -0.08229875 0.009120345 0.1433146 -0.08273708 0.008801877 0.1433146 -0.08270692 0.009185016 0.1429014 -0.08309006 0.008801877 0.1429014 -0.08305561 0.009240269 0.142438 -0.08337408 0.008801877 0.142438 -0.08333605 0.009284675 0.1419358 -0.08358204 0.008801877 0.1441596 -0.08045536 0.009859025 0.1439516 -0.08053392 0.01035499 0.1436676 -0.0806064 0.01081269 0.1433146 -0.08067107 0.01122087 0.1441596 -0.08061867 0.009819805 0.1439516 -0.08077389 0.01029741 0.1436676 -0.08091706 0.01073813 0.1441596 -0.08077389 0.009755551 0.1439516 -0.08100181 0.01020294 0.1436676 -0.08121222 0.01061588 0.1414073 -0.08370894 -0.01372867 0.1419358 -0.08358204 -0.01372867 0.142438 -0.08337408 -0.01372867 0.1429014 -0.08309006 -0.01372867 0.1433146 -0.08273708 -0.01372867 0.1436676 -0.08232384 -0.01372867 0.1439516 -0.08186042 -0.01372867 0.1441596 -0.08135825 -0.01372867 0.1442865 -0.08082979 -0.01372867 0.1419358 -0.08354151 -0.01424401 0.1429014 -0.08255493 -0.01537573 0.142438 -0.08303767 -0.01512974 0.1433146 -0.0817275 -0.01571011 0.1429014 -0.08226937 -0.01571011 0.1433146 -0.08139985 -0.01591092 0.1433146 -0.08104479 -0.01605796 0.1442865 -0.08082306 -0.01381343 0.1442865 -0.08080327 -0.0138961 0.1442865 -0.08077073 -0.01397466 0.1442865 -0.08072626 -0.0140472 0.1442865 -0.08067107 -0.01411181 0.1442865 -0.0806064 -0.01416701 0.1442865 -0.08053392 -0.01421147 0.1442865 -0.08045536 -0.01424401 0.1442865 -0.08037269 -0.01426386 0.1442865 -0.08028793 -0.01427054 0.1441596 -0.08134508 -0.0138961 0.1439516 -0.08184105 -0.01397466 0.1436676 -0.08229875 -0.0140472 0.1433146 -0.08270692 -0.01411181 0.1429014 -0.08305561 -0.01416701 0.142438 -0.08333605 -0.01421147 0.1419358 -0.08342081 -0.0147466 0.1441596 -0.08028793 -0.01479899 0.1441596 -0.08045536 -0.01478582 0.1439516 -0.08028793 -0.01530116 0.1439516 -0.08053392 -0.01528179 0.1436676 -0.08028793 -0.01576453 0.1436676 -0.0806064 -0.0157395 0.1433146 -0.08067107 -0.01614767 0.1441596 -0.08130586 -0.01405942 0.1439516 -0.08178341 -0.01421463 0.1436676 -0.08222419 -0.0143578 0.1433146 -0.08261722 -0.01448553 0.1429014 -0.08295297 -0.01459461 0.142438 -0.08322304 -0.01468235 0.1441596 -0.0812416 -0.01421463 0.1439516 -0.081689 -0.01444256 0.1436676 -0.08210194 -0.01465296 0.1433146 -0.08247017 -0.0148406 0.1429014 -0.08278465 -0.01500082 0.1441596 -0.08115386 -0.0143578 0.1439516 -0.08156007 -0.01465296 0.1436676 -0.08193498 -0.01492536 0.1433146 -0.08226937 -0.01516824 0.1441596 -0.08104479 -0.01448553 0.1439516 -0.08139985 -0.0148406 0.1436676 -0.0817275 -0.01516824 0.1433146 -0.08201974 -0.01546049 0.1441596 -0.08091706 -0.01459461 0.1439516 -0.08121222 -0.01500082 0.1436676 -0.08148461 -0.01537573 0.1441596 -0.08077389 -0.01468235 0.1439516 -0.08100181 -0.01512974 0.1436676 -0.08121222 -0.01554268 0.1441596 -0.08061867 -0.0147466 0.1439516 -0.08077389 -0.01522415 0.1436676 -0.08091706 -0.01566493 0.1436676 0.09751212 -0.01576453 0.1439516 0.09751212 -0.01530116 0.1441596 0.09751212 -0.01479899 0.1442865 0.09751212 -0.01427054 0.1433146 0.09826898 -0.01605796 0.1433146 0.09862399 -0.01591092 0.1429014 0.09977906 -0.01537573 0.142438 0.1002619 -0.01512974 0.1414073 0.1009331 -0.01372867 0.1419358 0.1007657 -0.01424401 0.1442865 0.09759688 -0.01426386 0.1442865 0.09767955 -0.01424401 0.1442865 0.09775811 -0.01421147 0.1442865 0.09783059 -0.01416701 0.1442865 0.09789526 -0.01411181 0.1442865 0.09795045 -0.0140472 0.1442865 0.09799486 -0.01397466 0.1442865 0.0980274 -0.0138961 0.1442865 0.09804725 -0.01381343 0.1442865 0.09805393 -0.01372867 0.1441596 0.09826898 -0.01448553 0.1441596 0.09814125 -0.01459461 0.1439516 0.09862399 -0.0148406 0.1439516 0.09843635 -0.01500082 0.1436676 0.09895169 -0.01516824 0.1436676 0.0987088 -0.01537573 0.1433146 0.09924393 -0.01546049 0.1433146 0.09895169 -0.01571011 0.1429014 0.09949356 -0.01571011 0.1441596 0.0984658 -0.01421463 0.1441596 0.098378 -0.0143578 0.1439516 0.09891319 -0.01444256 0.1439516 0.09878426 -0.01465296 0.1436676 0.09932607 -0.01465296 0.1436676 0.09915918 -0.01492536 0.1433146 0.09969431 -0.0148406 0.1433146 0.09949356 -0.01516824 0.1429014 0.1000089 -0.01500082 0.1441596 0.09853005 -0.01405942 0.1439516 0.0990076 -0.01421463 0.1436676 0.09944832 -0.0143578 0.1433146 0.09984141 -0.01448553 0.1429014 0.1001771 -0.01459461 0.142438 0.1004472 -0.01468235 0.1419358 0.100645 -0.0147466 0.1441596 0.09858244 -0.01372867 0.1441596 0.09856927 -0.0138961 0.1439516 0.09908455 -0.01372867 0.1439516 0.09906518 -0.01397466 0.1436676 0.09954798 -0.01372867 0.1436676 0.09952294 -0.0140472 0.1433146 0.09996128 -0.01372867 0.1433146 0.09993112 -0.01411181 0.1429014 0.1003143 -0.01372867 0.1429014 0.1002798 -0.01416701 0.142438 0.1005982 -0.01372867 0.142438 0.1005603 -0.01421147 0.1419358 0.1008062 -0.01372867 0.1441596 0.09767955 -0.01478582 0.1439516 0.09775811 -0.01528179 0.1436676 0.09783059 -0.0157395 0.1433146 0.09789526 -0.01614767 0.1441596 0.09784287 -0.0147466 0.1439516 0.09799802 -0.01522415 0.1436676 0.09814125 -0.01566493 0.1441596 0.09799802 -0.01468235 0.1439516 0.09822601 -0.01512974 0.1436676 0.09843635 -0.01554268 -0.1076468 0.1003143 -0.01516824 -0.1081886 0.09954798 -0.01571011 -0.107939 0.09996128 -0.01546049 -0.1083894 0.09908455 -0.01591092 -0.1086564 0.09751212 -0.01617783 -0.1086262 0.09805393 -0.01614767 -0.1085365 0.09858244 -0.01605796 -0.1073191 0.1005982 -0.0148406 -0.106964 0.1008062 -0.01448553 -0.1065903 0.1009331 -0.01411181 -0.1086564 -0.08028793 -0.01617783 -0.1086262 0.09805393 0.01122087 -0.1085365 0.09858244 0.01113116 -0.1083894 0.09908455 0.01098412 -0.1081886 0.09954798 0.01078331 -0.107939 0.09996128 0.01053369 -0.1076468 0.1003143 0.01024144 -0.1073191 0.1005982 0.009913802 -0.106964 0.1008062 0.009558737 -0.1065903 0.1009331 0.009185016 -0.1086262 -0.08082979 -0.01614767 -0.1085365 -0.08135825 -0.01605796 -0.1083894 -0.08186042 -0.01591092 -0.1081886 -0.08232384 -0.01571011 -0.107939 -0.08273708 -0.01546049 -0.1076468 -0.08309006 -0.01516824 -0.1073191 -0.08337408 -0.0148406 -0.106964 -0.08358204 -0.01448553 -0.1065903 -0.08370894 -0.01411181 -0.1065903 -0.08370894 0.009185016 -0.106964 -0.08358204 0.009558737 -0.1073191 -0.08337408 0.009913802 -0.1076468 -0.08309006 0.01024144 -0.107939 -0.08273708 0.01053369 -0.1081886 -0.08232384 0.01078331 -0.1083894 -0.08186042 0.01098412 -0.1085365 -0.08135825 0.01113116 -0.1086262 -0.08082979 0.01122087 -0.1072775 -0.08354151 0.009317219 -0.1082431 -0.08255493 0.01044893 -0.1077797 -0.08303767 0.01020294 -0.1086564 -0.0817275 0.01078331 -0.1082431 -0.08226937 0.01078331 -0.1086564 -0.08139985 0.01098412 -0.1086564 -0.08104479 0.01113116 -0.1096282 -0.08082979 0.008801877 -0.1096282 -0.08082306 0.008886635 -0.1096282 -0.08080327 0.008969306 -0.1096282 -0.08077073 0.009047865 -0.1096282 -0.08072626 0.009120345 -0.1096282 -0.08067107 0.009185016 -0.1096282 -0.0806064 0.009240269 -0.1096282 -0.08053392 0.009284675 -0.1096282 -0.08045536 0.009317219 -0.1096282 -0.08037269 0.009337067 -0.1096282 -0.08028793 0.009343743 -0.1095014 -0.08134508 0.008969306 -0.1095014 -0.08135825 0.008801877 -0.1092933 -0.08184105 0.009047865 -0.1092933 -0.08186042 0.008801877 -0.1090093 -0.08229875 0.009120345 -0.1090093 -0.08232384 0.008801877 -0.1086564 -0.08270692 0.009185016 -0.1086564 -0.08273708 0.008801877 -0.1082431 -0.08305561 0.009240269 -0.1082431 -0.08309006 0.008801877 -0.1077797 -0.08333605 0.009284675 -0.1077797 -0.08337408 0.008801877 -0.1072775 -0.08358204 0.008801877 -0.106749 -0.08370894 0.008801877 -0.1072775 -0.08342081 0.009819805 -0.1095014 -0.08028793 0.009872198 -0.1095014 -0.08045536 0.009859025 -0.1092933 -0.08028793 0.01037436 -0.1092933 -0.08053392 0.01035499 -0.1090093 -0.08028793 0.01083773 -0.1090093 -0.0806064 0.01081269 -0.1086564 -0.08067107 0.01122087 -0.1095014 -0.08130586 0.009132623 -0.1092933 -0.08178341 0.009287834 -0.1090093 -0.08222419 0.009431004 -0.1086564 -0.08261722 0.009558737 -0.1082431 -0.08295297 0.009667813 -0.1077797 -0.08322304 0.009755551 -0.1095014 -0.0812416 0.009287834 -0.1092933 -0.081689 0.009515762 -0.1090093 -0.08210194 0.009726166 -0.1086564 -0.08247017 0.009913802 -0.1082431 -0.08278465 0.01007401 -0.1095014 -0.08115386 0.009431004 -0.1092933 -0.08156007 0.009726166 -0.1090093 -0.08193498 0.009998559 -0.1086564 -0.08226937 0.01024144 -0.1095014 -0.08104479 0.009558737 -0.1092933 -0.08139985 0.009913802 -0.1090093 -0.0817275 0.01024144 -0.1086564 -0.08201974 0.01053369 -0.1095014 -0.08091706 0.009667813 -0.1092933 -0.08121222 0.01007401 -0.1090093 -0.08148461 0.01044893 -0.1095014 -0.08077389 0.009755551 -0.1092933 -0.08100181 0.01020294 -0.1090093 -0.08121222 0.01061588 -0.1095014 -0.08061867 0.009819805 -0.1092933 -0.08077389 0.01029741 -0.1090093 -0.08091706 0.01073813 -0.1096282 0.09751212 0.009343743 -0.1095014 0.09751212 0.009872198 -0.1092933 0.09751212 0.01037436 -0.1090093 0.09751212 0.01083773 -0.1086564 0.09826898 0.01113116 -0.1086564 0.09862399 0.01098412 -0.1082431 0.09977906 0.01044893 -0.1077797 0.1002619 0.01020294 -0.106749 0.1009331 0.008801877 -0.1072775 0.1007657 0.009317219 -0.1096282 0.09759688 0.009337067 -0.1096282 0.09767955 0.009317219 -0.1096282 0.09775811 0.009284675 -0.1096282 0.09783059 0.009240269 -0.1096282 0.09789526 0.009185016 -0.1096282 0.09795045 0.009120345 -0.1096282 0.09799486 0.009047865 -0.1096282 0.0980274 0.008969306 -0.1096282 0.09804725 0.008886635 -0.1096282 0.09805393 0.008801877 -0.1095014 0.09826898 0.009558737 -0.1095014 0.09814125 0.009667813 -0.1092933 0.09862399 0.009913802 -0.1092933 0.09843635 0.01007401 -0.1090093 0.09895169 0.01024144 -0.1090093 0.0987088 0.01044893 -0.1086564 0.09924393 0.01053369 -0.1086564 0.09895169 0.01078331 -0.1082431 0.09949356 0.01078331 -0.1095014 0.0984658 0.009287834 -0.1095014 0.098378 0.009431004 -0.1092933 0.09891319 0.009515762 -0.1092933 0.09878426 0.009726166 -0.1090093 0.09932607 0.009726166 -0.1090093 0.09915918 0.009998559 -0.1086564 0.09969431 0.009913802 -0.1086564 0.09949356 0.01024144 -0.1082431 0.1000089 0.01007401 -0.1095014 0.09853005 0.009132623 -0.1092933 0.0990076 0.009287834 -0.1090093 0.09944832 0.009431004 -0.1086564 0.09984141 0.009558737 -0.1082431 0.1001771 0.009667813 -0.1077797 0.1004472 0.009755551 -0.1072775 0.100645 0.009819805 -0.1095014 0.09858244 0.008801877 -0.1095014 0.09856927 0.008969306 -0.1092933 0.09908455 0.008801877 -0.1092933 0.09906518 0.009047865 -0.1090093 0.09954798 0.008801877 -0.1090093 0.09952294 0.009120345 -0.1086564 0.09996128 0.008801877 -0.1086564 0.09993112 0.009185016 -0.1082431 0.1003143 0.008801877 -0.1082431 0.1002798 0.009240269 -0.1077797 0.1005982 0.008801877 -0.1077797 0.1005603 0.009284675 -0.1072775 0.1008062 0.008801877 -0.1095014 0.09767955 0.009859025 -0.1092933 0.09775811 0.01035499 -0.1090093 0.09783059 0.01081269 -0.1086564 0.09789526 0.01122087 -0.1095014 0.09784287 0.009819805 -0.1092933 0.09799802 0.01029741 -0.1090093 0.09814125 0.01073813 -0.1095014 0.09799802 0.009755551 -0.1092933 0.09822601 0.01020294 -0.1090093 0.09843635 0.01061588 -0.106749 0.1009331 -0.01372867 -0.1072775 0.1008062 -0.01372867 -0.1077797 0.1005982 -0.01372867 -0.1082431 0.1003143 -0.01372867 -0.1086564 0.09996128 -0.01372867 -0.1090093 0.09954798 -0.01372867 -0.1092933 0.09908455 -0.01372867 -0.1095014 0.09858244 -0.01372867 -0.1096282 0.09805393 -0.01372867 -0.1072775 0.1007657 -0.01424401 -0.1082431 0.09977906 -0.01537573 -0.1077797 0.1002619 -0.01512974 -0.1086564 0.09895169 -0.01571011 -0.1082431 0.09949356 -0.01571011 -0.1086564 0.09862399 -0.01591092 -0.1086564 0.09826898 -0.01605796 -0.1096282 0.09804725 -0.01381343 -0.1096282 0.0980274 -0.0138961 -0.1096282 0.09799486 -0.01397466 -0.1096282 0.09795045 -0.0140472 -0.1096282 0.09789526 -0.01411181 -0.1096282 0.09783059 -0.01416701 -0.1096282 0.09775811 -0.01421147 -0.1096282 0.09767955 -0.01424401 -0.1096282 0.09759688 -0.01426386 -0.1096282 0.09751212 -0.01427054 -0.1095014 0.09856927 -0.0138961 -0.1092933 0.09906518 -0.01397466 -0.1090093 0.09952294 -0.0140472 -0.1086564 0.09993112 -0.01411181 -0.1082431 0.1002798 -0.01416701 -0.1077797 0.1005603 -0.01421147 -0.1072775 0.100645 -0.0147466 -0.1095014 0.09751212 -0.01479899 -0.1095014 0.09767955 -0.01478582 -0.1092933 0.09751212 -0.01530116 -0.1092933 0.09775811 -0.01528179 -0.1090093 0.09751212 -0.01576453 -0.1090093 0.09783059 -0.0157395 -0.1086564 0.09789526 -0.01614767 -0.1095014 0.09853005 -0.01405942 -0.1092933 0.0990076 -0.01421463 -0.1090093 0.09944832 -0.0143578 -0.1086564 0.09984141 -0.01448553 -0.1082431 0.1001771 -0.01459461 -0.1077797 0.1004472 -0.01468235 -0.1095014 0.0984658 -0.01421463 -0.1092933 0.09891319 -0.01444256 -0.1090093 0.09932607 -0.01465296 -0.1086564 0.09969431 -0.0148406 -0.1082431 0.1000089 -0.01500082 -0.1095014 0.098378 -0.0143578 -0.1092933 0.09878426 -0.01465296 -0.1090093 0.09915918 -0.01492536 -0.1086564 0.09949356 -0.01516824 -0.1095014 0.09826898 -0.01448553 -0.1092933 0.09862399 -0.0148406 -0.1090093 0.09895169 -0.01516824 -0.1086564 0.09924393 -0.01546049 -0.1095014 0.09814125 -0.01459461 -0.1092933 0.09843635 -0.01500082 -0.1090093 0.0987088 -0.01537573 -0.1095014 0.09799802 -0.01468235 -0.1092933 0.09822601 -0.01512974 -0.1090093 0.09843635 -0.01554268 -0.1095014 0.09784287 -0.0147466 -0.1092933 0.09799802 -0.01522415 -0.1090093 0.09814125 -0.01566493 -0.1090093 -0.08028793 -0.01576453 -0.1092933 -0.08028793 -0.01530116 -0.1095014 -0.08028793 -0.01479899 -0.1096282 -0.08028793 -0.01427054 -0.1086564 -0.08104479 -0.01605796 -0.1086564 -0.08139985 -0.01591092 -0.1082431 -0.08255493 -0.01537573 -0.1077797 -0.08303767 -0.01512974 -0.106749 -0.08370894 -0.01372867 -0.1072775 -0.08354151 -0.01424401 -0.1096282 -0.08037269 -0.01426386 -0.1096282 -0.08045536 -0.01424401 -0.1096282 -0.08053392 -0.01421147 -0.1096282 -0.0806064 -0.01416701 -0.1096282 -0.08067107 -0.01411181 -0.1096282 -0.08072626 -0.0140472 -0.1096282 -0.08077073 -0.01397466 -0.1096282 -0.08080327 -0.0138961 -0.1096282 -0.08082306 -0.01381343 -0.1096282 -0.08082979 -0.01372867 -0.1095014 -0.08104479 -0.01448553 -0.1095014 -0.08091706 -0.01459461 -0.1092933 -0.08139985 -0.0148406 -0.1092933 -0.08121222 -0.01500082 -0.1090093 -0.0817275 -0.01516824 -0.1090093 -0.08148461 -0.01537573 -0.1086564 -0.08201974 -0.01546049 -0.1086564 -0.0817275 -0.01571011 -0.1082431 -0.08226937 -0.01571011 -0.1095014 -0.0812416 -0.01421463 -0.1095014 -0.08115386 -0.0143578 -0.1092933 -0.081689 -0.01444256 -0.1092933 -0.08156007 -0.01465296 -0.1090093 -0.08210194 -0.01465296 -0.1090093 -0.08193498 -0.01492536 -0.1086564 -0.08247017 -0.0148406 -0.1086564 -0.08226937 -0.01516824 -0.1082431 -0.08278465 -0.01500082 -0.1095014 -0.08130586 -0.01405942 -0.1092933 -0.08178341 -0.01421463 -0.1090093 -0.08222419 -0.0143578 -0.1086564 -0.08261722 -0.01448553 -0.1082431 -0.08295297 -0.01459461 -0.1077797 -0.08322304 -0.01468235 -0.1072775 -0.08342081 -0.0147466 -0.1095014 -0.08135825 -0.01372867 -0.1095014 -0.08134508 -0.0138961 -0.1092933 -0.08186042 -0.01372867 -0.1092933 -0.08184105 -0.01397466 -0.1090093 -0.08232384 -0.01372867 -0.1090093 -0.08229875 -0.0140472 -0.1086564 -0.08273708 -0.01372867 -0.1086564 -0.08270692 -0.01411181 -0.1082431 -0.08309006 -0.01372867 -0.1082431 -0.08305561 -0.01416701 -0.1077797 -0.08337408 -0.01372867 -0.1077797 -0.08333605 -0.01421147 -0.1072775 -0.08358204 -0.01372867 -0.1095014 -0.08045536 -0.01478582 -0.1092933 -0.08053392 -0.01528179 -0.1090093 -0.0806064 -0.0157395 -0.1086564 -0.08067107 -0.01614767 -0.1095014 -0.08061867 -0.0147466 -0.1092933 -0.08077389 -0.01522415 -0.1090093 -0.08091706 -0.01566493 -0.1095014 -0.08077389 -0.01468235 -0.1092933 -0.08100181 -0.01512974 -0.1090093 -0.08121222 -0.01554268 -0.1041094 0.09631824 0.0080567 -0.1043063 0.0962029 0.008253633 -0.1046866 0.09550184 0.00863403 -0.1046051 0.09578031 0.008552432 -0.1044754 0.09601938 0.008422732 -0.1047145 -0.07879525 0.007845461 -0.1048979 -0.07855612 -0.01277226 -0.1048979 -0.07855612 0.007845461 -0.1050133 -0.07827764 -0.01277226 -0.1050133 -0.07827764 0.007845461 -0.1047145 -0.07879525 -0.01277226 -0.1044754 -0.07897871 0.007845461 -0.1044754 -0.07897871 -0.01277226 -0.1041969 -0.07909405 0.007845461 -0.1041969 -0.07909405 -0.01277226 -0.1043063 -0.07897871 0.008253633 -0.1041094 -0.07909405 0.0080567 -0.1046051 -0.07855612 0.008552432 -0.1044754 -0.07879525 0.008422732 -0.1046866 -0.07827764 0.00863403 -0.1049753 -0.07838702 0.007922768 -0.1048836 -0.07855612 0.0080145 -0.1043135 -0.07905602 0.007852613 -0.1044892 -0.07894462 0.008070647 -0.1047414 -0.07826751 0.008579313 -0.1047923 -0.07823765 0.008528351 -0.1048361 -0.07819014 0.008484601 -0.1048697 -0.07812827 0.008451044 -0.1048908 -0.07805621 0.008429884 -0.1048979 -0.07797884 0.008422732 -0.1046597 -0.07884478 0.007900118 -0.104764 -0.07868587 0.008134067 -0.1048938 -0.07838702 0.008263826 -0.1048092 -0.07847875 0.008348345 -0.1046248 -0.07876741 0.008273303 -0.1047108 -0.07853645 0.008446812 -0.105033 -0.07819014 0.00786513 -0.1050133 -0.07797884 0.008144259 -0.1049994 -0.07812827 0.008158147 -0.1049587 -0.07826751 0.008198916 -0.1050133 0.09520304 0.008144259 -0.1048979 0.09520304 0.008422732 -0.1047145 0.09561121 0.008552432 -0.1047145 0.09578031 0.008422732 -0.1041969 0.09628021 0.008134067 -0.1041969 0.09631824 0.007845461 -0.1044754 0.09616881 0.008104205 -0.1050133 0.09550184 0.007845461 -0.1050133 0.09549164 0.007922768 -0.1050133 0.09546178 0.00799483 -0.1050133 0.09541434 0.0080567 -0.1050133 0.09535241 0.008104205 -0.1050133 0.09528034 0.008134067 -0.1044754 0.09606891 0.008345365 -0.1047145 0.09591001 0.008253633 -0.1048979 0.09561121 0.008253633 -0.1048979 0.09570294 0.008134067 -0.1044754 0.0962029 0.007845461 -0.1047145 0.09599161 0.0080567 -0.1047145 0.09601938 0.007845461 -0.1048979 0.09576064 0.00799483 -0.1048979 0.09578031 0.007845461 -0.1047145 0.09541434 0.00863403 -0.1048979 0.09535241 0.008403062 -0.1048979 0.09549164 0.008345365 -0.1044754 0.0962029 -0.01277226 -0.1041969 0.09631824 -0.01277226 -0.1047145 0.09601938 -0.01277226 -0.1048979 0.09578031 -0.01277226 -0.1050133 0.09550184 -0.01277226 -0.1044754 0.09606891 -0.01327216 -0.1047145 0.09578031 -0.01334953 -0.1047145 0.09561121 -0.01347923 -0.1050133 0.09520304 -0.01307106 -0.1050133 0.09528034 -0.01306086 -0.1050133 0.09535241 -0.013031 -0.1050133 0.09541434 -0.01298356 -0.1050133 0.09546178 -0.01292163 -0.1050133 0.09549164 -0.01284956 -0.1047145 0.09541434 -0.01356083 -0.1048979 0.09535241 -0.01332986 -0.1048979 0.09520304 -0.01334953 -0.1041969 0.09628021 -0.01306086 -0.1044754 0.09616881 -0.013031 -0.1047145 0.09599161 -0.01298356 -0.1048979 0.09576064 -0.01292163 -0.1047145 0.09591001 -0.01318043 -0.1048979 0.09570294 -0.01306086 -0.1048979 0.09561121 -0.01318043 -0.1048979 0.09549164 -0.01327216 -0.1048979 -0.07797884 -0.01334953 -0.1050133 -0.07797884 -0.01307106 -0.1046597 -0.07884478 -0.01282691 -0.1048836 -0.07855612 -0.0129413 -0.1049753 -0.07838702 -0.01284956 -0.1048908 -0.07805621 -0.01335668 -0.1048697 -0.07812827 -0.01337784 -0.1048361 -0.07819014 -0.0134114 -0.1047923 -0.07823765 -0.01345515 -0.1047414 -0.07826751 -0.01350611 -0.105033 -0.07819014 -0.01279193 -0.1049994 -0.07812827 -0.01308494 -0.1043135 -0.07905602 -0.01277941 -0.1044892 -0.07894462 -0.01299744 -0.1046248 -0.07876741 -0.0132001 -0.1047108 -0.07853645 -0.01337361 -0.104764 -0.07868587 -0.01306086 -0.1048092 -0.07847875 -0.01327514 -0.1048938 -0.07838702 -0.01319062 -0.1049587 -0.07826751 -0.01312571 0.1394973 0.09587198 0.008235216 0.1396134 0.09566766 0.008283257 0.1396861 0.09544122 0.008313357 0.1393098 0.09607785 0.008157491 0.1390824 0.0962308 0.008063316 0.1388291 0.09632492 0.007958412 0.1392427 -0.07890731 0.008129715 0.1390317 -0.07903099 0.008042335 0.1388022 -0.07910692 0.007947266 0.1394349 -0.07872802 0.008209288 0.1395837 -0.07850569 0.008270978 0.1396784 -0.07825106 0.008310198 0.1250377 -0.07913339 4.5108e-4 0.1246742 -0.07913339 -6.38657e-5 0.1240448 -0.07913339 -0.001834511 0.1240019 -0.07913339 -0.00246334 0.1259568 -0.08375155 -0.006236314 0.1254679 -0.08375155 -0.005838513 0.1243842 -0.08375155 -6.23509e-4 0.1246742 -0.08375155 -6.38657e-5 0.1240448 -0.07913339 -0.003092229 0.1270735 -0.07913339 0.001888096 0.1264954 -0.07913339 0.001636981 0.1250377 -0.07913339 -0.005377829 0.1254679 -0.07913339 -0.005838513 0.1250377 -0.08375155 4.5108e-4 0.1243842 -0.07913339 -0.004303276 0.1246742 -0.07913339 -0.004862904 0.1259568 -0.07913339 0.001309514 0.1254679 -0.07913339 9.11736e-4 0.1243842 -0.07913339 -6.23509e-4 0.1270735 -0.07913339 -0.006814897 0.1276804 -0.07913339 -0.006984949 0.1259568 -0.07913339 -0.006236314 0.1264954 -0.08375155 -0.006563782 0.1246742 -0.08375155 -0.004862904 0.1243842 -0.08375155 -0.004303276 0.1283049 -0.07913339 0.002143979 0.1276804 -0.07913339 0.002058148 0.1241731 -0.08375155 -0.001217424 0.1264954 -0.08375155 0.001636981 0.1270735 -0.08375155 0.001888096 0.1250377 -0.08375155 -0.005377829 0.1241731 -0.08375155 -0.003709316 0.1276804 -0.08375155 0.002058148 0.1232668 0.09635758 -0.004303276 0.1230557 0.09635758 -0.003709316 0.1230557 0.09635758 -0.001217424 0.1232668 0.09635758 -6.23509e-4 0.1248394 0.1009758 0.001309514 0.1243505 0.1009758 9.11736e-4 0.1235567 0.09635758 -0.004862904 0.1290491 0.1009758 -0.006814897 0.1296273 0.09635758 -0.006563782 0.1228845 0.1009758 -0.00246334 0.1229274 0.1009758 -0.003092229 0.1271874 0.09635758 -0.007070779 0.126563 0.09635758 -0.006984949 0.1284422 0.1009758 -0.006984949 0.1235567 0.09635758 -6.38657e-5 0.1239203 0.09635758 4.5108e-4 0.1229274 0.09635758 -0.003092229 0.1243505 0.09635758 9.11736e-4 0.1248394 0.09635758 0.001309514 0.1239203 0.1009758 4.5108e-4 0.1235567 0.1009758 -6.38657e-5 0.1228845 0.09635758 -0.00246334 0.1259561 0.09635758 -0.006814897 0.125378 0.09635758 -0.006563782 0.1248394 0.09635758 -0.006236314 0.1278178 0.1009758 -0.007070779 0.1239203 0.09635758 -0.005377829 0.1259561 0.1009758 -0.006814897 0.126563 0.1009758 -0.006984949 0.1232668 0.1009758 -6.23509e-4 0.1271874 0.1009758 -0.007070779 0.1284422 0.09635758 -0.006984949 0.1278178 0.09635758 -0.007070779 0.1230557 0.1009758 -0.003709316 0.1232668 0.1009758 -0.004303276 0.1235567 0.1009758 -0.004862904 0.1290491 0.09635758 -0.006814897 0.1239203 0.1009758 -0.005377829 0.1254679 -0.08375155 9.11736e-4 0.1283049 -0.08375155 -0.007070779 0.1276804 -0.08375155 -0.006984949 0.1240448 -0.08375155 -0.001834511 0.1259568 -0.08375155 0.001309514 0.1240019 -0.08375155 -0.00246334 0.1283049 -0.07913339 -0.007070779 0.1264954 -0.07913339 -0.006563782 0.1240448 -0.08375155 -0.003092229 0.1241731 -0.07913339 -0.001217424 0.1241731 -0.07913339 -0.003709316 0.1283049 -0.08375155 0.002143979 0.1270735 -0.08375155 -0.006814897 0.1230557 0.1009758 -0.001217424 0.1243505 0.1009758 -0.005838513 0.1248394 0.1009758 -0.006236314 0.1229274 0.1009758 -0.001834511 0.1243505 0.09635758 -0.005838513 0.1139568 0.09635758 0.002681612 0.1139568 0.1009758 0.002681612 0.125378 0.1009758 -0.006563782 0.1229274 0.09635758 -0.001834511 -0.09221833 -0.08375155 -0.02052736 -0.07837235 -0.08375155 -0.01653838 -0.0896824 -0.08375155 -0.02456325 -0.09028577 -0.08375155 -0.02402406 -0.08831417 -0.08375155 -0.01242035 -0.08902239 -0.08375155 -0.0250315 -0.09221833 -0.08375155 -0.01731598 -0.09168463 -0.07913339 -0.01579076 -0.08678901 -0.07913339 -0.01188665 -0.09199428 -0.07913339 -0.01653838 -0.08756661 -0.07913339 -0.01211065 -0.09082496 -0.07913339 -0.02342069 -0.09028577 -0.07913339 -0.02402406 -0.09028577 -0.08375155 -0.01381921 -0.09129321 -0.07913339 -0.02276074 -0.09235388 -0.08375155 -0.01811373 -0.08831417 -0.07913339 -0.02542293 -0.08831417 -0.08375155 -0.02542293 -0.07801276 -0.08375155 -0.01972955 -0.0779674 -0.08375155 -0.01892167 -0.07907342 -0.07913339 -0.02276074 -0.08134424 -0.08375155 -0.0250315 -0.07954174 -0.08375155 -0.02342069 -0.07814836 -0.08375155 -0.01731598 -0.07801276 -0.08375155 -0.01811373 -0.07801276 -0.07913339 -0.01811373 -0.08357763 -0.08375155 -0.01188665 -0.08280003 -0.08375155 -0.01211065 -0.08205246 -0.08375155 -0.01242035 -0.08134424 -0.07913339 -0.01281177 -0.0779674 -0.07913339 -0.01892167 -0.09534949 0.09635758 0.005193531 -0.09474611 0.09635758 0.004654347 -0.09474611 0.1009758 -0.005550444 -0.09420692 0.1009758 -0.004947066 -0.09373867 0.1009758 -0.004287123 -0.09600949 0.09635758 0.005661845 -0.09600949 0.1009758 0.005661845 -0.09420692 0.09635758 0.00405097 -0.09267801 0.1009758 3.5989e-4 -0.09334725 0.1009758 0.002682805 0.1248394 0.09635758 0.002681612 0.1248394 0.1009758 0.002681612 0.1212655 0.1009758 -0.002462625 0.1212655 0.1105994 -0.002462625 0.1211801 0.1105994 -0.001627981 0.1211801 0.1009758 -0.001627981 0.1209272 0.1105994 -8.25478e-4 0.1209272 0.1009758 -8.25478e-4 0.1205165 0.1105994 -8.5846e-5 0.1205165 0.1009758 -8.5846e-5 0.1199638 0.1105994 5.62447e-4 0.1199638 0.1009758 5.62447e-4 0.1192902 0.1105994 0.00109446 0.1192902 0.1009758 0.00109446 0.1185218 0.1105994 0.001489818 0.1185218 0.1009758 0.001489818 0.1176881 0.1105994 0.001733243 0.1176881 0.1009758 0.001733243 0.116821 0.1105994 0.001815438 0.116821 0.1009758 0.001815438 0.1159539 0.1105994 0.001733243 0.1159539 0.1009758 0.001733243 0.1151202 0.1105994 0.001489818 0.1151202 0.1009758 0.001489818 0.1143518 0.1105994 0.00109446 0.1143518 0.1009758 0.00109446 0.1136783 0.1105994 5.62447e-4 0.1136783 0.1009758 5.62447e-4 0.1131256 0.1105994 -8.5846e-5 0.1131256 0.1009758 -8.5846e-5 0.1127148 0.1105994 -8.25478e-4 0.1127148 0.1009758 -8.25478e-4 0.1124619 0.1105994 -0.001627981 0.1124619 0.1009758 -0.001627981 0.1123765 0.1105994 -0.002462625 0.1123765 0.1009758 -0.002462625 0.1124619 0.1105994 -0.003297269 0.1124619 0.1009758 -0.003297269 0.1127148 0.1105994 -0.004099786 0.1127148 0.1009758 -0.004099786 0.1131256 0.1105994 -0.00483942 0.1131256 0.1009758 -0.00483942 0.1136783 0.1105994 -0.00548774 0.1136783 0.1009758 -0.00548774 0.1143518 0.1105994 -0.006019771 0.1143518 0.1009758 -0.006019771 0.1151202 0.1105994 -0.006415128 0.1151202 0.1009758 -0.006415128 0.1159539 0.1105994 -0.006658554 0.1159539 0.1009758 -0.006658554 0.116821 0.1105994 -0.006740748 0.116821 0.1009758 -0.006740748 0.1176881 0.1105994 -0.006658554 0.1176881 0.1009758 -0.006658554 0.1185218 0.1105994 -0.006415128 0.1185218 0.1009758 -0.006415128 0.1192902 0.1105994 -0.006019771 0.1192902 0.1009758 -0.006019771 0.1199638 0.1105994 -0.00548774 0.1199638 0.1009758 -0.00548774 0.1205165 0.1105994 -0.00483942 0.1205165 0.1009758 -0.00483942 0.1209272 0.1105994 -0.004099786 0.1209272 0.1009758 -0.004099786 0.1211801 0.1105994 -0.003297269 0.1211801 0.1009758 -0.003297269 -0.07791197 -0.09219551 -0.002462625 -0.07791197 -0.0825718 -0.002462625 -0.07799738 -0.0825718 -0.001627981 -0.07799738 -0.09219551 -0.001627981 -0.07825028 -0.0825718 -8.25478e-4 -0.07825028 -0.09219551 -8.25478e-4 -0.07866102 -0.0825718 -8.5846e-5 -0.07866102 -0.09219551 -8.5846e-5 -0.07921373 -0.0825718 5.62447e-4 -0.07921373 -0.09219551 5.62447e-4 -0.07988721 -0.0825718 0.00109446 -0.07988721 -0.09219551 0.00109446 -0.08065563 -0.0825718 0.001489818 -0.08065563 -0.09219551 0.001489818 -0.08148938 -0.0825718 0.001733243 -0.08148938 -0.09219551 0.001733243 -0.08235645 -0.0825718 0.001815438 -0.08235645 -0.09219551 0.001815438 -0.08322358 -0.0825718 0.001733243 -0.08322358 -0.09219551 0.001733243 -0.08405727 -0.0825718 0.001489818 -0.08405727 -0.09219551 0.001489818 -0.08482569 -0.0825718 0.00109446 -0.08482569 -0.09219551 0.00109446 -0.08549922 -0.0825718 5.62447e-4 -0.08549922 -0.09219551 5.62447e-4 -0.08605194 -0.0825718 -8.5846e-5 -0.08605194 -0.09219551 -8.5846e-5 -0.08646267 -0.0825718 -8.25478e-4 -0.08646267 -0.09219551 -8.25478e-4 -0.08671557 -0.0825718 -0.001627981 -0.08671557 -0.09219551 -0.001627981 -0.08680099 -0.0825718 -0.002462625 -0.08680099 -0.09219551 -0.002462625 -0.08671557 -0.0825718 -0.003297269 -0.08671557 -0.09219551 -0.003297269 -0.08646267 -0.0825718 -0.004099786 -0.08646267 -0.09219551 -0.004099786 -0.08605194 -0.0825718 -0.00483942 -0.08605194 -0.09219551 -0.00483942 -0.08549922 -0.0825718 -0.00548774 -0.08549922 -0.09219551 -0.00548774 -0.08482569 -0.0825718 -0.006019771 -0.08482569 -0.09219551 -0.006019771 -0.08405727 -0.0825718 -0.006415128 -0.08405727 -0.09219551 -0.006415128 -0.08322358 -0.0825718 -0.006658554 -0.08322358 -0.09219551 -0.006658554 -0.08235645 -0.0825718 -0.006740748 -0.08235645 -0.09219551 -0.006740748 -0.08148938 -0.0825718 -0.006658554 -0.08148938 -0.09219551 -0.006658554 -0.08065563 -0.0825718 -0.006415128 -0.08065563 -0.09219551 -0.006415128 -0.07988721 -0.0825718 -0.006019771 -0.07988721 -0.09219551 -0.006019771 -0.07921373 -0.0825718 -0.00548774 -0.07921373 -0.09219551 -0.00548774 -0.07866102 -0.0825718 -0.00483942 -0.07866102 -0.09219551 -0.00483942 -0.07825028 -0.0825718 -0.004099786 -0.07825028 -0.09219551 -0.004099786 -0.07799738 -0.0825718 -0.003297269 -0.07799738 -0.09219551 -0.003297269 -0.07791197 0.1009758 -0.002462625 -0.07791197 0.1105994 -0.002462625 -0.07799738 0.1105994 -0.001627981 -0.07799738 0.1009758 -0.001627981 -0.07825028 0.1105994 -8.25478e-4 -0.07825028 0.1009758 -8.25478e-4 -0.07866102 0.1105994 -8.5846e-5 -0.07866102 0.1009758 -8.5846e-5 -0.07921373 0.1105994 5.62447e-4 -0.07921373 0.1009758 5.62447e-4 -0.07988721 0.1105994 0.00109446 -0.07988721 0.1009758 0.00109446 -0.08065563 0.1105994 0.001489818 -0.08065563 0.1009758 0.001489818 -0.08148938 0.1105994 0.001733243 -0.08148938 0.1009758 0.001733243 -0.08235645 0.1105994 0.001815438 -0.08235645 0.1009758 0.001815438 -0.08322358 0.1105994 0.001733243 -0.08322358 0.1009758 0.001733243 -0.08405727 0.1105994 0.001489818 -0.08405727 0.1009758 0.001489818 -0.08482569 0.1105994 0.00109446 -0.08482569 0.1009758 0.00109446 -0.08549922 0.1105994 5.62447e-4 -0.08549922 0.1009758 5.62447e-4 -0.08605194 0.1105994 -8.5846e-5 -0.08605194 0.1009758 -8.5846e-5 -0.08646267 0.1105994 -8.25478e-4 -0.08646267 0.1009758 -8.25478e-4 -0.08671557 0.1105994 -0.001627981 -0.08671557 0.1009758 -0.001627981 -0.08680099 0.1105994 -0.002462625 -0.08680099 0.1009758 -0.002462625 -0.08671557 0.1105994 -0.003297269 -0.08671557 0.1009758 -0.003297269 -0.08646267 0.1105994 -0.004099786 -0.08646267 0.1009758 -0.004099786 -0.08605194 0.1105994 -0.00483942 -0.08605194 0.1009758 -0.00483942 -0.08549922 0.1105994 -0.00548774 -0.08549922 0.1009758 -0.00548774 -0.08482569 0.1105994 -0.006019771 -0.08482569 0.1009758 -0.006019771 -0.08405727 0.1105994 -0.006415128 -0.08405727 0.1009758 -0.006415128 -0.08322358 0.1105994 -0.006658554 -0.08322358 0.1009758 -0.006658554 -0.08235645 0.1105994 -0.006740748 -0.08235645 0.1009758 -0.006740748 -0.08148938 0.1105994 -0.006658554 -0.08148938 0.1009758 -0.006658554 -0.08065563 0.1105994 -0.006415128 -0.08065563 0.1009758 -0.006415128 -0.07988721 0.1105994 -0.006019771 -0.07988721 0.1009758 -0.006019771 -0.07921373 0.1105994 -0.00548774 -0.07921373 0.1009758 -0.00548774 -0.07866102 0.1105994 -0.00483942 -0.07866102 0.1009758 -0.00483942 -0.07825028 0.1105994 -0.004099786 -0.07825028 0.1009758 -0.004099786 -0.07799738 0.1105994 -0.003297269 -0.07799738 0.1009758 -0.003297269 0.1212059 -0.09219551 -0.002462625 0.1212059 -0.0825718 -0.002462625 0.1211205 -0.0825718 -0.001627981 0.1211205 -0.09219551 -0.001627981 0.1208676 -0.0825718 -8.25478e-4 0.1208676 -0.09219551 -8.25478e-4 0.1204568 -0.0825718 -8.5846e-5 0.1204568 -0.09219551 -8.5846e-5 0.1199041 -0.0825718 5.62447e-4 0.1199041 -0.09219551 5.62447e-4 0.1192306 -0.0825718 0.00109446 0.1192306 -0.09219551 0.00109446 0.1184622 -0.0825718 0.001489818 0.1184622 -0.09219551 0.001489818 0.1176285 -0.0825718 0.001733243 0.1176285 -0.09219551 0.001733243 0.1167614 -0.0825718 0.001815438 0.1167614 -0.09219551 0.001815438 0.1158943 -0.0825718 0.001733243 0.1158943 -0.09219551 0.001733243 0.1150605 -0.0825718 0.001489818 0.1150605 -0.09219551 0.001489818 0.1142922 -0.0825718 0.00109446 0.1142922 -0.09219551 0.00109446 0.1136186 -0.0825718 5.62447e-4 0.1136186 -0.09219551 5.62447e-4 0.1130659 -0.0825718 -8.5846e-5 0.1130659 -0.09219551 -8.5846e-5 0.1126552 -0.0825718 -8.25478e-4 0.1126552 -0.09219551 -8.25478e-4 0.1124023 -0.0825718 -0.001627981 0.1124023 -0.09219551 -0.001627981 0.1123169 -0.0825718 -0.002462625 0.1123169 -0.09219551 -0.002462625 0.1124023 -0.0825718 -0.003297269 0.1124023 -0.09219551 -0.003297269 0.1126552 -0.0825718 -0.004099786 0.1126552 -0.09219551 -0.004099786 0.1130659 -0.0825718 -0.00483942 0.1130659 -0.09219551 -0.00483942 0.1136186 -0.0825718 -0.00548774 0.1136186 -0.09219551 -0.00548774 0.1142922 -0.0825718 -0.006019771 0.1142922 -0.09219551 -0.006019771 0.1150605 -0.0825718 -0.006415128 0.1150605 -0.09219551 -0.006415128 0.1158943 -0.0825718 -0.006658554 0.1158943 -0.09219551 -0.006658554 0.1167614 -0.0825718 -0.006740748 0.1167614 -0.09219551 -0.006740748 0.1176285 -0.0825718 -0.006658554 0.1176285 -0.09219551 -0.006658554 0.1184622 -0.0825718 -0.006415128 0.1184622 -0.09219551 -0.006415128 0.1192306 -0.0825718 -0.006019771 0.1192306 -0.09219551 -0.006019771 0.1199041 -0.0825718 -0.00548774 0.1199041 -0.09219551 -0.00548774 0.1204568 -0.0825718 -0.00483942 0.1204568 -0.09219551 -0.00483942 0.1208676 -0.0825718 -0.004099786 0.1208676 -0.09219551 -0.004099786 0.1211205 -0.0825718 -0.003297269 0.1211205 -0.09219551 -0.003297269</float_array>
          <technique_common>
            <accessor source="#body_001-mesh-positions-array" count="7137" stride="3">
              <param name="X" type="float"/>
              <param name="Y" type="float"/>
              <param name="Z" type="float"/>
            </accessor>
          </technique_common>
        </source>
        <source id="body_001-mesh-normals">
          <float_array id="body_001-mesh-normals-array" count="43209">0 0 1 0 0 1 0 0 1 0 0 1 0 0 1 0 0 1 0 0 1 0 0 1 0 0 1 0 0 1 0 0 1 0 0 1 0 0 1 0 0 1 0 0 1 0 0 1 0 0 1 0 0 1 0 0 1 0 0 1 0 0 1 0 0 1 0 0 1 0 0 1 0 0 1 0 0 1 0 0 1 0 0 1 0 0 1 0 0 1 0 0 1 0 0 1 0 0 1 0 0 1 0 0 1 0 0 1 0 0 1 0 0 1 0 0 1 0 0 1 0 0 1 0 0 1 0 0 1 0 0 1 0 0 1 0 0 1 0 0 1 0 0 1 0 0 1 0 0 1 0 0 1 0 0 1 0 0 1 0 0 1 0 0 1 0 0 1 0 0 1 0 0 1 0 0 1 0 0 1 0 0 1 0 0 1 0 0 1 0 0 1 0 0 1 0 0 1 0 0 1 0 0 1 0 0 1 0 0 1 0 0 1 0 0 1 0 0 1 0 0 1 0 0 1 0 0 1 0 0 1 0 0 1 0 0 1 0 0 1 0 0 1 0 0 1 0 0 1 0 0 1 0 0 1 0 0 1 0 0 1 0 0 1 0 0 1 0 0 1 0 0 1 0 0 1 0 0 1 0 0 1 0 0 1 0 0 1 0 0 1 0 0 1 0 0 1 0 0 1 0 0 1 0 0 1 0 0 1 0 0 1 0 0 1 0 0 1 0 0 1 0 0 1 0 0 1 0 0 1 0 0 1 0 0 1 0 0 1 0 0 1 0 0 1 0 0 1 0 0 1 0 0 -1 0 0 1 0 0 1 0 0 1 0 0 1 0 0 1 0 0 1 0 0 1 0 0 1 0 0 1 0 0 1 0 0 1 0 0 1 0 0 1 0 0 1 0 0 1 0 0 1 0 0 1 0 0 1 0 0 1 0 0 1 0 0 1 0 0 1 0 0 1 0 0 1 0 0 1 0 0 1 0 0 1 0 0 1 0 0 1 0 0 1 0 0 1 0 0 1 0 0 1 0 0 1 0 0 1 0 0 1 0 0 1 0 0 1 0 0 1 0 0 1 0 0 1 0 0 -1 0 0 -1 0 0 -1 0 0 1 0 0 1 0 0 1 0 0 1 0 0 1 0 0 1 0 0 1 0 0 1 0 0 -1 0 0 1 0 0 1 0 0 1 0 0 1 0 0 1 0 0 1 0 0 1 0 0 1 0 0 1 0 0 1 0 0 1 0 0 1 0 0 1 0 0 1 0 0 1 0 0 1 0 0 1 0 0 1 0 0 1 0 0 1 0 0 1 0 0 1 0 0 1 0 0 1 0 0 1 0 0 1 0 0 1 0 0 1 0 0 1 0 0 -1 0 0 -1 0 0 -1 0 0 1 0 0 1 0 0 1 0 0 1 0 0 1 0 0 1 0 0 1 0 0 1 0 0 1 0 0 1 0 0 1 0 0 1 0 0 1 0 0 -1 0 0 1 0 0 1 0 0 1 0 0 1 0 0 1 0 0 1 0 0 1 0 0 1 0 0 1 0 0 1 0 0 1 0 0 1 0 0 1 0 0 1 0 0 1 0 0 1 0 0 1 0 0 1 0 0 1 0 0 1 0 0 1 0 0 1 0 0 1 0 0 1 0 0 1 0 0 1 0 0 1 0 0 1 0 0 1 0 0 1 0 0 1 0 0 1 0 0 1 0 0 1 0 0 1 0 0 1 0 0 1 0 0 1 0 0 1 0 0 1 0 0 1 0 0 1 0 0 1 0 0 1 0 0 1 0 0 1 0 0 1 0 0 1 0 0 1 0 0 1 0 0 1 0 0 1 0 0 1 0 0 1 0 0 1 0 0 1 0 0 1 0 0 1 0 0 1 0 0 1 0 0 1 0 0 1 0 0 1 0 0 1 0 0 1 0 0 1 0 0 1 0 0 1 0 0 1 0 0 1 0 0 1 0 0 1 0 0 1 0 0 1 0 0 1 0 0 1 0 0 1 0 0 1 0 0 -1 0 0 -1 0 0 -1 0 0 1 0 0 1 0 0 1 0 0 1 0 0 1 0 0 1 0 0 1 0 0 1 0 0 1 -0.4752978 0.7250175 0.4984393 -0.5297183 0.6716632 0.5179451 -0.5439721 0.6256413 0.5591667 -0.5761592 0.5866615 0.5690947 -0.6018161 0.5148093 0.6105643 -0.6150658 0.4950024 0.6137319 -0.6780945 0.2671104 0.6847189 -0.689827 0.225634 0.6879158 -0.7041237 0 0.7100774 -0.7074331 -0.04620218 0.7052686 -0.6780963 -0.2671117 0.6847165 -0.6380702 -0.4311155 0.6379702 -0.5438265 -0.6256399 0.5593098 -0.5249135 -0.6785783 0.5138067 -0.4733087 -0.7249788 0.5003846 -0.6488525 0.3945832 0.6506109 -0.646445 0.3988604 0.6503993 -0.6732187 0.3103749 0.6711512 -0.6990663 0.1347858 0.7022386 -0.6986935 0.1362447 0.7023281 -0.7074338 0.0458936 0.705288 -0.6988652 -0.1347857 0.7024388 -0.6989603 -0.1366621 0.7019814 -0.6897785 -0.2258963 0.6878783 -0.6499083 -0.3736121 0.6618408 -0.6478765 -0.3945821 0.6515834 -0.67317 -0.3106239 0.671085 -0.6060623 -0.5148192 0.6063413 -0.6077497 -0.5012848 0.6159171 -0.5695245 -0.5974702 0.5645097 0.7071054 4.38733e-5 0.7071082 0.7071053 4.38737e-5 0.7071082 0.7071053 4.38737e-5 0.7071082 0.7071068 0 0.7071068 0.7071292 7.94415e-6 0.7070844 0.7070857 -8.64922e-6 0.7071279 0.7071945 3.75814e-5 0.7070192 0.7070758 -1.97975e-5 0.7071378 0.7070634 -2.66756e-5 0.7071502 0.707115 6.46282e-6 0.7070986 0.7070994 -7.4917e-6 0.7071142 0.707113 9.1154e-6 0.7071006 0.7071036 -6.6545e-6 0.7071101 0.7071074 2.12015e-6 0.7071061 0.7071121 1.83304e-5 0.7071015 0.707108 -5.95778e-6 0.7071055 0.7071071 -2.08249e-5 0.7071065 0.7071045 6.4993e-5 0.707109 0.7071085 -1.52305e-6 0.7071051 0.7071003 8.53422e-6 0.7071133 0.7071098 0 0.7071038 0.7070826 1.74444e-5 0.7071309 0.707096 1.00399e-5 0.7071176 0.7071503 -1.62769e-5 0.7070632 0.7071443 -1.37174e-5 0.7070692 0.7071292 -7.9445e-6 0.7070844 0.7071068 0 0.7071068 0.7070996 0 0.707114 0.7070991 0 0.7071144 0.7071126 2.24599e-7 0.7071011 0.707131 6.74291e-7 0.7070825 0.7070693 -1.201e-6 0.7071443 0.7071695 2.29206e-6 0.707044 0.7071085 -1.52305e-6 0.7071051 0.7071003 8.53423e-6 0.7071133 0.7071098 0 0.7071038 0.7070827 1.74442e-5 0.7071309 0.707096 1.004e-5 0.7071176 0.7071503 -1.6277e-5 0.7070632 0.7071443 -1.37174e-5 0.7070692 0.7071292 -7.94485e-6 0.7070844 0.7071068 0 0.7071068 0.7070995 0 0.707114 0.7070991 0 0.7071145 0.7071126 2.24599e-7 0.7071011 0.707131 6.74291e-7 0.7070825 0.7070033 -1.76791e-5 0.7072103 0.7071502 7.33044e-6 0.7070634 0.7070767 -5.30185e-6 0.7071369 0.7071281 3.63323e-6 0.7070856 0.7071121 8.24664e-7 0.7071015 0.7070995 -1.44442e-6 0.7071141 0.7070997 -1.42126e-6 0.7071139 0.7071069 0 0.7071067 0.7073609 7.46853e-5 0.7068526 0.7070321 -2.22713e-5 0.7071815 0.7071433 1.07369e-5 0.7070703 0.70708 -8.2606e-6 0.7071336 0.7071264 5.87334e-6 0.7070872 0.7071118 1.36953e-6 0.7071017 0.7070997 -2.4538e-6 0.7071138 0.7070997 -2.46689e-6 0.7071138 0.7071071 0 0.7071065 0.7072556 1.6443e-4 0.7069579 0.7070614 -5.12887e-5 0.7071523 0.7071427 3.9916e-5 0.7070708 0.7070811 -3.00864e-5 0.7071324 0.7071244 2.00569e-5 0.7070891 0.7070917 -1.86924e-5 0.7071219 0.7071197 1.5317e-5 0.7070938 0.7071107 4.03646e-6 0.7071029 0.7071012 -8.14784e-6 0.7071124 0.7071003 -9.33339e-6 0.7071133 0.7071071 -1.23214e-7 0.7071065 0.7071072 0 0.7071064 0.7071072 0 0.7071064 0.7071071 1.23215e-7 0.7071065 0.7071002 9.33316e-6 0.7071133 0.7071012 8.14784e-6 0.7071124 0.7071107 -4.03652e-6 0.7071029 0.7071197 -1.53372e-5 0.7070938 0.7070918 1.87138e-5 0.7071219 0.7071244 -2.00453e-5 0.7070891 0.7070811 3.00866e-5 0.7071325 0.7071076 0 0.707106 0.7071292 7.94415e-6 0.7070844 0.7070857 -8.64895e-6 0.7071279 0.7071944 3.7582e-5 0.7070192 0.7070758 -1.97977e-5 0.7071377 0.7070634 -2.66752e-5 0.7071502 0.7071151 6.46289e-6 0.7070986 0.7070994 -7.4916e-6 0.7071141 0.707113 9.11533e-6 0.7071006 0.7071036 -6.65467e-6 0.7071101 0.7071074 2.12013e-6 0.7071062 0.7071121 1.83302e-5 0.7071015 0.707108 -5.9579e-6 0.7071055 0.7071079 3.99356e-6 0.7071058 0.7071042 -8.99443e-5 0.7071093 0.7071031 1.07585e-4 0.7071105 0.7071044 6.0408e-5 0.7071092 0.707107 -2.08013e-5 0.7071065 0.7071068 0 0.7071068 0.7071292 7.94413e-6 0.7070843 0.7070856 -8.6493e-6 0.7071279 0.7071944 3.75809e-5 0.7070192 0.7070758 -1.97976e-5 0.7071377 0.7070634 -2.6676e-5 0.7071501 0.7071151 6.46276e-6 0.7070986 0.7070994 -7.49175e-6 0.7071141 0.707113 9.11529e-6 0.7071006 0.7071036 -6.65451e-6 0.7071101 0.7071074 2.12014e-6 0.7071062 0.7071121 1.83302e-5 0.7071015 0.707108 -5.95785e-6 0.7071056 0.7071059 -4.31701e-6 0.7071077 0.7071296 2.44211e-5 0.7070839 0.7070395 -1.00713e-4 0.7071741 0.7069956 -1.68788e-4 0.7072179 0.7071087 -5.82166e-6 0.7071049 0.7071135 -6.55572e-5 0.7071001 0.7071037 1.87652e-5 0.7071097 0.7071077 3.99344e-6 0.7071058 0.7071042 -8.99377e-5 0.7071093 0.7071031 1.07585e-4 0.7071105 0.7071045 6.04478e-5 0.7071092 0.7071071 -2.08019e-5 0.7071066 0.7071059 -4.31838e-6 0.7071077 0.7071297 2.44233e-5 0.707084 0.7070395 -1.00697e-4 0.707174 0.7069945 -1.68834e-4 0.707219 0.7071087 -5.8229e-6 0.7071048 0.7071135 -6.55488e-5 0.7071001 0.7071039 1.87651e-5 0.7071098 0.7071065 -4.31788e-6 0.7071071 0.7071297 2.44226e-5 0.7070839 0.7070397 -1.00705e-4 0.707174 0.7069956 -1.68845e-4 0.7072179 0.7071084 -1.52304e-6 0.7071051 0.7071002 8.53431e-6 0.7071133 0.7071098 0 0.7071038 0.7070826 1.7444e-5 0.7071309 0.707096 1.00402e-5 0.7071177 0.7071504 -1.62767e-5 0.7070631 0.7071444 -1.37177e-5 0.7070692 0.7071292 -7.9445e-6 0.7070844 0.7071087 -5.82238e-6 0.7071048 0.7071135 -6.55541e-5 0.7071002 0.7071037 1.87649e-5 0.7071097 0.7071079 1.89588e-5 0.7071056 0.7071051 -4.66626e-5 0.7071084 0.7071008 8.54553e-5 0.7071129 0.7071073 -6.16186e-5 0.7071064 0.707112 0 0.7071016 0.7071072 6.16185e-5 0.7071064 0.7071053 -4.37909e-5 0.7071082 0.7071079 -1.89511e-5 0.7071056 0.7071051 4.68315e-5 0.7071085 0.7071007 -8.56588e-5 0.7071129 0.7071078 -3.99351e-6 0.7071058 0.7071042 8.97895e-5 0.7071094 0.7071079 1.89588e-5 0.7071056 0.7071051 -4.66606e-5 0.7071084 0.7071006 8.5459e-5 0.7071129 0.7071073 -6.16183e-5 0.7071063 0.707112 0 0.7071016 0.7071073 6.16183e-5 0.7071063 0.7071054 -4.37932e-5 0.7071083 0.707108 -1.89511e-5 0.7071056 0.7071052 4.68294e-5 0.7071085 0.7071007 -8.56647e-5 0.7071129 0.7071077 -3.99344e-6 0.7071058 0.7071042 8.97889e-5 0.7071093 0.7071078 3.86563e-6 0.7071058 0.7071042 -8.99394e-5 0.7071094 0.7071031 1.07589e-4 0.7071105 0.707108 1.89585e-5 0.7071056 0.7071051 -4.66615e-5 0.7071085 0.7071007 8.54564e-5 0.7071129 0.7071073 -6.16186e-5 0.7071064 0.707112 0 0.7071016 0.7071073 6.1618e-5 0.7071064 0.7071054 -4.37923e-5 0.7071082 0.7071079 -1.89509e-5 0.7071057 0.7071051 4.68304e-5 0.7071085 0.7071007 -8.56623e-5 0.7071129 0.7071078 -3.99356e-6 0.7071058 0.7071042 8.97863e-5 0.7071093 -0.3144333 0.577187 0.7536491 -0.2158829 0.6024391 0.7684151 -0.491683 0.6104031 0.621012 -0.3833258 -0.7493845 0.5398928 -0.2159087 -0.6024218 0.7684214 -0.05929642 -0.1517839 0.9866334 -0.1304801 -0.3326756 0.933971 -0.1134737 -0.3938779 0.9121316 -0.05928701 0.1517859 0.9866337 -0.1304649 0.3327108 0.9339607 -0.1134722 0.3938451 0.9121459 -0.03180742 0.09348183 0.9951128 -0.1006132 0.2738375 0.9564988 -0.324874 0.6689218 0.6685811 -0.05516558 0.06370061 0.9964431 -0.05735981 0.07912164 0.9952134 -0.1695298 0.1847454 0.9680541 -0.1771417 0.2275676 0.9575144 -0.2777248 0.3015935 0.9120911 -0.2913468 0.3661831 0.8837574 -0.3764194 0.410984 0.8303015 -0.3958884 0.4896979 0.7768322 -0.4625759 0.510239 0.7250378 -0.07879322 0.01538622 0.9967722 -0.09539932 0.03047525 0.9949725 -0.2365236 0.03690856 0.9709244 -0.2842297 0.07526028 0.9557977 -0.3870874 0.06125515 0.920006 -0.4623808 0.1128213 0.8794745 -0.5262451 0.08923357 0.8456379 -0.6232245 0.1403913 0.7693384 -0.6502393 0.1220985 0.7498539 -0.2842294 -0.07538425 0.9557881 -0.3870883 -0.06142836 0.9199941 -0.4623426 -0.1130243 0.8794685 -0.5262479 -0.08945733 0.8456125 -0.6231718 -0.1406549 0.7693329 -0.6501789 -0.1223864 0.7498593 -0.1680684 -0.2426748 0.955438 -0.2750038 -0.3104996 0.9099247 -0.2786944 -0.3884564 0.8783115 -0.371335 -0.4236625 0.8262084 -0.3808025 -0.5168179 0.7667389 -0.453603 -0.5270349 0.7186644 -0.3864903 -0.7054409 0.5941199 -0.1006153 -0.2738437 0.9564969 -0.1963683 0.4299577 0.8812354 -0.2531523 0.453409 0.854596 -5.04636e-4 0.437812 0.8990663 -0.3867245 0.7054709 0.5939317 -0.3870606 0.6281492 0.6749908 -0.4046952 0.7514503 0.5210992 -0.4461902 0.7116131 0.542698 -0.4641267 0.6740067 0.5747187 -0.4769561 0.6677809 0.5714731 -0.5075472 0.6073189 0.6111952 -0.1951566 0.1957914 0.9610305 -0.07125425 0.0661202 0.9952643 -0.06644225 0.06535094 0.9956478 -0.2091735 0.1976521 0.9576953 -0.3169454 0.31955 0.8929913 -0.3393072 0.3214843 0.8840354 -0.4274019 0.4323306 0.7939887 -0.4568807 0.4328804 0.7770937 -0.522814 0.5302947 0.6674227 -0.5465044 0.528622 0.6495319 -0.5569381 0.4935259 0.6680211 -0.5709446 0.4454987 0.6896036 -0.5706765 0.4335431 0.6974014 -0.5902943 0.4042862 0.6986453 -0.5972372 0.349829 0.721753 -0.5233478 -0.5359014 0.6625078 -0.5852591 -0.468532 0.6617775 -0.5289455 -0.4646198 0.7101727 -0.6189462 -0.4095189 0.6702238 -0.5601195 -0.4160407 0.7163633 -0.6239809 -0.3495396 0.6989063 -0.5899166 -0.3604474 0.7225484 -0.1946079 -0.2200992 0.9558683 -0.06700956 -0.06948548 0.9953299 -0.06656318 -0.07362753 0.9950619 -0.1967565 -0.2074733 0.9582493 -0.3144611 -0.3583222 0.8790446 -0.3198024 -0.3371571 0.8854668 -0.4212651 -0.4830636 0.7675841 -0.4317267 -0.4535377 0.7796894 -0.5106532 -0.5894409 0.6259336 -0.5374001 -0.5319027 0.6544315 -0.4708865 -0.6223745 0.6252327 -0.4505434 -0.6234577 0.6389924 -0.5154028 -0.6483095 0.5604059 -0.422655 -0.6969411 0.5793408 -0.4727224 -0.7219108 0.5053498 -0.3244777 -0.6696268 0.6680673 -0.306724 -0.5236927 0.7947745 -0.2805177 -0.5866522 0.7597033 -0.2103731 -0.3968915 0.8934317 -0.2061915 -0.42549 0.8811601 -0.1291458 -0.243776 0.9611943 -0.1279249 -0.2616118 0.956658 -0.04418903 -0.08187532 0.9956625 -0.04411381 -0.08794915 0.9951477 -0.2643708 -0.3977894 0.8785623 -0.2106513 -0.4528642 0.8663372 -5.68508e-4 -0.4378194 0.8990627 -0.03750663 -0.09092199 0.9951515 -0.02696424 -0.08376044 0.9961211 -0.02854281 -0.08316624 0.9961268 0.01134973 -0.04896205 0.9987362 -0.1047068 -0.2393392 0.9652737 -0.07531279 -0.2503951 0.96521 -0.06081211 -0.2403156 0.9687881 -0.0335313 0.08128774 0.9961265 -0.01544469 0.08808803 0.9959929 -0.01728618 0.05037099 0.998581 -0.1047052 0.2393382 0.9652741 -0.06982243 0.2524295 0.9650929 -0.07411664 0.2430407 0.9671804 -0.2660572 0.5456252 0.794674 -0.2192003 0.4194878 0.8808979 -0.1972748 0.4036756 0.8933804 -0.1354598 0.2581799 0.9565531 -0.1216432 0.2477247 0.9611635 -0.04656666 0.08684402 0.995133 -0.04177343 0.08315402 0.9956607 -0.1340373 0.2321542 0.9633993 -0.04945051 0.07886421 0.9956582 -0.04587131 0.07780611 0.9959127 -0.1444911 0.2349696 0.9612032 -0.2176509 0.3789845 0.8994436 -0.2347258 0.3828217 0.893505 -0.2939758 0.5135623 0.8061216 -0.3171072 0.5172895 0.7948929 -0.3604619 0.6314533 0.6865376 -0.3887169 0.6336317 0.6688871 -0.1408999 0.2190288 0.9654914 -0.05160981 0.07423698 0.9959043 -0.04811549 0.07332265 0.9961469 -0.1512079 0.2214691 0.963373 -0.2292155 0.3580392 0.9051343 -0.246034 0.3613126 0.8994001 -0.3103255 0.4861668 0.8169087 -0.3330382 0.4892266 0.8060663 -0.3816228 0.5994091 0.7036141 -0.4094055 0.6009461 0.6864772 -0.1478788 0.2021357 0.9681286 -0.05430096 0.06903856 0.9961351 -0.05034488 0.06756699 0.9964437 -0.1593913 0.206209 0.9654389 -0.2411615 0.3310286 0.9122835 -0.2596123 0.3369309 0.9050298 -0.3273874 0.4505349 0.8305635 -0.3520272 0.4571597 0.8167508 -0.4042318 0.5573093 0.7252607 -0.4336754 0.5631343 0.703424 -0.2033333 0.1766772 0.9630373 -0.07264846 0.05848199 0.9956415 -0.06908345 0.05887579 0.9958721 -0.2138222 0.1751396 0.9610444 -0.3306658 0.288855 0.8984559 -0.3478541 0.285391 0.8930563 -0.4468602 0.3917277 0.8042794 -0.4699977 0.3853321 0.7941166 -0.2084932 0.1599766 0.9648513 -0.07402962 0.05271208 0.995862 -0.07067584 0.05323708 0.9960777 -0.218242 0.1580877 0.963005 -0.3395316 0.2619169 0.9033924 -0.3554393 0.2579462 0.8984023 -0.4596862 0.3559243 0.8136378 -0.4811313 0.3489435 0.8042083 -0.2132177 0.1433789 0.9664268 -0.0751065 0.04695349 0.9960695 -0.07217448 0.04765033 0.9962531 -0.2218899 0.1409707 0.9648275 -0.3477261 0.2350038 0.9076672 -0.3618417 0.2302532 0.9033572 -0.4715929 0.319886 0.82175 -0.4906544 0.3119616 0.8135958 -0.5951588 0.3510249 0.7228884 -0.4991139 0.2751504 0.8216919 -0.4820263 0.2833349 0.8290791 -0.3675274 0.2028343 0.9076244 -0.354899 0.2078362 0.9115102 -0.2251152 0.1240591 0.9664018 -0.2173548 0.1266544 0.9678406 -0.07609462 0.0412876 0.9962455 -0.07347524 0.0420525 0.99641 -0.2212871 0.1037212 0.9696772 -0.0777387 0.03399461 0.996394 -0.07465928 0.03439116 0.9966159 -0.2302277 0.1022825 0.9677466 -0.36185 0.1704239 0.9165262 -0.3761863 0.167416 0.9112934 -0.4924474 0.2327049 0.8386561 -0.5113441 0.2274435 0.828732 -0.6095864 0.2889791 0.7381704 -0.6319055 0.2806789 0.7224367 -0.2265318 0.07531815 0.9710873 -0.07859468 0.02439844 0.996608 -0.07629817 0.02493703 0.9967732 -0.2331783 0.07351231 0.9696514 -0.3708811 0.123923 0.9203751 -0.3815123 0.1204498 0.9164826 -0.5055102 0.1695231 0.8460031 -0.5195182 0.163872 0.8385981 -0.6270356 0.2110077 0.749868 -0.6435379 0.2026194 0.7381086 -0.2902346 0.01922762 0.9567623 -0.09860086 0.005983054 0.9951092 -0.09802716 0.00635612 0.9951635 -0.2918314 0.01803457 0.9562997 -0.4711562 0.03147488 0.8814881 -0.4736667 0.02922046 0.8802193 -0.6338345 0.04260247 0.7722945 -0.6369077 0.03913247 0.7699462 -0.2916936 -0.019468 0.9563137 -0.09802508 -0.005990147 0.995166 -0.09853714 -0.006429433 0.9951126 -0.2902334 -0.01802515 0.9567861 -0.473384 -0.03184127 0.8802804 -0.4711794 -0.02920269 0.8815538 -0.6365149 -0.0431047 0.7700589 -0.6339136 -0.03911077 0.7724143 -0.2365379 -0.03700888 0.9709172 -0.09537816 -0.03051483 0.9949733 -0.07877993 -0.01541894 0.9967728 -0.2317743 -0.07723015 0.969699 -0.07660108 -0.02374756 0.996779 -0.07812809 -0.02557027 0.9966154 -0.2275537 -0.07155799 0.9711327 -0.3790109 -0.1270818 0.9166249 -0.3727304 -0.1171686 0.9205127 -0.5158571 -0.1738922 0.8388402 -0.5084018 -0.1592784 0.8462613 -0.6385533 -0.2164319 0.7385168 -0.6311231 -0.1967904 0.7503046 -0.2277953 -0.1069877 0.9678134 -0.07526671 -0.03282833 0.9966229 -0.07694882 -0.03548163 0.9964035 -0.223278 -0.09880256 0.9697345 -0.3718952 -0.1758224 0.9114716 -0.3654402 -0.1615888 0.9167019 -0.5050289 -0.2400821 0.8290394 -0.4979805 -0.2194448 0.8389633 -0.6233432 -0.2980816 0.7229043 -0.6173344 -0.2706526 0.7386782 -0.2222343 -0.134415 0.9656835 -0.07383161 -0.04136687 0.9964124 -0.07526129 -0.04466927 0.9961629 -0.218611 -0.1243473 0.9678569 -0.362125 -0.2205128 0.9056708 -0.3574361 -0.203204 0.9115632 -0.4905232 -0.3004163 0.818008 -0.4863502 -0.2755411 0.8291807 -0.2160279 -0.1598227 0.9632178 -0.0721758 -0.04934978 0.9961703 -0.07335841 -0.05321508 0.9958849 -0.2132436 -0.1480661 0.965714 -0.3512543 -0.2617183 0.8989571 -0.3482255 -0.2416445 0.9057301 -0.4744473 -0.355619 0.8052545 -0.4730401 -0.3270409 0.8180938 -0.2088708 -0.1841055 0.9604573 -0.07028084 -0.05709153 0.9958922 -0.07111895 -0.06141132 0.9955756 -0.2071998 -0.1709522 0.9632464 -0.3388119 -0.3008103 0.8914705 -0.337879 -0.2786023 0.8990098 -0.4561923 -0.4075562 0.7910667 -0.4580928 -0.3762989 0.8053261 -0.2009927 -0.203427 0.9582377 -0.06874001 -0.06395411 0.9955826 -0.06859374 -0.06797373 0.9953263 -0.2021861 -0.1912611 0.9604895 -0.3254294 -0.3317755 0.8854494 -0.3290799 -0.3112536 0.8915311 -0.4371097 -0.4483827 0.7796719 -0.4450437 -0.419555 0.7911446 -0.1679682 -0.190268 0.9672563 -0.052881 -0.08534002 0.9949476 -0.05370402 -0.0662586 0.9963561 -0.151232 -0.2124078 0.9654076 -0.05202156 -0.06754893 0.9963588 -0.05162543 -0.07106912 0.9961346 -0.152994 -0.2017977 0.967404 -0.2458232 -0.3474341 0.9049091 -0.2499719 -0.3299157 0.910313 -0.3323307 -0.4720765 0.816517 -0.3401772 -0.4480325 0.8267686 -0.4080034 -0.5825837 0.7029435 -0.4210911 -0.5526363 0.7192186 -0.1430429 -0.2360225 0.9611619 -0.04845261 -0.07325303 0.9961357 -0.04905807 -0.07916158 0.9956539 -0.1422064 -0.2186146 0.9653937 -0.2315117 -0.3850798 0.8933733 -0.2322108 -0.3567794 0.9048683 -0.3112306 -0.5211253 0.7947099 -0.3157742 -0.4834173 0.8164523 -0.3793413 -0.639658 0.6685342 -0.3904617 -0.5945686 0.7028712 -0.4752909 0.7250166 0.498447 -0.5297166 0.6716578 0.5179539 -0.5439704 0.6256353 0.559175 -0.5761619 0.5866504 0.5691036 -0.601813 0.5148139 0.6105636 -0.6150649 0.4950037 0.6137316 -0.6780956 0.2671043 0.6847202 -0.6898275 0.2256295 0.6879166 -0.7041236 0 0.7100774 -0.7074331 -0.04620218 0.7052686 -0.6780984 -0.2671044 0.6847174 -0.6380748 -0.4311027 0.6379742 -0.5438296 -0.6256341 0.5593134 -0.5249106 -0.6785886 0.513796 -0.4733144 -0.7249815 0.5003753 -0.6488508 0.3945881 0.6506096 -0.6464434 0.3988651 0.6503981 -0.6732198 0.3103708 0.6711521 -0.6990661 0.1347878 0.7022385 -0.6986928 0.1362488 0.702328 -0.7074338 0.0458939 0.7052881 -0.698865 -0.1347877 0.7024385 -0.69896 -0.1366614 0.7019819 -0.6897771 -0.2259005 0.6878782 -0.649905 -0.3736384 0.6618292 -0.647875 -0.3945868 0.6515823 -0.673173 -0.3106124 0.6710872 -0.6060606 -0.5148237 0.606339 -0.6077478 -0.5012916 0.6159134 -0.5695282 -0.5974634 0.5645132 -0.3144472 0.5771971 0.7536355 -0.2158967 0.6024507 0.768402 -0.4916848 0.6104188 0.6209951 -0.38331 -0.7493877 0.5398997 -0.2159335 -0.6024216 0.7684146 -0.05929154 -0.1517777 0.9866347 -0.1304664 -0.3326599 0.9339786 -0.113452 -0.3938788 0.9121339 -0.05928438 0.1517881 0.9866335 -0.130453 0.3327103 0.9339625 -0.1134556 0.3938533 0.9121444 -0.03180897 0.09347778 0.9951131 -0.1006184 0.2738452 0.9564961 -0.3248886 0.6689251 0.6685706 -0.05516529 0.06369775 0.9964434 -0.05736035 0.07912474 0.9952131 -0.1695293 0.1847509 0.9680532 -0.1771403 0.2275707 0.9575139 -0.277724 0.3015984 0.9120898 -0.2913448 0.3661848 0.8837572 -0.3764179 0.4109864 0.830301 -0.3958828 0.4896839 0.776844 -0.4625694 0.5102246 0.7250519 -0.07879322 0.01538646 0.9967722 -0.0953989 0.03047525 0.9949725 -0.236525 0.03690862 0.9709241 -0.2842308 0.07525902 0.9557976 -0.3870867 0.06125432 0.9200064 -0.4623813 0.1128209 0.8794742 -0.5262451 0.08923339 0.8456379 -0.6232239 0.1403907 0.7693389 -0.6502345 0.122101 0.7498577 -0.2842295 -0.07538449 0.955788 -0.3870899 -0.06142836 0.9199935 -0.4623425 -0.1130223 0.8794688 -0.5262486 -0.08945548 0.8456124 -0.6231726 -0.1406518 0.7693329 -0.6501771 -0.1223853 0.749861 -0.1680699 -0.2426755 0.9554377 -0.2750034 -0.310499 0.9099251 -0.2786938 -0.3884488 0.878315 -0.3713418 -0.4236571 0.8262082 -0.3808115 -0.5168185 0.7667342 -0.4535953 -0.5270332 0.7186706 -0.3864758 -0.7054331 0.5941385 -0.1006143 -0.2738469 0.956496 -0.1963614 0.4299455 0.8812429 -0.253166 0.4534048 0.8545941 -5.15984e-4 0.4378092 0.8990678 -0.3867178 0.7054614 0.5939475 -0.3870545 0.6281659 0.6749787 -0.4046846 0.7514504 0.5211072 -0.4462032 0.7115902 0.5427173 -0.464123 0.6740177 0.5747087 -0.4769678 0.6677843 0.5714593 -0.5075528 0.6073337 0.611176 -0.1951535 0.1957917 0.9610311 -0.07125514 0.06612235 0.9952641 -0.06644338 0.06535315 0.9956477 -0.2091743 0.197653 0.9576948 -0.3169384 0.3195421 0.8929966 -0.3393142 0.3214775 0.8840351 -0.4274147 0.4323257 0.7939844 -0.4568682 0.432875 0.777104 -0.5228064 0.5302993 0.6674251 -0.5465136 0.5286253 0.6495215 -0.556928 0.4935339 0.6680236 -0.5709407 0.4454884 0.6896135 -0.5706727 0.4335402 0.6974064 -0.5902841 0.4042938 0.6986497 -0.5972294 0.3498269 0.7217605 -0.5233253 -0.5358961 0.66253 -0.5852454 -0.4685212 0.6617972 -0.5289729 -0.464612 0.7101573 -0.6189596 -0.4095169 0.6702127 -0.5601065 -0.4160416 0.7163729 -0.6239622 -0.3495499 0.6989178 -0.5899232 -0.3604495 0.7225419 -0.1946044 -0.2201038 0.9558679 -0.06700921 -0.06948781 0.9953297 -0.06656306 -0.07362765 0.9950619 -0.1967545 -0.2074704 0.9582503 -0.3144579 -0.3583174 0.8790478 -0.3197953 -0.3371691 0.8854649 -0.4212543 -0.4830803 0.7675794 -0.4317203 -0.4535438 0.7796894 -0.5106444 -0.589448 0.6259341 -0.5374004 -0.5318912 0.6544408 -0.4708789 -0.62238 0.6252329 -0.4505722 -0.6234614 0.6389683 -0.5153931 -0.648298 0.560428 -0.4226419 -0.6969294 0.5793647 -0.4727269 -0.7219082 0.5053491 -0.3244786 -0.6696275 0.6680663 -0.3067255 -0.523698 0.7947704 -0.2805197 -0.5866568 0.7596989 -0.2103693 -0.3968809 0.8934373 -0.2061874 -0.4254801 0.881166 -0.1291505 -0.2437869 0.961191 -0.1279307 -0.2616119 0.9566572 -0.04418927 -0.08187204 0.9956628 -0.04411411 -0.08794909 0.9951477 -0.2643911 -0.3977681 0.8785657 -0.2106484 -0.4528675 0.8663361 -5.43257e-4 -0.4378196 0.8990626 -0.03750681 -0.09092199 0.9951515 -0.0269643 -0.08376038 0.9961211 -0.02854096 -0.08316689 0.9961268 0.011348 -0.04896485 0.998736 -0.1047065 -0.2393381 0.9652739 -0.07530653 -0.2503961 0.9652101 -0.06081748 -0.2403244 0.9687855 -0.03353148 0.08129245 0.9961261 -0.01544559 0.08809286 0.9959925 -0.01728683 0.05037087 0.998581 -0.1047112 0.2393319 0.965275 -0.06981319 0.2524287 0.9650937 -0.07411068 0.2430335 0.9671826 -0.2660543 0.5456246 0.7946754 -0.2191937 0.4194759 0.8809052 -0.197281 0.4036732 0.8933802 -0.1354671 0.258186 0.9565504 -0.1216387 0.2477219 0.9611649 -0.04656451 0.08684188 0.9951333 -0.04177302 0.08315324 0.995661 -0.1340422 0.2321548 0.9633986 -0.04945129 0.07886284 0.9956582 -0.04587155 0.07780456 0.9959128 -0.144486 0.2349675 0.9612045 -0.2176455 0.3789868 0.8994439 -0.2347224 0.3828246 0.8935047 -0.2939719 0.5135679 0.8061195 -0.3170958 0.517294 0.7948945 -0.3604511 0.6314676 0.6865302 -0.3887102 0.6336463 0.6688773 -0.1408993 0.219034 0.9654903 -0.05160826 0.07423657 0.9959044 -0.04811376 0.07332223 0.996147 -0.1512055 0.2214739 0.9633723 -0.2292059 0.3580367 0.9051377 -0.2460337 0.3613119 0.8994005 -0.3103218 0.4861594 0.8169146 -0.3330512 0.4892214 0.8060641 -0.3816404 0.5994068 0.7036066 -0.4094216 0.6009433 0.68647 -0.1478835 0.2021374 0.9681275 -0.05430108 0.06903696 0.9961352 -0.05034339 0.06756484 0.9964439 -0.1593956 0.2062106 0.9654379 -0.241167 0.331029 0.9122819 -0.2596054 0.3369273 0.9050332 -0.3273835 0.4505391 0.8305628 -0.3520121 0.457161 0.8167566 -0.4042105 0.5573049 0.725276 -0.4336852 0.5631362 0.7034165 -0.2033422 0.1766709 0.9630365 -0.07265233 0.05848073 0.9956413 -0.06908255 0.05887502 0.9958721 -0.2138246 0.1751343 0.9610448 -0.3306756 0.288852 0.8984531 -0.3478398 0.2853929 0.8930612 -0.4468508 0.3917413 0.8042781 -0.4699944 0.3853439 0.7941129 -0.2084902 0.1599827 0.964851 -0.07402741 0.05271315 0.9958621 -0.07067644 0.05323767 0.9960776 -0.218241 0.1580933 0.9630044 -0.3395198 0.2619175 0.9033966 -0.3554497 0.2579414 0.8983995 -0.4597016 0.3559188 0.8136315 -0.4811341 0.348942 0.8042073 -0.2132209 0.143378 0.9664262 -0.07510757 0.04695326 0.9960694 -0.07217204 0.04765093 0.9962533 -0.2218914 0.1409704 0.9648272 -0.3477248 0.2350004 0.9076686 -0.3618323 0.2302526 0.903361 -0.4715965 0.3198987 0.8217431 -0.4906549 0.3119752 0.8135904 -0.5951692 0.3510122 0.7228859 -0.4991272 0.2751445 0.8216858 -0.4820199 0.2833384 0.8290815 -0.3675228 0.2028369 0.9076256 -0.3549056 0.2078344 0.9115081 -0.2251184 0.1240575 0.9664013 -0.217352 0.1266549 0.9678413 -0.07609295 0.04128736 0.9962456 -0.07347637 0.04205143 0.99641 -0.2212844 0.1037219 0.9696778 -0.07773876 0.03399533 0.996394 -0.07466137 0.03439164 0.9966158 -0.2302252 0.1022831 0.9677472 -0.3618462 0.1704252 0.9165275 -0.376191 0.1674155 0.9112916 -0.4924485 0.2327011 0.8386565 -0.5113419 0.2274406 0.828734 -0.609588 0.2889781 0.7381694 -0.6319091 0.2806771 0.7224342 -0.2265349 0.0753172 0.9710867 -0.07859629 0.02439832 0.9966079 -0.07629823 0.02493733 0.9967731 -0.2331765 0.07351273 0.9696518 -0.3708791 0.123924 0.9203758 -0.3815094 0.120451 0.9164835 -0.5055094 0.1695262 0.8460031 -0.5195167 0.1638752 0.8385984 -0.6270276 0.2110093 0.7498743 -0.6435399 0.202616 0.7381079 -0.2902343 0.0192278 0.9567624 -0.0986008 0.005983114 0.9951091 -0.09802722 0.00635606 0.9951634 -0.2918316 0.01803439 0.9562996 -0.471157 0.03147464 0.8814877 -0.4736668 0.02922087 0.8802192 -0.633834 0.04260301 0.7722949 -0.6369076 0.03913271 0.7699464 -0.2916936 -0.01946806 0.9563137 -0.09802496 -0.005990147 0.995166 -0.09853714 -0.006429553 0.9951125 -0.2902337 -0.01802539 0.956786 -0.4733839 -0.03184169 0.8802805 -0.4711786 -0.02920228 0.8815543 -0.636515 -0.04310417 0.7700589 -0.6339141 -0.03911083 0.772414 -0.2365366 -0.03700786 0.9709175 -0.09537827 -0.03051406 0.9949733 -0.07878047 -0.015419 0.9967727 -0.2317725 -0.07723033 0.9696995 -0.07660186 -0.02374809 0.9967789 -0.07812827 -0.02557003 0.9966154 -0.227551 -0.07155668 0.9711334 -0.3790133 -0.1270822 0.9166237 -0.3727332 -0.1171696 0.9205114 -0.5158574 -0.1738921 0.8388401 -0.5084021 -0.1592785 0.846261 -0.638547 -0.2164291 0.738523 -0.6311191 -0.1967927 0.7503074 -0.2277946 -0.1069891 0.9678136 -0.07526659 -0.03282874 0.9966229 -0.0769487 -0.0354821 0.9964035 -0.2232761 -0.09880173 0.969735 -0.3718922 -0.175821 0.911473 -0.365441 -0.1615952 0.9167006 -0.5050281 -0.2400905 0.8290374 -0.4979788 -0.2194496 0.8389631 -0.6233449 -0.2980908 0.722899 -0.6173309 -0.2706384 0.7386863 -0.2222313 -0.1344105 0.9656848 -0.07383203 -0.04136627 0.9964124 -0.07526212 -0.04466974 0.9961627 -0.2186102 -0.1243488 0.9678568 -0.3621263 -0.2205171 0.9056692 -0.3574348 -0.2031986 0.911565 -0.4905266 -0.3004121 0.8180074 -0.4863541 -0.2755415 0.8291783 -0.2160289 -0.159827 0.9632169 -0.07217615 -0.04935115 0.9961702 -0.07335841 -0.05321514 0.9958849 -0.2132418 -0.1480588 0.9657155 -0.3512552 -0.2617087 0.8989596 -0.348228 -0.2416474 0.9057282 -0.4744424 -0.3556154 0.8052591 -0.4730361 -0.3270479 0.8180933 -0.2088728 -0.1841073 0.9604565 -0.07028084 -0.05709153 0.9958922 -0.07111901 -0.06141155 0.9955756 -0.2072019 -0.1709555 0.9632453 -0.3388113 -0.3008122 0.8914701 -0.3378781 -0.2785944 0.8990125 -0.4562013 -0.4075561 0.7910616 -0.4581023 -0.3762767 0.805331 -0.2009935 -0.2034214 0.9582386 -0.06874114 -0.06395322 0.9955825 -0.06859481 -0.06797462 0.9953261 -0.2021859 -0.1912652 0.9604887 -0.3254283 -0.3317817 0.8854475 -0.3290797 -0.3112552 0.8915306 -0.4371084 -0.4483839 0.7796719 -0.4450389 -0.41957 0.7911393 -0.1679694 -0.1902682 0.967256 -0.05288118 -0.0853399 0.9949476 -0.0537042 -0.06625819 0.9963563 -0.1512323 -0.212403 0.9654086 -0.05202215 -0.06754815 0.9963589 -0.0516259 -0.07107001 0.9961344 -0.1529933 -0.2017995 0.9674037 -0.2458244 -0.3474411 0.9049061 -0.2499756 -0.329912 0.9103133 -0.3323331 -0.4720662 0.816522 -0.3401759 -0.4480335 0.8267686 -0.4080063 -0.5825943 0.702933 -0.4211069 -0.552616 0.719225 -0.1430436 -0.2360351 0.9611586 -0.04845166 -0.07325494 0.9961356 -0.04905664 -0.07915937 0.9956542 -0.1422063 -0.2186101 0.9653947 -0.2315098 -0.3850684 0.8933787 -0.2322085 -0.356789 0.904865 -0.3112249 -0.5211347 0.7947061 -0.3157708 -0.4834109 0.8164574 -0.379341 -0.6396592 0.6685331 -0.3904583 -0.5945836 0.7028604 -0.4753048 0.7250145 0.4984368 -0.529722 0.671663 0.5179416 -0.5439772 0.6256355 0.5591683 -0.5761527 0.5866698 0.5690928 -0.6018107 0.5148172 0.610563 -0.6150658 0.4950024 0.6137319 -0.6780931 0.267112 0.6847197 -0.6898272 0.2256299 0.6879168 -0.7041236 0 0.7100775 -0.7074331 -0.04620176 0.7052688 -0.6780969 -0.2671086 0.6847171 -0.638072 -0.4311023 0.6379771 -0.5438193 -0.6256457 0.5593104 -0.5249065 -0.6785815 0.5138098 -0.4733116 -0.7249727 0.5003905 -0.6488544 0.3945767 0.6506129 -0.6464477 0.3988524 0.6504016 -0.6732159 0.3103857 0.6711491 -0.6990661 0.1347874 0.7022386 -0.6986942 0.1362425 0.7023278 -0.707434 0.04589444 0.7052878 -0.6988649 -0.1347873 0.7024388 -0.6989599 -0.136662 0.7019819 -0.6897772 -0.2259 0.6878783 -0.6499064 -0.3736163 0.6618401 -0.6478743 -0.3945887 0.6515817 -0.6731707 -0.3106212 0.6710855 -0.6060625 -0.5148112 0.6063477 -0.6077479 -0.5012925 0.6159124 -0.5695288 -0.5974636 0.5645125 -0.3144337 0.57719 0.7536466 -0.2159112 0.602436 0.7684095 -0.491678 0.6104003 0.6210188 -0.3833152 -0.7493872 0.5398966 -0.2159054 -0.6024094 0.768432 -0.05929327 -0.1517794 0.9866343 -0.1304624 -0.3326524 0.9339817 -0.1134427 -0.3938861 0.9121318 -0.05928194 0.1517769 0.9866354 -0.1304693 0.3327165 0.9339579 -0.1134818 0.3938364 0.9121484 -0.03180837 0.09348142 0.9951128 -0.1006147 0.2738369 0.9564988 -0.3248747 0.6689301 0.6685724 -0.05516588 0.06370037 0.9964431 -0.05736029 0.07912206 0.9952132 -0.1695324 0.1847478 0.9680532 -0.1771442 0.2275676 0.9575139 -0.2777197 0.3015874 0.9120947 -0.2913423 0.3661835 0.8837587 -0.3764172 0.410986 0.8303016 -0.3958866 0.4897038 0.7768295 -0.4625741 0.510245 0.7250345 -0.0787934 0.0153861 0.9967722 -0.09539985 0.03047508 0.9949724 -0.2365233 0.03690832 0.9709245 -0.2842281 0.07525897 0.9557983 -0.3870865 0.06125408 0.9200065 -0.4623824 0.1128215 0.8794735 -0.5262449 0.08923429 0.845638 -0.6232227 0.1403915 0.7693398 -0.6502407 0.1220967 0.749853 -0.28423 -0.07538419 0.9557879 -0.3870865 -0.0614286 0.9199949 -0.4623422 -0.1130268 0.8794684 -0.5262483 -0.08945906 0.8456121 -0.6231715 -0.1406571 0.7693328 -0.6501806 -0.1223869 0.7498578 -0.1680718 -0.2426745 0.9554376 -0.2750036 -0.3104963 0.9099259 -0.2786942 -0.3884494 0.8783146 -0.371345 -0.4236587 0.826206 -0.380815 -0.5168161 0.766734 -0.4535971 -0.5270304 0.7186713 -0.3864799 -0.7054511 0.5941146 -0.1006162 -0.2738362 0.9564989 -0.1963689 0.4299541 0.881237 -0.253172 0.4534127 0.854588 -4.86338e-4 0.4378135 0.8990656 -0.3866869 0.7054582 0.5939715 -0.3870221 0.6280015 0.6751504 -0.4046838 0.7514648 0.5210869 -0.4461858 0.7116219 0.5426901 -0.4641314 0.6739962 0.5747271 -0.4769623 0.6677698 0.5714811 -0.5075491 0.6073148 0.6111977 -0.1951526 0.1957908 0.9610315 -0.07125401 0.06612116 0.9952642 -0.06644147 0.06535184 0.9956479 -0.2091755 0.1976523 0.9576947 -0.3169469 0.3195484 0.8929913 -0.3393057 0.3214824 0.8840366 -0.4274075 0.4323377 0.7939818 -0.4568777 0.4328873 0.7770916 -0.5228067 0.5302979 0.6674259 -0.5464964 0.5286254 0.649536 -0.556944 0.493515 0.6680243 -0.570948 0.4454946 0.6896035 -0.57068 0.4335477 0.6973957 -0.5902925 0.4042984 0.6986398 -0.5972381 0.3498206 0.7217563 -0.5233302 -0.5359064 0.6625179 -0.5852509 -0.4685294 0.6617867 -0.5289593 -0.4646188 0.710163 -0.6189576 -0.4095174 0.6702142 -0.5601106 -0.4160414 0.7163698 -0.6239746 -0.3495395 0.6989118 -0.5899147 -0.3604458 0.7225508 -0.1946105 -0.2200992 0.9558677 -0.06700927 -0.06948417 0.9953299 -0.06656271 -0.07362794 0.995062 -0.1967585 -0.207476 0.9582483 -0.3144579 -0.3583182 0.8790475 -0.3197995 -0.337153 0.8854695 -0.4212685 -0.4830686 0.7675791 -0.431734 -0.4535307 0.7796894 -0.5106631 -0.5894324 0.6259335 -0.5374059 -0.5319011 0.6544282 -0.4708815 -0.6223785 0.6252324 -0.4505383 -0.6234616 0.6389922 -0.5153964 -0.6483134 0.5604074 -0.4226582 -0.6969397 0.5793403 -0.4727261 -0.7219094 0.5053482 -0.3244599 -0.6696317 0.6680712 -0.3067118 -0.5237079 0.7947691 -0.2805162 -0.5866397 0.7597135 -0.2103747 -0.3968906 0.8934317 -0.2061922 -0.4254965 0.8811569 -0.129144 -0.2437747 0.9611949 -0.1279234 -0.2616057 0.9566598 -0.04418903 -0.08187448 0.9956625 -0.04411381 -0.08794915 0.9951477 -0.2643644 -0.3977989 0.8785599 -0.210658 -0.4528606 0.8663374 -5.65607e-4 -0.4378154 0.8990647 -0.03750663 -0.09092199 0.9951515 -0.02696424 -0.08376044 0.9961211 -0.02854281 -0.08316624 0.9961268 0.01134973 -0.04896205 0.9987362 -0.1047068 -0.2393392 0.9652737 -0.07530903 -0.2503965 0.9652099 -0.06081801 -0.2403236 0.9687857 -0.03353184 0.08128911 0.9961264 -0.01544612 0.08808922 0.9959928 -0.01728707 0.05037105 0.998581 -0.1047067 0.2393353 0.9652746 -0.069821 0.2524276 0.9650934 -0.07411181 0.2430465 0.9671793 -0.2660549 0.5456264 0.7946739 -0.2191975 0.4194858 0.8808996 -0.197272 0.4036736 0.893382 -0.1354588 0.2581803 0.9565531 -0.1216387 0.2477225 0.9611647 -0.04656565 0.0868445 0.995133 -0.04177498 0.0831564 0.9956605 -0.1340404 0.2321476 0.9634006 -0.04945361 0.07886564 0.9956578 -0.04586815 0.07780563 0.9959129 -0.1444948 0.2349631 0.9612042 -0.2176595 0.3789792 0.8994438 -0.2347308 0.3828155 0.8935064 -0.2939916 0.5135744 0.8061081 -0.3170943 0.517297 0.7948931 -0.3604435 0.6314553 0.6865456 -0.3887246 0.6336357 0.6688789 -0.1408948 0.2190276 0.9654924 -0.05160766 0.07423591 0.9959045 -0.04811769 0.07332277 0.9961468 -0.1512026 0.2214678 0.9633741 -0.2292118 0.3580453 0.9051328 -0.2460255 0.3613179 0.8994002 -0.3103126 0.4861711 0.8169112 -0.3330574 0.4892352 0.8060532 -0.3816404 0.5994068 0.7036066 -0.4093979 0.6009423 0.6864851 -0.147883 0.2021372 0.9681277 -0.05430245 0.0690391 0.996135 -0.05034488 0.06756699 0.9964437 -0.1593871 0.2062075 0.9654399 -0.2411533 0.3310241 0.9122873 -0.2596176 0.3369307 0.9050284 -0.3273923 0.4505311 0.8305637 -0.3520283 0.4571548 0.8167532 -0.4042367 0.5573104 0.7252571 -0.4336852 0.5631362 0.7034165 -0.2033398 0.1766763 0.9630361 -0.07264959 0.05848073 0.9956415 -0.06908226 0.05887478 0.9958721 -0.2138177 0.1751402 0.9610452 -0.3306604 0.288858 0.8984569 -0.347852 0.2853933 0.8930563 -0.4468575 0.3917311 0.8042793 -0.4700087 0.3853315 0.7941104 -0.2084954 0.1599784 0.9648506 -0.07402849 0.05271118 0.9958621 -0.07067734 0.05323576 0.9960777 -0.2182461 0.1580891 0.9630038 -0.3395332 0.2619147 0.9033924 -0.3554378 0.2579448 0.8984032 -0.4596842 0.3559225 0.8136397 -0.4811339 0.3489403 0.8042082 -0.2132114 0.1433816 0.9664278 -0.07510572 0.04695534 0.9960694 -0.07217389 0.04765212 0.9962531 -0.2218928 0.140971 0.9648268 -0.3477323 0.2350053 0.9076644 -0.3618386 0.2302576 0.9033572 -0.471587 0.3198909 0.8217516 -0.4906483 0.3119665 0.8135978 -0.595153 0.3510202 0.7228954 -0.4991122 0.2751491 0.8216934 -0.4820348 0.2833287 0.8290762 -0.3675352 0.2028312 0.9076218 -0.3549068 0.2078331 0.9115079 -0.2251145 0.1240538 0.9664026 -0.2173537 0.1266492 0.9678416 -0.07609558 0.0412867 0.9962454 -0.07347613 0.04205161 0.99641 -0.2212857 0.103722 0.9696775 -0.07773876 0.03399515 0.996394 -0.0746594 0.0343917 0.9966159 -0.2302238 0.1022837 0.9677474 -0.3618496 0.1704289 0.9165254 -0.3761889 0.1674203 0.9112915 -0.4924444 0.2327072 0.8386572 -0.511348 0.2274438 0.8287295 -0.609591 0.2889793 0.7381666 -0.6318966 0.2806841 0.7224425 -0.2265309 0.07531839 0.9710875 -0.07859486 0.02439862 0.996608 -0.07629835 0.02493727 0.9967731 -0.2331775 0.07351255 0.9696516 -0.3708787 0.123923 0.920376 -0.3815139 0.1204485 0.916482 -0.5055109 0.1695207 0.8460032 -0.5195174 0.1638702 0.838599 -0.6270375 0.2110068 0.7498667 -0.6435416 0.2026174 0.738106 -0.2902343 0.01922786 0.9567624 -0.09860098 0.005983114 0.995109 -0.09802722 0.006356239 0.9951635 -0.291831 0.01803493 0.9562999 -0.4711559 0.03147554 0.8814882 -0.4736672 0.02922052 0.8802191 -0.6338345 0.04260247 0.7722945 -0.6369072 0.03913313 0.7699466 -0.2916938 -0.01946765 0.9563136 -0.09802502 -0.005990028 0.995166 -0.09853708 -0.006429314 0.9951126 -0.2902338 -0.01802492 0.956786 -0.4733841 -0.03184086 0.8802804 -0.4711796 -0.02920252 0.8815537 -0.636515 -0.04310435 0.770059 -0.6339136 -0.03911042 0.7724143 -0.2365379 -0.03700864 0.9709172 -0.09537798 -0.03051465 0.9949734 -0.07878059 -0.01541948 0.9967727 -0.2317753 -0.07723152 0.9696987 -0.07660216 -0.02374827 0.9967789 -0.07812827 -0.02556985 0.9966153 -0.2275537 -0.07155799 0.9711327 -0.3790087 -0.127081 0.9166257 -0.3727277 -0.1171666 0.920514 -0.5158576 -0.173891 0.8388402 -0.508403 -0.1592789 0.8462603 -0.6385533 -0.2164319 0.7385168 -0.631125 -0.1967951 0.750302 -0.227792 -0.1069853 0.9678145 -0.07526677 -0.03282809 0.9966229 -0.07694876 -0.03548109 0.9964035 -0.2232784 -0.09880656 0.969734 -0.3718965 -0.1758298 0.9114696 -0.3654377 -0.1615874 0.9167033 -0.5050323 -0.240084 0.8290369 -0.4979818 -0.2194415 0.8389634 -0.6233437 -0.2980763 0.7229061 -0.6173353 -0.2706505 0.7386783 -0.2222338 -0.1344158 0.9656834 -0.0738312 -0.04136687 0.9964124 -0.07526075 -0.04466933 0.9961628 -0.2186084 -0.1243423 0.9678581 -0.3621246 -0.2205066 0.9056724 -0.3574389 -0.20321 0.9115608 -0.4905279 -0.3004257 0.8180016 -0.4863537 -0.2755438 0.8291777 -0.2160286 -0.1598219 0.9632178 -0.07217562 -0.04934924 0.9961704 -0.07335823 -0.05321455 0.995885 -0.2132442 -0.1480652 0.965714 -0.3512555 -0.2617169 0.8989571 -0.3482257 -0.2416369 0.9057321 -0.4744506 -0.3556106 0.8052563 -0.4730441 -0.3270525 0.8180868 -0.2088695 -0.1841025 0.9604581 -0.07028073 -0.05709087 0.9958922 -0.07111895 -0.06141132 0.9955756 -0.207199 -0.1709531 0.9632464 -0.3388104 -0.300812 0.8914706 -0.3378776 -0.278604 0.8990098 -0.4561957 -0.4075648 0.7910604 -0.4580971 -0.3762893 0.8053282 -0.2009921 -0.203432 0.9582367 -0.06873917 -0.06395494 0.9955826 -0.0685929 -0.06797295 0.9953264 -0.2021865 -0.1912559 0.9604903 -0.3254309 -0.3317673 0.885452 -0.3290799 -0.3112536 0.8915311 -0.4371097 -0.4483827 0.7796719 -0.4450391 -0.4195724 0.7911379 -0.1679708 -0.1902704 0.9672554 -0.052881 -0.08534002 0.9949476 -0.05370414 -0.06625699 0.9963563 -0.1512321 -0.2124145 0.9654061 -0.05201989 -0.06754857 0.9963589 -0.05162382 -0.07106786 0.9961347 -0.1529946 -0.201802 0.967403 -0.2458175 -0.347431 0.9049118 -0.2499655 -0.329917 0.9103142 -0.332327 -0.4720877 0.8165121 -0.3401753 -0.4480383 0.8267662 -0.4079954 -0.5825801 0.7029511 -0.4210835 -0.5526326 0.7192258 -0.1430437 -0.2360198 0.9611624 -0.04845207 -0.07325094 0.996136 -0.04905772 -0.07916098 0.995654 -0.1422076 -0.2186209 0.9653921 -0.2315087 -0.3850815 0.8933733 -0.2322081 -0.356774 0.9048711 -0.3112336 -0.5211318 0.7947045 -0.3157771 -0.4834241 0.8164471 -0.3793399 -0.6396544 0.6685383 -0.3904616 -0.5945593 0.702879 0.7026593 -0.1119896 -0.7026581 0.6674328 -0.3302553 -0.6674317 0.6674291 -0.3302671 -0.6674295 0.5987229 -0.5320352 -0.5987232 0.5987178 -0.5320451 -0.5987195 0.500007 -0.7070959 -0.5000084 0.500007 -0.7070959 -0.5000084 0.3762056 -0.8467219 -0.3762066 0.3762057 -0.8467218 -0.3762068 0.2335354 -0.9438867 -0.2335361 0.2335451 -0.9438823 -0.2335442 0.07915496 -0.9937148 -0.07915467 0.07915264 -0.9937151 -0.07915264 0.7026592 -0.1119899 -0.702658 0.7026593 0.1119898 -0.7026581 0.7026593 0.1119896 -0.7026581 0.6674298 0.3302674 -0.6674286 0.667432 0.3302553 -0.6674324 0.5987186 0.532045 -0.5987189 0.5987222 0.5320353 -0.5987238 0.5000074 0.7070953 -0.5000088 0.5000074 0.7070953 -0.5000088 0.3761861 0.8467392 -0.3761872 0.376186 0.8467392 -0.3761871 0.2335678 0.9438707 -0.2335685 0.2335596 0.9438751 -0.2335587 0.07915365 0.993715 -0.07915335 0.07915562 0.9937146 -0.07915568 0.7026592 -0.1119902 -0.702658 0.6674328 -0.3302553 -0.6674317 0.6674291 -0.3302671 -0.6674295 0.5987191 -0.5320439 -0.5987194 0.598714 -0.5320538 -0.5987156 0.5000129 -0.7070875 -0.5000144 0.5000129 -0.7070875 -0.5000143 0.3762007 -0.8467262 -0.3762018 0.3762008 -0.8467261 -0.3762019 0.2335293 -0.9438897 -0.2335301 0.2335391 -0.9438853 -0.2335382 0.07917511 -0.9937115 -0.07917475 0.07917273 -0.9937118 -0.07917279 0.7026592 -0.1119904 -0.7026579 0.7026593 0.1119893 -0.7026581 0.7026593 0.1119891 -0.7026581 0.6674312 0.3302614 -0.6674301 0.6674335 0.3302493 -0.6674339 0.5987147 0.5320537 -0.598715 0.5987184 0.5320439 -0.59872 0.5000129 0.7070875 -0.5000144 0.5000129 0.7070875 -0.5000143 0.3761958 0.8467305 -0.3761969 0.3761957 0.8467306 -0.3761968 0.2335444 0.9438823 -0.2335451 0.2335362 0.9438867 -0.2335353 0.07916623 0.993713 -0.07916593 0.0791682 0.9937126 -0.07916826 0.7026592 -0.1119902 -0.702658 0.6674335 -0.3302522 -0.6674324 0.6674299 -0.330264 -0.6674302 0.5987152 -0.5320525 -0.5987155 0.5987101 -0.5320624 -0.5987118 0.5000163 -0.7070827 -0.5000178 0.5000163 -0.7070827 -0.5000177 0.3761861 -0.8467392 -0.3761872 0.3761862 -0.8467391 -0.3761873 0.2335354 -0.9438867 -0.2335361 0.2335451 -0.9438823 -0.2335442 0.07918852 -0.9937095 -0.07918816 0.07918614 -0.9937098 -0.0791862 0.7026592 -0.1119904 -0.7026579 0.7026592 0.1119903 -0.702658 0.7026592 0.1119902 -0.702658 0.6674335 0.3302524 -0.6674324 0.6674357 0.3302403 -0.6674361 0.5987108 0.5320623 -0.5987112 0.5987145 0.5320525 -0.5987161 0.5000231 0.7070731 -0.5000246 0.5000231 0.7070731 -0.5000245 0.3761861 0.8467392 -0.3761872 0.376186 0.8467392 -0.3761871 0.2335323 0.9438882 -0.233533 0.2335241 0.9438927 -0.2335231 0.07918637 0.9937098 -0.07918602 0.07918834 0.9937095 -0.07918834 -0.7071285 0 -0.707085 -0.7070995 0 -0.707114 -0.7070124 3.51679e-6 -0.7072011 -0.7071629 -1.72636e-6 -0.7070506 -0.707093 4.01002e-7 -0.7071207 -0.7071096 0 -0.707104 -0.7071195 -1.74609e-7 -0.707094 -0.7070787 -4.35588e-7 -0.7071349 -0.7071096 0 -0.7071039 -0.7071068 0 -0.7071068 -0.7071068 0 -0.7071067 -0.7071068 0 -0.7071067 -0.7072752 6.33465e-6 -0.7069383 -0.707093 4.01002e-7 -0.7071207 -0.7071096 0 -0.707104 -0.7071196 -1.74609e-7 -0.707094 -0.7070995 0 -0.707114 -0.7071285 0 -0.7070851 -0.7070787 -4.35588e-7 -0.7071349 -0.7071096 0 -0.7071039 -0.7071068 0 -0.7071067 -0.7071068 0 -0.7071068 -0.7071068 0 -0.7071068 -0.7071068 0 -0.7071068 -0.7071068 0 -0.7071068 -0.7071068 0 -0.7071068 -0.7071068 0 -0.7071068 -0.7071531 -1.31204e-5 -0.7070604 -0.7071053 0 -0.7071081 -0.7071071 0 -0.7071065 -0.7071021 -6.08815e-6 -0.7071114 -0.7070822 -3.10208e-5 -0.7071313 -0.7071287 2.87166e-5 -0.7070849 -0.7070999 -9.39167e-6 -0.7071138 -0.7071086 2.46481e-6 -0.707105 -0.7071163 1.32468e-5 -0.7070974 -0.7071003 -9.67636e-6 -0.7071133 -0.7071315 3.60622e-5 -0.7070822 -0.7070621 -6.75685e-5 -0.7071515 -0.7071154 1.30495e-5 -0.7070983 -0.7071069 0 -0.7071068 -0.7071003 9.67662e-6 -0.7071133 -0.7071163 -1.32468e-5 -0.7070974 -0.7071086 -2.44257e-6 -0.7071051 -0.7070998 9.39173e-6 -0.7071137 -0.7071287 -2.87162e-5 -0.707085 -0.7070822 3.10205e-5 -0.7071314 -0.7071021 6.0881e-6 -0.7071115 -0.7071135 -7.90156e-6 -0.7071001 -0.7071675 -7.32034e-5 -0.7070461 -0.7069491 1.88256e-4 -0.7072644 -0.707107 0 -0.7071067 -0.7070997 2.36445e-6 -0.7071139 -0.7071186 -3.73936e-6 -0.707095 -0.7071093 -7.85334e-7 -0.7071043 -0.7070956 3.4459e-6 -0.707118 -0.7071471 -1.22623e-5 -0.7070664 -0.7070523 1.62212e-5 -0.7071613 -0.7070919 4.46548e-6 -0.7071217 -0.7071577 -1.49539e-5 -0.7070558 -0.7071071 0 -0.7071066 -0.7070996 1.34676e-6 -0.7071139 -0.7071189 -2.17697e-6 -0.7070946 -0.7071095 -4.67883e-7 -0.7071042 -0.7070947 2.11003e-6 -0.7071189 -0.7071522 -7.79565e-6 -0.7070614 -0.7070417 1.09817e-5 -0.7071719 -0.707086 3.52578e-6 -0.7071276 -0.7072107 3.94732e-6 -0.7070029 -0.7071068 0 -0.7071068 -0.7071068 0 -0.7071068 -0.7071068 0 -0.7071068 -0.7071095 1.2253e-7 -0.707104 -0.7070792 -1.31072e-6 -0.7071344 -0.7071285 1.18147e-6 -0.7070851 -0.7070998 -3.67235e-7 -0.7071137 -0.7071974 6.06881e-6 -0.7070162 -0.7071068 0 -0.7071068 -0.7071068 0 -0.7071068 -0.7071068 0 -0.7071068 -0.7071095 2.13968e-7 -0.7071041 -0.7070794 -2.30459e-6 -0.7071342 -0.7071284 2.09075e-6 -0.7070853 -0.7071069 0 -0.7071067 -0.7069261 -4.92979e-5 -0.7072874 -0.7071531 1.31203e-5 -0.7070604 -0.7071068 0 -0.7071068 -0.7071068 0 -0.7071068 -0.7071068 0 -0.7071068 -0.7071092 8.43245e-7 -0.7071044 -0.7070811 -9.53408e-6 -0.7071324 -0.7071278 9.07486e-6 -0.7070857 -0.7026587 0.1120172 0.7026543 -0.667429 0.3302766 0.6674248 -0.6674358 0.3302399 0.6674362 -0.5987195 0.5320428 0.5987198 -0.5987085 0.5320722 0.5987047 -0.500011 0.7070935 0.5000079 -0.5000332 0.7070578 0.5000361 -0.3762028 0.8467238 0.376205 -0.3761864 0.8467401 0.3761849 -0.2335241 0.9438927 0.2335231 -0.2335296 0.9438897 0.2335298 -0.07918727 0.9937096 0.07918733 -0.07918727 0.9937096 0.07918733 -0.7026603 0.1119368 0.7026655 -0.7026538 -0.1120172 0.702659 -0.7026651 -0.1119365 0.7026606 -0.667435 -0.3302523 0.6674308 -0.6674238 -0.3302885 0.6674242 -0.5987066 -0.5320721 0.5987069 -0.5987215 -0.532043 0.5987176 -0.5000294 -0.7070674 0.5000262 -0.5000013 -0.7071029 0.5000041 -0.3761845 -0.8467401 0.3761866 -0.3762046 -0.8467239 0.3762031 -0.2335422 -0.9438838 0.2335413 -0.2335357 -0.9438867 0.2335358 -0.07918727 -0.9937096 0.07918733 -0.07918721 -0.9937096 0.07918727 -0.7026587 0.1120162 0.7026543 -0.6674268 0.3302856 0.6674226 -0.6674336 0.3302488 0.667434 -0.5987234 0.5320342 0.5987237 -0.5987123 0.5320635 0.5987085 -0.5000008 0.7071079 0.4999976 -0.5000231 0.7070722 0.5000259 -0.3762126 0.8467152 0.3762148 -0.3761961 0.8467314 0.3761946 -0.2335362 0.9438867 0.2335352 -0.2335417 0.9438837 0.2335419 -0.07916712 0.9937128 0.07916718 -0.07916712 0.9937128 0.07916718 -0.7026603 0.1119357 0.7026656 -0.7026538 -0.1120172 0.702659 -0.7026651 -0.1119365 0.7026606 -0.6674343 -0.3302553 0.6674301 -0.6674231 -0.3302915 0.6674234 -0.5987104 -0.5320634 0.5987107 -0.5987253 -0.5320344 0.5987215 -0.500026 -0.7070722 0.5000228 -0.4999979 -0.7071077 0.5000007 -0.3761991 -0.8467271 0.3762012 -0.3762192 -0.8467109 0.3762177 -0.2335361 -0.9438868 0.2335352 -0.2335296 -0.9438897 0.2335298 -0.07917386 -0.9937118 0.07917386 -0.0791738 -0.9937117 0.07917386 -0.7026587 0.1120167 0.7026543 -0.6674253 0.3302916 0.6674211 -0.6674321 0.3302549 0.6674325 -0.5987272 0.5320255 0.5987275 -0.5987162 0.5320549 0.5987125 -0.4999952 0.7071157 0.4999921 -0.5000175 0.70708 0.5000203 -0.3762028 0.8467238 0.376205 -0.3761864 0.8467401 0.3761849 -0.2335596 0.9438751 0.2335587 -0.2335652 0.9438721 0.2335653 -0.07915455 0.9937148 0.07915461 -0.07915461 0.9937148 0.07915461 -0.7026603 0.1119362 0.7026655 -0.7026539 -0.1120166 0.7026591 -0.7026651 -0.111936 0.7026607 -0.6674343 -0.3302553 0.6674301 -0.6674231 -0.3302915 0.6674234 -0.5987142 -0.5320547 0.5987145 -0.5987291 -0.5320258 0.5987253 -0.5000201 -0.7070807 0.5000169 -0.4999919 -0.7071162 0.4999948 -0.376204 -0.8467229 0.3762061 -0.3762241 -0.8467065 0.3762226 -0.2335422 -0.9438838 0.2335413 -0.2335357 -0.9438867 0.2335358 -0.07915371 -0.9937149 0.07915377 -0.07915371 -0.9937149 0.07915377 0.4752978 0.7250175 0.4984393 0.5297072 0.671675 0.5179413 0.543964 0.6256462 0.559169 0.5761625 0.5866534 0.5690999 0.6018123 0.5148216 0.6105577 0.673217 0.3103747 0.671153 0.6780933 0.2671025 0.6847231 0.7074368 0.0458939 0.705285 0.7041267 0 0.7100744 0.6897726 -0.2259065 0.6878809 0.6780955 -0.267104 0.6847203 0.5695291 -0.597465 0.5645105 0.5438218 -0.6256449 0.5593088 0.5249122 -0.678574 0.5138137 0.4733034 -0.7249786 0.5003898 0.6479064 0.3945608 0.6515666 0.6473439 0.3997804 0.6489387 0.6150681 0.4950057 0.6137267 0.6988813 0.1348106 0.7024179 0.6989588 0.1363231 0.702049 0.6898277 0.2256167 0.6879206 0.6990844 -0.1348106 0.7022159 0.6986379 -0.136554 0.7023234 0.7074353 -0.04618996 0.7052671 0.6459406 -0.3945566 0.653518 0.6536489 -0.3771369 0.6561332 0.6731652 -0.3106482 0.6710785 0.6030067 -0.5148263 0.6093742 0.6102175 -0.5049724 0.6104404 0.6380812 -0.4310983 0.6379708 -0.7071071 -1.42084e-5 0.7071064 -0.7071071 -1.42087e-5 0.7071064 -0.7071071 -1.42079e-5 0.7071064 -0.7071068 0 0.7071068 -0.7070395 2.38235e-5 0.7071741 -0.7071408 -1.47656e-5 0.7070728 -0.7071475 -1.76305e-5 0.7070661 -0.7071136 -1.27638e-6 0.7070998 -0.7070996 6.52259e-6 0.7071139 -0.7071026 4.63244e-6 0.707111 -0.7070932 1.30781e-5 0.7071204 -0.7071068 -3.6296e-6 0.7071068 -0.7071117 -1.18835e-5 0.707102 -0.7071074 -2.12011e-6 0.7071062 -0.7071098 -1.01865e-5 0.7071039 -0.7071042 2.24331e-5 0.7071093 -0.7071061 -7.29e-6 0.7071075 -0.7071114 1.38073e-4 0.7071022 -0.7071056 1.90382e-7 0.7071079 -0.7070994 -7.4917e-6 0.7071142 -0.7071151 6.46282e-6 0.7070986 -0.7070804 -1.5754e-5 0.7071331 -0.7070935 -8.49205e-6 0.7071201 -0.7071695 2.82796e-5 0.7070441 -0.7071115 3.57557e-6 0.7071022 -0.7070395 -2.38248e-5 0.7071741 -0.7071068 0 0.7071068 -0.7071092 0 0.7071043 -0.7070991 0 0.7071145 -0.7071125 -1.39503e-7 0.7071011 -0.7071033 0 0.7071102 -0.7071068 0 0.7071067 -0.7071068 0 0.7071068 -0.7071056 1.90381e-7 0.7071079 -0.7070994 -7.49175e-6 0.7071141 -0.7071151 6.46276e-6 0.7070986 -0.7070804 -1.57543e-5 0.7071332 -0.7070935 -8.49208e-6 0.7071201 -0.7071695 2.82792e-5 0.7070441 -0.7071114 3.5756e-6 0.7071021 -0.7070395 -2.38247e-5 0.7071741 -0.7071068 0 0.7071068 -0.7071092 0 0.7071043 -0.7070991 0 0.7071145 -0.7071126 -1.39503e-7 0.7071011 -0.7071034 0 0.7071102 -0.7071695 -1.05169e-5 0.7070441 -0.7071071 0 0.7071066 -0.7071069 1.31952e-7 0.7071067 -0.707104 6.67994e-7 0.7071097 -0.7071121 -7.91172e-7 0.7071015 -0.7070995 1.47548e-6 0.7071141 -0.7071092 -2.96418e-7 0.7071044 -0.7071079 0 0.7071056 -0.7069569 4.43926e-5 0.7072567 -0.7071524 -1.32478e-5 0.7070612 -0.7071071 1.69225e-7 0.7071064 -0.707107 2.05588e-7 0.7071065 -0.7071042 1.07985e-6 0.7071094 -0.7071118 -1.3139e-6 0.7071017 -0.7070998 2.50659e-6 0.7071138 -0.7071092 -5.14493e-7 0.7071045 -0.7071077 0 0.7071058 -0.7071114 -4.08715e-6 0.7071021 -0.7071084 -8.38813e-7 0.7071051 -0.7070865 2.37376e-5 0.7071271 -0.7071232 -1.78947e-5 0.7070904 -0.7071074 3.16128e-7 0.7071061 -0.7071073 4.65211e-7 0.7071062 -0.7071053 2.81615e-6 0.7071081 -0.7071107 -3.8726e-6 0.7071028 -0.7071012 8.32306e-6 0.7071124 -0.7071091 -1.94651e-6 0.7071045 -0.7071074 2.23327e-7 0.7071061 -0.7071075 0 0.7071061 -0.7071075 0 0.707106 -0.7071074 -2.23326e-7 0.7071062 -0.7071091 1.94656e-6 0.7071045 -0.7071012 -8.32306e-6 0.7071123 -0.7071108 3.87255e-6 0.7071028 -0.7071054 -2.81617e-6 0.7071082 -0.7071073 -4.65205e-7 0.7071063 -0.7071074 -3.27834e-7 0.7071061 -0.7071232 1.78945e-5 0.7070904 -0.7071074 0 0.7071062 -0.7070395 2.38235e-5 0.7071741 -0.7071408 -1.47659e-5 0.7070728 -0.7071475 -1.76303e-5 0.7070661 -0.7071136 -1.27641e-6 0.7070999 -0.7070997 6.52244e-6 0.7071139 -0.7071026 4.63245e-6 0.707111 -0.7070931 1.30782e-5 0.7071204 -0.7071067 -3.62954e-6 0.7071068 -0.7071117 -1.18834e-5 0.7071019 -0.7071074 -2.12013e-6 0.7071062 -0.7071097 -1.01864e-5 0.7071038 -0.7071042 2.24335e-5 0.7071093 -0.7071081 -1.26202e-5 0.7071055 -0.7071051 6.64109e-5 0.7071084 -0.7071042 -1.03302e-4 0.7071095 -0.7071111 1.44733e-4 0.7071024 -0.7071061 -7.42915e-6 0.7071075 -0.7071068 0 0.7071068 -0.7070395 2.38246e-5 0.7071741 -0.7071408 -1.47656e-5 0.7070729 -0.7071475 -1.76306e-5 0.7070661 -0.7071138 -1.27639e-6 0.7070999 -0.7070997 6.52251e-6 0.7071139 -0.7071026 4.63251e-6 0.707111 -0.7070932 1.30781e-5 0.7071204 -0.7071068 -3.62951e-6 0.7071068 -0.7071117 -1.18835e-5 0.7071019 -0.7071074 -2.12014e-6 0.7071062 -0.7071098 -1.01863e-5 0.7071039 -0.7071042 2.24338e-5 0.7071094 -0.7071338 -3.54087e-5 0.7070797 -0.7071664 -7.52888e-5 0.7070471 -0.7070825 4.11775e-5 0.707131 -0.7071142 -7.34581e-6 0.7070994 -0.7071029 -4.25187e-5 0.7071107 -0.707112 7.16954e-5 0.7071017 -0.7071047 8.16825e-6 0.7071089 -0.7071081 -1.26199e-5 0.7071055 -0.7071052 6.64129e-5 0.7071085 -0.7071042 -1.03289e-4 0.7071095 -0.707111 1.44769e-4 0.7071025 -0.7071061 -7.42925e-6 0.7071074 -0.7071338 -3.54132e-5 0.7070797 -0.7071663 -7.52919e-5 0.7070473 -0.7070825 4.11751e-5 0.707131 -0.7071131 -7.34539e-6 0.7071005 -0.7071029 -4.25247e-5 0.7071107 -0.707112 7.16943e-5 0.7071017 -0.7071047 8.16837e-6 0.7071089 -0.7071341 -3.54148e-5 0.7070794 -0.7071664 -7.52925e-5 0.7070471 -0.7070824 4.11734e-5 0.7071312 -0.7071131 -7.34138e-6 0.7071005 -0.7071057 1.90383e-7 0.7071079 -0.7070994 -7.4916e-6 0.7071141 -0.7071151 6.46289e-6 0.7070986 -0.7070805 -1.57538e-5 0.7071331 -0.7070935 -8.49211e-6 0.7071201 -0.7071695 2.828e-5 0.707044 -0.7071114 3.57546e-6 0.7071022 -0.7070395 -2.38248e-5 0.707174 -0.7071029 -4.25146e-5 0.7071107 -0.707112 7.16936e-5 0.7071017 -0.7071047 8.16809e-6 0.7071089 -0.7071093 6.89403e-6 0.7071042 -0.7071088 1.78711e-5 0.7071047 -0.7071077 -1.79838e-5 0.7071059 -0.7071076 6.89149e-6 0.707106 -0.7071081 0 0.7071055 -0.7071076 -6.89156e-6 0.7071061 -0.7071071 1.45978e-5 0.7071064 -0.7071093 -6.87864e-6 0.7071042 -0.7071089 -1.75615e-5 0.7071047 -0.7071077 1.81211e-5 0.7071059 -0.7071081 1.26201e-5 0.7071053 -0.7071051 -6.62549e-5 0.7071084 -0.7071093 6.89414e-6 0.7071043 -0.7071089 1.78707e-5 0.7071047 -0.7071077 -1.79843e-5 0.7071059 -0.7071076 6.89152e-6 0.707106 -0.7071081 0 0.7071055 -0.7071076 -6.89152e-6 0.707106 -0.7071071 1.45978e-5 0.7071064 -0.7071093 -6.87875e-6 0.7071042 -0.7071088 -1.75611e-5 0.7071048 -0.7071077 1.81216e-5 0.7071059 -0.7071081 1.26198e-5 0.7071055 -0.7071051 -6.62537e-5 0.7071084 -0.7071081 -1.25064e-5 0.7071055 -0.7071052 6.64134e-5 0.7071085 -0.7071042 -1.03308e-4 0.7071094 -0.7071093 6.89412e-6 0.7071042 -0.7071089 1.78715e-5 0.7071048 -0.7071077 -1.7983e-5 0.7071059 -0.7071076 6.89155e-6 0.7071061 -0.7071081 0 0.7071055 -0.7071076 -6.89156e-6 0.7071061 -0.7071071 1.45976e-5 0.7071064 -0.7071093 -6.87873e-6 0.7071042 -0.7071089 -1.75619e-5 0.7071048 -0.7071077 1.81208e-5 0.7071059 -0.7071081 1.26202e-5 0.7071054 -0.7071052 -6.62586e-5 0.7071085 0.2643639 0.397796 0.8785613 0.2158784 0.6024377 0.7684175 0.5465134 0.528627 0.6495205 0.5938971 -0.3819441 0.7080995 0.5668318 -0.4426363 0.69482 0.5055489 -0.6196045 0.6004254 0.4708873 -0.62238 0.6252266 0.2159079 -0.6024243 0.7684196 0.2643708 -0.3977894 0.8785622 0.1134746 -0.3938748 0.9121327 0.1134731 0.3938421 0.9121471 0.1304659 0.3327073 0.9339618 0.05928772 0.1517844 0.9866339 0.03180682 0.09348213 0.9951128 0.386714 0.7054738 0.5939353 0.4625765 0.5102199 0.7250509 0.3959147 0.4896883 0.7768248 0.3764444 0.4109802 0.8302921 0.2913478 0.3661706 0.8837622 0.2777277 0.3015912 0.9120911 0.1771434 0.227566 0.9575145 0.1695315 0.1847441 0.9680541 0.05736035 0.07912117 0.9952135 0.05516594 0.063699 0.9964432 0.6502204 0.122093 0.7498711 0.6232368 0.1403656 0.7693331 0.5262672 0.08921778 0.8456258 0.4623676 0.1128196 0.8794816 0.387086 0.06126052 0.9200063 0.2842383 0.07526296 0.9557949 0.2365204 0.03690248 0.9709255 0.09539651 0.03047269 0.9949729 0.07879322 0.01538622 0.9967722 0.4623426 -0.1130243 0.8794685 0.3870883 -0.06142836 0.9199941 0.2842248 -0.07538485 0.9557894 0.2365411 -0.03701502 0.9709162 0.09537941 -0.03051728 0.9949731 0.07877969 -0.01541984 0.9967728 0.6053265 -0.3325669 0.7231728 0.4536045 -0.5270417 0.7186585 0.3807905 -0.5168216 0.7667425 0.3713222 -0.4236579 0.8262166 0.2786944 -0.3884564 0.8783115 0.2750038 -0.3104996 0.9099247 0.168073 -0.2426778 0.9554365 0.1679728 -0.1902722 0.9672546 0.05287975 -0.08533889 0.9949478 0.05370283 -0.06625568 0.9963564 0.3865119 -0.7054439 0.5941023 0.1047058 -0.2393397 0.9652736 0.03180801 -0.0934816 0.9951128 0.03353154 -0.0812866 0.9961266 0.3833476 -0.7493788 0.5398852 0.4329997 -0.7351873 0.5215467 0.46297 -0.6770669 0.5720483 0.1006125 0.2738361 0.9564993 0.1612758 0.3732499 0.9136053 0.1659647 0.4956747 0.8525036 0.3248746 0.6689298 0.6685725 0.3066464 0.5232847 0.795073 0.280883 0.5865662 0.7596347 0.2104715 0.3964349 0.8936113 0.2064303 0.4253842 0.8811554 0.1291997 0.2435397 0.961247 0.1280828 0.2615313 0.9566588 0.04420697 0.08178997 0.9956687 0.0441693 0.08792412 0.9951475 0.2229518 0.3894798 0.893643 0.1408852 0.2279083 0.9634362 0.1376897 0.238799 0.9612578 0.04809832 0.07642257 0.9959148 0.0472275 0.0801019 0.9956672 0.2295811 0.3716179 0.8995513 0.299994 0.5270479 0.7951252 0.3114228 0.5028805 0.8063046 0.3659918 0.6467234 0.6691778 0.3837552 0.6172894 0.6867938 0.3870475 0.6280544 0.6750866 0.4046994 0.7514464 0.5211014 0.4916918 0.6104105 0.6209977 0.4564546 0.6163849 0.6416532 0.5209745 0.6449099 0.559175 0.4383402 0.6859491 0.5808026 0.4677236 0.6891704 0.5534245 0.4609808 0.3744546 0.8045374 0.5569387 0.4935058 0.6680354 0.5732183 0.436948 0.693179 0.4557832 0.4014327 0.7944265 0.3401261 0.2771814 0.8986015 0.338199 0.2962227 0.8932377 0.2086263 0.1701053 0.9630883 0.2083539 0.1812229 0.9611176 0.0707646 0.05677986 0.9958757 0.0708962 0.06042075 0.9956521 0.4816797 0.3038532 0.8219841 0.5902914 0.4042909 0.6986452 0.5972362 0.349828 0.7217543 0.4802669 0.3270352 0.8138745 0.3544214 0.2242425 0.9078001 0.3548263 0.2403408 0.9035123 0.2169696 0.1373136 0.9664726 0.2178993 0.1466448 0.9648913 0.07335662 0.045731 0.9962567 0.07384115 0.04875349 0.9960776 0.4537627 -0.4321245 0.7793381 0.5233325 -0.5358997 0.6625215 0.5374032 -0.5318957 0.6544348 0.4283542 -0.4370849 0.7908664 0.3367455 -0.320841 0.8852477 0.317877 -0.3231167 0.8913753 0.2074508 -0.197232 0.9581564 0.1958548 -0.1980023 0.9604353 0.07067131 -0.06598854 0.9953146 0.06671673 -0.06611371 0.9955791 0.3244733 -0.6696165 0.66808 0.31428 -0.5772188 0.7536886 0.2658683 -0.5461288 0.7943912 0.2189535 -0.4195995 0.8809061 0.1971926 -0.4041118 0.8932014 0.1353242 -0.2582461 0.9565545 0.12158 -0.247966 0.9611093 0.04651862 -0.08686572 0.9951333 0.04174786 -0.08323216 0.9956553 0.1006145 -0.2738423 0.9564973 0.2106513 -0.4528642 0.8663372 5.68481e-4 -0.4378194 0.8990628 0.1304811 -0.3326722 0.9339721 0.06081408 -0.240316 0.9687879 0.07531392 -0.2503947 0.96521 0.05929738 -0.151784 0.9866334 -0.01135039 -0.04896134 0.9987362 0.02854251 -0.08316636 0.9961268 0.1047039 0.2393407 0.9652736 0.07530021 0.2504007 0.9652095 0.06078135 0.2403075 0.968792 0.03353095 0.08128589 0.9961267 0.02853983 0.0831663 0.9961269 -0.01135337 0.04895842 0.9987363 0.326596 0.4750525 0.8171048 0.3880743 0.614593 0.6867851 0.403441 0.5846339 0.7038739 0.3170217 0.4993891 0.8062927 0.2403349 0.3504046 0.9052379 0.235014 0.3682333 0.8995403 0.1472822 0.2146222 0.9655285 0.1448519 0.2254394 0.9634287 0.05016702 0.0718981 0.9961496 0.04955238 0.07551819 0.9959124 0.3422293 0.4388787 0.8308217 0.4142134 0.5771135 0.7038235 0.4241613 0.5417667 0.7256556 0.3374016 0.4675276 0.8170545 0.2512335 0.3230354 0.9124307 0.2495982 0.3439685 0.9051997 0.1536679 0.1975101 0.9681817 0.15358 0.2102553 0.9655081 0.05221098 0.06606954 0.9964481 0.05241382 0.07034194 0.996145 0.5227907 0.5303016 0.6674356 0.443969 0.4144906 0.7944112 0.4403295 0.4489116 0.7775528 0.3280066 0.307496 0.8932289 0.3280608 0.3322007 0.8843182 0.2014048 0.1889138 0.961118 0.2027301 0.2037307 0.957807 0.06842142 0.06316 0.9956552 0.06918942 0.06805533 0.9952795 0.5661068 0.4401348 0.6969967 0.471763 0.3391253 0.8139004 0.4688369 0.364633 0.804509 0.3475766 0.2506372 0.9035328 0.3471279 0.2684392 0.8985781 0.2129931 0.1536071 0.9649036 0.213523 0.1639982 0.9630745 0.07212114 0.05119282 0.9960812 0.07250463 0.05461132 0.9958717 0.5951462 0.3510305 0.722896 0.4902057 0.2682659 0.829296 0.4905661 0.2893859 0.8219493 0.3602761 0.1977719 0.9116401 0.3617728 0.2122899 0.9077739 0.220357 0.1209982 0.9678854 0.2218536 0.1293806 0.9664583 0.07441723 0.04027646 0.9964136 0.07506346 0.04296058 0.996253 0.4979988 0.2192106 0.8390135 0.6234068 0.2977887 0.7229701 0.6174071 0.2704601 0.7386879 0.5050671 0.2398735 0.8290765 0.3654688 0.1614584 0.9167135 0.371913 0.1756513 0.9114973 0.2232757 0.09869468 0.969746 0.2278045 0.1068925 0.9678218 0.07528746 0.03280591 0.9966221 0.07696837 0.03545486 0.996403 0.5084334 0.159104 0.846275 0.6386222 0.2161991 0.7385254 0.6311818 0.1965571 0.7503165 0.5158597 0.173644 0.83889 0.3727539 0.1170029 0.9205242 0.3790387 0.126913 0.9166366 0.2275498 0.0714544 0.9711412 0.2317653 0.07711458 0.9697104 0.07661753 0.02371627 0.9967784 0.07814824 0.02554172 0.9966145 0.4711973 0.0290395 0.8815496 0.6365306 0.04286164 0.7700595 0.6339149 0.03884983 0.7724264 0.4733738 0.03164207 0.8802931 0.2902368 0.01791566 0.9567871 0.2916783 0.01933878 0.956321 0.09802895 0.005947351 0.9951659 0.09854495 0.006389677 0.9951121 0.4736647 -0.02941626 0.8802139 0.6337988 -0.04288274 0.7723084 0.636901 -0.03938359 0.7699391 0.4711504 -0.03167182 0.881484 0.291854 -0.01814675 0.9562907 0.2902213 -0.01936542 0.9567636 0.09859073 -0.006029486 0.9951098 0.09802633 -0.006396114 0.9951632 0.5262378 -0.0894612 0.8456184 0.6231701 -0.1406648 0.7693325 0.6502003 -0.1223808 0.7498416 0.5195157 -0.1640833 0.8385584 0.6269664 -0.2112556 0.7498562 0.6434934 -0.2028638 0.7380803 0.5054704 -0.169743 0.8459829 0.381489 -0.120614 0.9164706 0.3708559 -0.1240832 0.9203637 0.2331839 -0.07361602 0.9696422 0.2265345 -0.0754199 0.9710788 0.0785796 -0.024428 0.9966085 0.07628184 -0.024966 0.9967737 0.5113264 -0.2276587 0.8286837 0.6095071 -0.2892178 0.7381424 0.6318474 -0.2809187 0.7223943 0.4924142 -0.232917 0.8386167 0.3761742 -0.1675682 0.9112704 0.361808 -0.1705774 0.9165143 0.2302123 -0.1023846 0.9677395 0.2212821 -0.1038187 0.9696679 0.07772177 -0.03402107 0.9963944 0.07464134 -0.03441667 0.9966164 0.6034659 -0.371854 0.7053749 0.4995791 -0.2861951 0.8176265 0.4778401 -0.2910667 0.8288239 0.3682577 -0.211041 0.9054545 0.3518365 -0.2135992 0.9113653 0.2257124 -0.1290926 0.9656029 0.2154967 -0.130187 0.9677875 0.07638305 -0.04296529 0.9961524 0.07284224 -0.04323309 0.996406 0.5785661 -0.4354835 0.6896487 0.4862405 -0.3402843 0.8048459 0.4616104 -0.3438898 0.8177137 0.3592391 -0.2514811 0.8987239 0.3406611 -0.2529512 0.9055196 0.2205691 -0.1540698 0.9631261 0.2090153 -0.154436 0.9656409 0.07481652 -0.05137723 0.9958729 0.07083296 -0.05138456 0.9961637 0.556774 -0.5006658 0.6628246 0.4706454 -0.391641 0.7906391 0.4437925 -0.393851 0.8049408 0.3486176 -0.2901575 0.8912208 0.3283454 -0.2904397 0.8987959 0.2144629 -0.1780894 0.9603592 0.2018479 -0.1776626 0.9631684 0.07290768 -0.05949652 0.9955625 0.06858688 -0.05922371 0.9958857 0.5106472 -0.5894529 0.6259272 0.4397696 -0.4668253 0.7672528 0.4130635 -0.4710443 0.7794201 0.3270417 -0.3473932 0.8788411 0.3072573 -0.349022 0.8853116 0.2018074 -0.2139019 0.9557823 0.1896435 -0.2142373 0.9581951 0.06885278 -0.07166045 0.9950498 0.06475836 -0.07163119 0.9953267 0.4697557 -0.6735359 0.5706829 0.4279177 -0.5685051 0.7026296 0.4008293 -0.5678507 0.7189446 0.3472428 -0.4616308 0.8162839 0.3250859 -0.4594283 0.8265862 0.256057 -0.3403099 0.9047784 0.2396769 -0.3377499 0.9102088 0.1571617 -0.2083092 0.9653536 0.1470781 -0.2063283 0.9673659 0.05353462 -0.06975305 0.9961268 0.05012297 -0.06900078 0.9963567 0.3276688 -0.5116053 0.7942879 0.3676176 -0.6096094 0.702306 0.4011523 -0.6267853 0.6679948 0.2987681 -0.4947869 0.8160414 0.2428689 -0.3786169 0.8931203 0.2205989 -0.3646364 0.9046416 0.1496042 -0.2323367 0.961061 0.1355702 -0.2231543 0.9653098 0.05119401 -0.07796704 0.9956406 0.04630941 -0.07472628 0.9961282 0.4752908 0.7250166 0.498447 0.5297166 0.6716578 0.5179539 0.543969 0.6256405 0.5591706 0.5761587 0.5866582 0.5690987 0.601809 0.5148262 0.610557 0.6732152 0.3103814 0.6711517 0.6780931 0.2670964 0.6847257 0.7074368 0.0458942 0.705285 0.7041266 0 0.7100744 0.6897712 -0.2259107 0.6878808 0.6780975 -0.2670967 0.6847212 0.5695328 -0.5974583 0.5645141 0.5438248 -0.625639 0.5593124 0.5249094 -0.6785843 0.513803 0.473309 -0.7249813 0.5003805 0.6479048 0.3945657 0.6515653 0.6473423 0.3997851 0.6489375 0.6150673 0.4950071 0.6137264 0.6988809 0.1348126 0.7024179 0.6989585 0.1363273 0.7020485 0.6898294 0.225604 0.6879231 0.6990838 -0.1348126 0.702216 0.698638 -0.1365534 0.7023234 0.7074353 -0.04618996 0.7052671 0.6459411 -0.3945612 0.6535147 0.6536415 -0.3771598 0.6561275 0.6731683 -0.3106368 0.6710807 0.6030055 -0.5148309 0.6093714 0.6102116 -0.5049836 0.610437 0.6380885 -0.4310734 0.6379801 0.2643793 0.397774 0.8785668 0.2158921 0.6024494 0.7684044 0.5465044 0.5286208 0.6495329 0.5939054 -0.3819243 0.7081032 0.5668305 -0.442651 0.6948118 0.5055451 -0.6196098 0.600423 0.4708797 -0.6223855 0.6252268 0.2159328 -0.6024241 0.7684128 0.2643911 -0.3977681 0.8785658 0.1134529 -0.3938757 0.9121351 0.1134564 0.3938502 0.9121456 0.130454 0.3327068 0.9339636 0.0592851 0.1517866 0.9866338 0.03180837 0.09347808 0.9951131 0.3867072 0.7054642 0.5939511 0.4625631 0.5102301 0.7250522 0.3959016 0.4896978 0.7768256 0.3764303 0.410976 0.8303005 0.2913458 0.3661723 0.8837621 0.2777269 0.3015961 0.9120897 0.177142 0.2275691 0.9575139 0.1695294 0.1847414 0.968055 0.05736243 0.07912278 0.9952132 0.05516731 0.06369811 0.9964432 0.6502155 0.1220955 0.7498749 0.6232362 0.140365 0.7693337 0.5262672 0.0892176 0.8456258 0.4623681 0.1128193 0.8794814 0.3870854 0.06125968 0.9200066 0.2842394 0.07526171 0.9557948 0.2365218 0.03690254 0.9709252 0.0953961 0.03047269 0.9949729 0.07879322 0.01538646 0.9967722 0.4623425 -0.1130223 0.8794688 0.3870899 -0.06142836 0.9199935 0.2842249 -0.07538509 0.9557895 0.2365398 -0.037014 0.9709166 0.09537953 -0.03051656 0.9949731 0.07878023 -0.0154199 0.9967727 0.605322 -0.3325887 0.7231666 0.4535967 -0.5270398 0.7186647 0.3807994 -0.5168221 0.7667378 0.371329 -0.4236525 0.8262163 0.2786938 -0.3884488 0.878315 0.2750035 -0.310499 0.9099251 0.1680744 -0.2426784 0.9554361 0.1679739 -0.1902725 0.9672545 0.05287992 -0.08533871 0.9949478 0.05370301 -0.06625527 0.9963565 0.3864974 -0.7054361 0.594121 0.1047054 -0.2393385 0.965274 0.03180807 -0.0934816 0.9951128 0.0335316 -0.08128654 0.9961266 0.3833318 -0.749382 0.539892 0.4329901 -0.7351894 0.5215518 0.4629706 -0.6770489 0.572069 0.1006176 0.2738439 0.9564966 0.1612768 0.3732506 0.9136049 0.1659657 0.4956672 0.8525077 0.3248893 0.6689332 0.668562 0.3066566 0.5232769 0.7950743 0.2808851 0.5865801 0.7596232 0.2104701 0.3964365 0.8936109 0.2064313 0.4253684 0.8811627 0.1291999 0.2435297 0.9612495 0.1280817 0.2615414 0.9566563 0.04420578 0.08179128 0.9956686 0.04416805 0.08792155 0.9951478 0.2229469 0.3894835 0.8936427 0.1408835 0.2279129 0.9634353 0.1376926 0.2387877 0.9612602 0.04809999 0.07642012 0.9959148 0.04722863 0.08010184 0.9956672 0.2295771 0.3716194 0.8995518 0.299988 0.5270492 0.7951266 0.3114135 0.5028895 0.8063026 0.3659815 0.6467399 0.6691674 0.3837644 0.6172737 0.6868028 0.3870391 0.6279795 0.6751612 0.4047059 0.751448 0.5210942 0.4916735 0.6104149 0.6210079 0.4564642 0.6163845 0.6416469 0.5209892 0.6449108 0.5591602 0.4383352 0.6859607 0.5807927 0.4677199 0.6891821 0.5534132 0.4609754 0.3744634 0.8045364 0.5569287 0.4935138 0.6680378 0.573213 0.4369431 0.6931866 0.4557759 0.4014492 0.7944224 0.3401227 0.2771944 0.8985989 0.3381981 0.296209 0.8932425 0.2086317 0.1701033 0.9630876 0.2083599 0.1812134 0.9611181 0.07076591 0.0567764 0.9958758 0.07089781 0.06042206 0.9956519 0.4816828 0.3038483 0.8219841 0.5902922 0.4042813 0.69865 0.5972353 0.3498325 0.721753 0.4802691 0.3270469 0.8138685 0.3544163 0.2242451 0.9078012 0.3548207 0.2403342 0.9035163 0.2169719 0.1373139 0.966472 0.2179015 0.1466432 0.964891 0.07335633 0.04572981 0.9962568 0.07384127 0.04875469 0.9960775 0.453767 -0.4321203 0.779338 0.5233335 -0.5358878 0.6625303 0.5374034 -0.5318841 0.654444 0.4283499 -0.4370822 0.79087 0.3367468 -0.3208447 0.8852459 0.3178743 -0.3231208 0.8913747 0.2074465 -0.1972315 0.9581574 0.1958598 -0.1980013 0.9604345 0.07067334 -0.06598848 0.9953144 0.06671696 -0.06611377 0.9955791 0.3244742 -0.6696171 0.6680789 0.3142814 -0.5772235 0.7536844 0.2658706 -0.546134 0.7943869 0.21895 -0.4195894 0.8809118 0.1971882 -0.4041013 0.8932071 0.1353251 -0.2582483 0.9565537 0.1215893 -0.2479745 0.961106 0.04652017 -0.08686506 0.9951333 0.04174685 -0.0832296 0.9956556 0.1006135 -0.2738455 0.9564965 0.2106484 -0.4528675 0.8663361 5.43231e-4 -0.4378197 0.8990626 0.1304673 -0.3326564 0.9339796 0.06081944 -0.2403249 0.9687852 0.07530766 -0.2503957 0.9652103 0.05929249 -0.1517778 0.9866347 -0.01134866 -0.04896414 0.998736 0.02854067 -0.08316701 0.9961269 0.1047099 0.2393344 0.9652745 0.07529497 0.2503985 0.9652105 0.06076639 0.2402985 0.9687952 0.03353112 0.0812906 0.9961262 0.02854233 0.08317023 0.9961265 -0.01135486 0.04895812 0.9987363 0.326604 0.4750372 0.8171105 0.388086 0.6145756 0.686794 0.4034377 0.5846455 0.7038663 0.3170229 0.4993915 0.8062907 0.2403314 0.3503981 0.9052413 0.2350074 0.3682366 0.8995406 0.1472805 0.214628 0.9655274 0.1448506 0.2254437 0.963428 0.05016684 0.07189983 0.9961495 0.04955279 0.07551658 0.9959126 0.3422223 0.4388675 0.8308305 0.4142159 0.5771208 0.7038159 0.4241673 0.5417607 0.7256566 0.337393 0.467524 0.8170601 0.2512323 0.3230409 0.9124292 0.249598 0.3439598 0.905203 0.1536679 0.1975054 0.9681827 0.1535799 0.2102598 0.9655071 0.05221039 0.06607019 0.9964481 0.05241328 0.07034385 0.9961448 0.5227942 0.5302945 0.6674384 0.4439761 0.4144913 0.7944068 0.4403384 0.448901 0.7775538 0.3280066 0.3074811 0.8932341 0.3280608 0.3322007 0.8843182 0.2014034 0.1889123 0.9611185 0.2027291 0.2037333 0.9578067 0.06842237 0.0631622 0.995655 0.06919044 0.06805747 0.9952793 0.5661057 0.4401279 0.697002 0.471771 0.3391293 0.813894 0.4688472 0.3646221 0.8045079 0.3475762 0.2506227 0.903537 0.3471267 0.2684493 0.8985756 0.2129911 0.1536116 0.9649032 0.213521 0.1640052 0.9630738 0.07212054 0.05119508 0.9960811 0.07250368 0.05461078 0.995872 0.595148 0.3510333 0.7228931 0.4902023 0.2682642 0.8292985 0.4905626 0.2893918 0.8219493 0.3602777 0.1977788 0.9116379 0.3617733 0.212284 0.9077752 0.2203565 0.1209943 0.967886 0.2218543 0.1293833 0.9664578 0.07441735 0.04027724 0.9964135 0.07506316 0.04295957 0.996253 0.497999 0.2192093 0.8390139 0.6234098 0.2977886 0.7229677 0.6174123 0.2704707 0.7386797 0.505066 0.2398684 0.8290787 0.3654672 0.1614545 0.9167149 0.3719154 0.175656 0.9114955 0.2232765 0.098697 0.9697455 0.2278031 0.1068909 0.9678223 0.07528817 0.03280597 0.996622 0.07696896 0.03545457 0.9964029 0.5084325 0.1591074 0.8462749 0.6386269 0.2162064 0.7385191 0.6311787 0.1965439 0.7503226 0.5158582 0.1736469 0.8388904 0.3727518 0.1170044 0.9205249 0.379036 0.1269139 0.9166377 0.2275521 0.07145625 0.9711406 0.2317665 0.07711499 0.9697101 0.07661765 0.02371633 0.9967784 0.07814866 0.02554214 0.9966145 0.4711982 0.02903997 0.8815492 0.6365303 0.04286223 0.7700597 0.6339144 0.03885006 0.7724268 0.473374 0.03164178 0.8802931 0.2902367 0.01791548 0.9567872 0.2916786 0.01933902 0.956321 0.09802901 0.005947411 0.9951658 0.09854489 0.006389617 0.9951122 0.4736646 -0.0294159 0.8802139 0.6337993 -0.04288226 0.7723079 0.636901 -0.03938359 0.769939 0.4711496 -0.03167217 0.8814846 0.291854 -0.01814699 0.9562907 0.2902216 -0.01936548 0.9567635 0.09859073 -0.006029486 0.9951098 0.09802627 -0.006396174 0.9951633 0.5262385 -0.08945935 0.8456183 0.6231709 -0.1406617 0.7693324 0.6501985 -0.1223797 0.7498434 0.5195158 -0.1640833 0.8385583 0.6269633 -0.2112541 0.7498592 0.6434862 -0.2028646 0.7380864 0.5054708 -0.169743 0.8459826 0.3814913 -0.1206148 0.9164696 0.3708589 -0.1240837 0.9203624 0.2331826 -0.07361519 0.9696426 0.2265313 -0.0754196 0.9710795 0.0785796 -0.02442824 0.9966085 0.07628279 -0.02496606 0.9967736 0.5113266 -0.2276648 0.828682 0.6094967 -0.289219 0.7381507 0.6318563 -0.2809128 0.7223889 0.4924116 -0.2329241 0.8386163 0.376169 -0.1675716 0.911272 0.3618108 -0.170579 0.9165129 0.2302122 -0.1023847 0.9677395 0.2212797 -0.1038191 0.9696684 0.07772165 -0.03402155 0.9963945 0.07464128 -0.03441709 0.9966163 0.603462 -0.3718472 0.7053817 0.4995807 -0.2861936 0.8176261 0.4778457 -0.2910644 0.8288215 0.3682624 -0.2110399 0.9054529 0.3518318 -0.2135993 0.9113669 0.2257075 -0.1290915 0.9656043 0.2154977 -0.1301851 0.9677875 0.07638359 -0.04296475 0.9961524 0.07284265 -0.04323261 0.996406 0.5785652 -0.4354977 0.6896405 0.4862313 -0.3402867 0.8048503 0.4616105 -0.3438907 0.8177132 0.359235 -0.2514781 0.8987263 0.3406684 -0.2529473 0.9055179 0.2205745 -0.1540682 0.9631251 0.2090092 -0.1544348 0.9656422 0.07481598 -0.05137795 0.9958729 0.07083272 -0.05138522 0.9961638 0.5567778 -0.5006512 0.6628325 0.470649 -0.3916307 0.7906421 0.4437921 -0.3938408 0.8049459 0.3486214 -0.2901545 0.8912202 0.3283402 -0.2904369 0.8987988 0.2144641 -0.178092 0.9603585 0.2018507 -0.1776651 0.9631674 0.0729078 -0.05949664 0.9955624 0.06858676 -0.05922383 0.9958857 0.5106384 -0.58946 0.6259276 0.4397657 -0.466836 0.7672485 0.4130503 -0.4710565 0.7794198 0.3270285 -0.3473973 0.8788444 0.30726 -0.3490248 0.8853095 0.2018083 -0.2139028 0.9557819 0.1896371 -0.2142383 0.9581961 0.06885141 -0.07166165 0.9950498 0.06475925 -0.07163238 0.9953266 0.4697747 -0.6735084 0.5706997 0.427941 -0.5685007 0.7026189 0.4008246 -0.5678458 0.7189511 0.3472383 -0.4616256 0.8162888 0.3250916 -0.4594241 0.8265863 0.2560645 -0.3403124 0.9047753 0.2396744 -0.3377509 0.910209 0.1571583 -0.208307 0.9653545 0.1470809 -0.2063273 0.9673656 0.05353599 -0.06975328 0.9961267 0.05012267 -0.06900072 0.9963567 0.3276703 -0.5116105 0.7942839 0.367621 -0.60962 0.702295 0.4011452 -0.6267907 0.6679941 0.2987576 -0.494785 0.8160464 0.2428585 -0.3786107 0.8931258 0.220605 -0.3646404 0.9046385 0.1496114 -0.2323455 0.9610578 0.1355637 -0.2231538 0.9653108 0.05119109 -0.07796573 0.9956409 0.04630994 -0.07472723 0.9961281 0.4753048 0.7250146 0.4984368 0.5297108 0.6716747 0.5179378 0.543969 0.6256405 0.5591706 0.576156 0.5866617 0.5690979 0.6018068 0.5148295 0.6105565 0.6732142 0.3103855 0.6711509 0.678092 0.267104 0.6847239 0.707437 0.04589468 0.7052848 0.7041267 0 0.7100744 0.6897713 -0.2259102 0.6878809 0.6780961 -0.2671009 0.684721 0.5695333 -0.5974584 0.5645134 0.5438145 -0.6256507 0.5593094 0.5249053 -0.6785772 0.5138167 0.4733064 -0.7249726 0.5003957 0.6479086 0.3945543 0.6515684 0.6473464 0.3997721 0.6489415 0.6150681 0.4950057 0.6137267 0.6988816 0.1348122 0.7024174 0.6989588 0.1363206 0.7020494 0.6898281 0.2256125 0.6879217 0.6990838 -0.1348122 0.7022162 0.6986378 -0.136554 0.7023235 0.7074353 -0.04618954 0.7052672 0.6459382 -0.3945631 0.6535165 0.6536474 -0.3771416 0.6561321 0.673166 -0.3106455 0.671079 0.6030105 -0.5148184 0.6093771 0.6102165 -0.504971 0.6104425 0.6380802 -0.4310972 0.6379724 0.2643845 0.3977826 0.8785613 0.2159067 0.6024346 0.7684118 0.5465053 0.5286303 0.6495244 0.5938937 -0.3819404 0.7081045 0.5668318 -0.4426363 0.69482 0.5055429 -0.6196087 0.6004261 0.4708822 -0.622384 0.6252264 0.2159046 -0.6024119 0.7684302 0.2643645 -0.3977989 0.8785599 0.1134436 -0.3938831 0.912133 0.1134827 0.3938334 0.9121496 0.1304703 0.3327131 0.933959 0.05928266 0.1517754 0.9866356 0.03180772 0.09348171 0.9951128 0.3866763 0.705461 0.593975 0.4625747 0.510226 0.7250477 0.3959129 0.4896942 0.776822 0.3764422 0.4109821 0.8302922 0.2913433 0.366171 0.8837635 0.2777227 0.3015851 0.9120947 0.177146 0.227566 0.9575139 0.169534 0.1847465 0.9680532 0.05736082 0.07912158 0.9952133 0.05516624 0.06369876 0.9964432 0.6502218 0.1220912 0.7498703 0.623235 0.1403658 0.7693345 0.5262671 0.08921843 0.8456259 0.4623692 0.1128198 0.8794807 0.3870852 0.06125944 0.9200068 0.2842367 0.07526165 0.9557955 0.2365201 0.03690224 0.9709255 0.09539705 0.03047251 0.9949728 0.0787934 0.0153861 0.9967722 0.4623422 -0.1130268 0.8794684 0.3870865 -0.0614286 0.9199949 0.2842254 -0.07538479 0.9557892 0.2365412 -0.03701478 0.9709162 0.09537917 -0.0305171 0.9949731 0.07878035 -0.01542037 0.9967728 0.605323 -0.332569 0.723175 0.4535986 -0.5270372 0.7186654 0.3808029 -0.5168198 0.7667376 0.3713322 -0.4236541 0.826214 0.2786942 -0.3884494 0.8783146 0.2750036 -0.3104963 0.9099259 0.1680763 -0.2426775 0.955436 0.1679754 -0.1902746 0.9672538 0.05287975 -0.08533889 0.9949478 0.05370289 -0.06625407 0.9963566 0.3865014 -0.7054541 0.594097 0.1047058 -0.2393397 0.9652736 0.03180801 -0.0934816 0.9951128 0.03353154 -0.0812866 0.9961266 0.383337 -0.7493816 0.5398889 0.4330031 -0.7351862 0.5215454 0.4629734 -0.6770651 0.5720476 0.1006138 0.2738355 0.9564993 0.1612755 0.3732455 0.9136071 0.1659649 0.4956843 0.852498 0.3248754 0.6689382 0.6685639 0.3066464 0.5232847 0.795073 0.2808814 0.5865699 0.7596325 0.2104688 0.3964328 0.8936128 0.2064273 0.4253821 0.8811571 0.1291987 0.2435402 0.961247 0.1280818 0.2615318 0.9566588 0.04420727 0.08179146 0.9956686 0.04416966 0.087924 0.9951474 0.2229595 0.3894721 0.8936445 0.1408886 0.2279016 0.9634373 0.1376914 0.238798 0.9612578 0.0480979 0.07642042 0.9959149 0.04722595 0.08010435 0.9956671 0.2295869 0.3716142 0.8995514 0.3000026 0.5270432 0.7951252 0.3114172 0.5029053 0.8062913 0.3659781 0.6467397 0.6691695 0.3837581 0.6172787 0.6868018 0.387009 0.6279066 0.6752462 0.404688 0.751461 0.5210892 0.4916867 0.6104077 0.6210045 0.4564623 0.6163799 0.6416525 0.5209753 0.6449016 0.559184 0.4383319 0.6859446 0.5808144 0.4677304 0.6891676 0.5534225 0.4609863 0.3744478 0.8045375 0.5569446 0.4934949 0.6680385 0.57322 0.4369502 0.6931763 0.4557858 0.4014422 0.7944202 0.3401226 0.2771822 0.8986027 0.3381949 0.2962273 0.8932377 0.2086272 0.1701112 0.9630872 0.2083552 0.1812169 0.9611184 0.07076454 0.05677753 0.9958758 0.0708962 0.06042075 0.9956521 0.481675 0.3038388 0.8219922 0.5903006 0.4042859 0.6986402 0.5972439 0.3498262 0.7217488 0.4802607 0.3270399 0.8138763 0.3544231 0.2242506 0.9077973 0.3548278 0.2403387 0.9035124 0.2169674 0.13731 0.9664735 0.2178979 0.1466512 0.9648907 0.07335668 0.04573333 0.9962567 0.07384103 0.04875451 0.9960776 0.4537524 -0.4321346 0.7793384 0.5233148 -0.5359046 0.6625314 0.537409 -0.531894 0.6544314 0.4283597 -0.437092 0.7908594 0.3367425 -0.3208373 0.8852502 0.3178814 -0.323112 0.8913753 0.2074556 -0.1972317 0.9581554 0.19585 -0.1980027 0.9604362 0.07066965 -0.06598854 0.9953147 0.06671673 -0.06611371 0.9955791 0.3244554 -0.6696213 0.6680838 0.3142631 -0.5772111 0.7537016 0.2658732 -0.5461347 0.7943855 0.2189574 -0.4196043 0.8809029 0.1971909 -0.4041126 0.8932014 0.1353207 -0.258241 0.9565563 0.1215801 -0.2479636 0.9611099 0.04651898 -0.08686554 0.9951333 0.04174757 -0.0832315 0.9956554 0.1006154 -0.2738348 0.9564994 0.210658 -0.4528606 0.8663374 5.6558e-4 -0.4378154 0.8990647 0.1304633 -0.3326489 0.9339829 0.06081998 -0.240324 0.9687855 0.07531017 -0.2503961 0.96521 0.05929428 -0.1517795 0.9866343 -0.01135039 -0.04896134 0.9987362 0.02854251 -0.08316636 0.9961268 0.1047054 0.2393378 0.9652741 0.07529425 0.2504006 0.96521 0.06078726 0.2403154 0.9687896 0.03353148 0.08128726 0.9961265 0.02854156 0.08316725 0.9961268 -0.01135301 0.04895842 0.9987363 0.3266058 0.4750413 0.8171073 0.3880864 0.6145765 0.686793 0.4034389 0.5846446 0.7038663 0.3170181 0.4994125 0.8062795 0.2403282 0.3504128 0.9052366 0.2350084 0.3682368 0.8995403 0.1472771 0.2146211 0.9655295 0.1448466 0.2254381 0.9634299 0.05016672 0.07189989 0.9961495 0.04955279 0.07551556 0.9959126 0.3422318 0.4388767 0.8308216 0.4142202 0.5771178 0.7038159 0.4241693 0.5417652 0.7256521 0.3374052 0.4675208 0.8170569 0.2512326 0.3230253 0.9124346 0.2495961 0.3439735 0.9051983 0.1536679 0.1975148 0.9681808 0.15358 0.2102507 0.9655091 0.05221164 0.066069 0.9964481 0.05241459 0.07034295 0.996145 0.5227833 0.5303047 0.6674388 0.4439698 0.4145025 0.7944046 0.4403313 0.4489139 0.7775504 0.3280066 0.307496 0.8932289 0.3280608 0.3321974 0.8843196 0.2014035 0.1889104 0.9611188 0.2027294 0.2037336 0.9578065 0.06842088 0.06316059 0.9956552 0.06918895 0.06805658 0.9952795 0.5661136 0.4401348 0.6969913 0.4717635 0.3391202 0.8139022 0.4688369 0.364633 0.804509 0.3475766 0.2506372 0.9035328 0.3471279 0.2684357 0.8985792 0.2129961 0.1536075 0.9649028 0.2135263 0.1640008 0.9630733 0.0721215 0.05119311 0.9960812 0.07250475 0.05460894 0.995872 0.5951318 0.3510413 0.7229026 0.4902027 0.2682805 0.8292931 0.4905623 0.2893708 0.8219569 0.3602836 0.1977686 0.9116376 0.361781 0.2122869 0.9077714 0.2203561 0.1209928 0.9678863 0.2218527 0.1293754 0.9664592 0.07441812 0.04027557 0.9964135 0.07506471 0.04296082 0.9962528 0.4979979 0.2192081 0.8390148 0.6234027 0.2977833 0.7229759 0.6174068 0.270471 0.7386842 0.5050687 0.2398785 0.8290741 0.3654692 0.1614614 0.9167129 0.3719149 0.1756577 0.9114953 0.2232739 0.09869676 0.9697462 0.2278012 0.1068924 0.9678226 0.07528758 0.03280645 0.9966221 0.07696843 0.03545534 0.9964029 0.5084338 0.1591027 0.846275 0.6386257 0.2161987 0.7385225 0.6311842 0.1965546 0.7503152 0.5158592 0.1736411 0.838891 0.3727523 0.1170004 0.9205252 0.3790395 0.1269142 0.9166362 0.227549 0.07145464 0.9711415 0.2317645 0.07711476 0.9697105 0.07661771 0.0237165 0.9967785 0.07814842 0.0255419 0.9966145 0.4711971 0.02903944 0.8815497 0.6365301 0.04286164 0.77006 0.6339149 0.03885048 0.7724264 0.4733743 0.03164279 0.8802929 0.2902366 0.01791602 0.9567872 0.2916778 0.01933902 0.9563211 0.09802901 0.00594747 0.9951658 0.09854507 0.006389796 0.995112 0.4736647 -0.02941608 0.8802139 0.6337988 -0.04288244 0.7723084 0.6369009 -0.03938329 0.7699391 0.4711506 -0.0316714 0.8814839 0.2918542 -0.01814651 0.9562907 0.2902216 -0.01936507 0.9567635 0.09859067 -0.006029367 0.9951098 0.09802627 -0.006395995 0.9951633 0.5262382 -0.08946293 0.845618 0.6231697 -0.140667 0.7693323 0.650202 -0.1223813 0.74984 0.5195157 -0.1640833 0.8385584 0.6269693 -0.2112569 0.7498533 0.6434922 -0.202867 0.7380805 0.5054721 -0.1697424 0.8459819 0.3814874 -0.1206124 0.9164716 0.3708527 -0.124082 0.9203651 0.2331852 -0.0736165 0.9696418 0.2265343 -0.07542085 0.9710787 0.07857948 -0.0244283 0.9966085 0.07628309 -0.024966 0.9967736 0.5113312 -0.2276573 0.8286812 0.6095089 -0.2892135 0.7381426 0.6318469 -0.2809154 0.722396 0.4924142 -0.232917 0.8386167 0.376178 -0.1675704 0.9112685 0.361803 -0.1705814 0.9165154 0.2302073 -0.102386 0.9677405 0.2212842 -0.103819 0.9696674 0.07772159 -0.03402072 0.9963945 0.07464152 -0.03441625 0.9966164 0.603462 -0.3718507 0.7053798 0.4995859 -0.2862005 0.8176205 0.4778416 -0.2910735 0.8288207 0.3682531 -0.2110418 0.9054563 0.3518434 -0.2135981 0.9113628 0.225714 -0.1290903 0.9656029 0.2154922 -0.1301853 0.9677887 0.07638323 -0.04296571 0.9961524 0.07284152 -0.04323363 0.996406 0.5785599 -0.4354873 0.6896516 0.4862352 -0.3402871 0.8048478 0.4616228 -0.34389 0.8177065 0.3592427 -0.2514764 0.8987237 0.3406588 -0.2529469 0.9055216 0.2205698 -0.1540689 0.963126 0.2090159 -0.1544351 0.9656409 0.0748164 -0.0513767 0.995873 0.07083392 -0.05138397 0.9961638 0.5567773 -0.5006496 0.6628342 0.4706571 -0.3916401 0.7906327 0.4437886 -0.3938513 0.8049428 0.348616 -0.2901592 0.8912208 0.328344 -0.2904414 0.8987959 0.2144599 -0.1780883 0.9603601 0.2018486 -0.1776616 0.9631685 0.07290798 -0.05949622 0.9955625 0.06858646 -0.05922335 0.9958857 0.5106571 -0.5894444 0.6259271 0.4397803 -0.4668235 0.7672477 0.4130635 -0.4710443 0.7794201 0.3270388 -0.3473891 0.8788438 0.3072541 -0.3490179 0.8853143 0.2018084 -0.2139033 0.9557817 0.1896471 -0.2142385 0.9581941 0.06885331 -0.07165998 0.9950498 0.0647571 -0.07163071 0.9953269 0.4697498 -0.6735391 0.5706841 0.42791 -0.5685016 0.7026371 0.4008214 -0.567847 0.7189521 0.3472423 -0.4616396 0.8162791 0.3250808 -0.4594367 0.8265836 0.256049 -0.3403086 0.9047812 0.2396729 -0.3377493 0.91021 0.1571632 -0.2083149 0.9653521 0.1470775 -0.2063335 0.9673648 0.0535326 -0.06975215 0.996127 0.05012178 -0.06900006 0.9963568 0.3276715 -0.5116118 0.7942824 0.3676146 -0.6096019 0.702314 0.4011539 -0.6267801 0.6679987 0.2987713 -0.4947937 0.8160361 0.2428689 -0.3786169 0.8931203 0.2205933 -0.3646328 0.9046444 0.1496015 -0.2323361 0.9610616 0.1355747 -0.2231583 0.9653082 0.05119425 -0.07796609 0.9956407 0.04630833 -0.07472455 0.9961284 -0.702661 -0.1119767 -0.7026583 -0.6674246 -0.3302916 -0.6674219 -0.6674291 -0.3302671 -0.6674295 -0.5987272 -0.5320255 -0.5987275 -0.5987235 -0.5320354 -0.5987224 -0.4999937 -0.7071163 -0.4999929 -0.5000023 -0.7071025 -0.5000037 -0.3762099 -0.846718 -0.376211 -0.3762059 -0.846722 -0.3762062 -0.2335447 -0.9438822 -0.2335448 -0.2335419 -0.9438838 -0.2335415 -0.07915169 -0.9937153 -0.07915151 -0.07915365 -0.9937149 -0.07915389 -0.7026619 -0.1119365 -0.7026639 -0.7026587 0.1119764 -0.7026607 -0.7026643 0.1119361 -0.7026615 -0.6674305 0.3302674 -0.6674279 -0.6674231 0.3302915 -0.6674234 -0.5987229 0.5320352 -0.5987232 -0.5987278 0.5320256 -0.5987268 -0.5000038 0.7071021 -0.5000029 -0.499993 0.7071157 -0.4999945 -0.3761861 0.8467392 -0.3761872 -0.3761909 0.8467354 -0.3761911 -0.2335651 0.9438722 -0.2335652 -0.2335683 0.9438707 -0.233568 -0.07915467 0.9937148 -0.07915449 -0.07915228 0.9937152 -0.07915252 -0.702661 -0.1119772 -0.7026582 -0.6674253 -0.3302885 -0.6674226 -0.6674299 -0.330264 -0.6674302 -0.5987195 -0.5320428 -0.5987198 -0.5987158 -0.5320527 -0.5987147 -0.5000031 -0.7071031 -0.5000022 -0.5000116 -0.7070893 -0.5000131 -0.3761904 -0.8467354 -0.3761915 -0.3761865 -0.8467392 -0.3761867 -0.2335447 -0.9438822 -0.2335448 -0.2335419 -0.9438838 -0.2335415 -0.07918518 -0.99371 -0.07918506 -0.07918721 -0.9937096 -0.07918745 -0.7026618 -0.111937 -0.7026638 -0.7026587 0.1119769 -0.7026607 -0.7026643 0.1119366 -0.7026615 -0.6674343 0.3302524 -0.6674316 -0.6674268 0.3302765 -0.6674271 -0.5987152 0.5320525 -0.5987155 -0.5987201 0.5320429 -0.5987191 -0.5000194 0.7070799 -0.5000186 -0.5000087 0.7070934 -0.5000101 -0.3761861 0.8467392 -0.3761872 -0.3761909 0.8467354 -0.3761911 -0.2335296 0.9438897 -0.2335297 -0.2335328 0.9438883 -0.2335324 -0.07918733 0.9937096 -0.07918721 -0.079185 0.99371 -0.07918524 -0.702661 -0.1119772 -0.7026582 -0.6674246 -0.3302916 -0.6674219 -0.6674291 -0.3302671 -0.6674295 -0.5987234 -0.5320342 -0.5987237 -0.5987197 -0.5320441 -0.5987185 -0.4999997 -0.7071079 -0.4999988 -0.5000082 -0.7070941 -0.5000097 -0.376205 -0.8467224 -0.3762061 -0.3762011 -0.8467262 -0.3762013 -0.2335386 -0.9438852 -0.2335387 -0.2335358 -0.9438868 -0.2335354 -0.07917177 -0.9937121 -0.07917165 -0.0791738 -0.9937118 -0.07917404 -0.7026618 -0.111937 -0.7026638 -0.7026587 0.1119759 -0.7026607 -0.7026644 0.1119356 -0.7026616 -0.667432 0.3302614 -0.6674293 -0.6674245 0.3302855 -0.6674249 -0.5987191 0.5320439 -0.5987194 -0.598724 0.5320342 -0.5987229 -0.5000092 0.7070943 -0.5000084 -0.4999985 0.7071079 -0.5 -0.3761958 0.8467305 -0.3761969 -0.3762006 0.8467267 -0.3762008 -0.2335416 0.9438837 -0.2335417 -0.2335449 0.9438823 -0.2335445 -0.07916724 0.9937129 -0.07916706 -0.07916486 0.9937132 -0.0791651 0.7071189 0 -0.7070947 0.7070995 0 -0.7071141 0.707044 -2.33709e-6 -0.7071697 0.7071443 1.15804e-6 -0.7070693 0.7071068 0 -0.7071068 0.7070868 -4.67351e-7 -0.7071268 0.7071297 2.63789e-7 -0.7070838 0.7070991 1.72744e-7 -0.7071145 0.7071096 0 -0.707104 0.707093 4.00177e-7 -0.7071207 0.7071068 0 -0.7071068 0.7070755 1.0687e-6 -0.7071381 0.7073881 -1.06473e-5 -0.7068254 0.7071068 0 -0.7071068 0.7070867 -4.67351e-7 -0.7071269 0.7071297 2.63789e-7 -0.7070838 0.7070996 0 -0.707114 0.7071189 0 -0.7070947 0.7070991 1.72744e-7 -0.7071145 0.7071096 0 -0.7071039 0.7070929 4.00177e-7 -0.7071206 0.7071068 0 -0.7071067 0.7070755 1.06871e-6 -0.707138 0.7976115 -0.1604492 -0.5814395 0.8018064 -0.1598107 -0.5758185 0.8492006 -0.1527088 -0.5055082 0.9214299 -0.1381359 -0.3631603 0.9943158 -0.0843786 0.06493419 0.8259614 0 0.5637268 0.7071073 0 -0.7071062 0.7071022 6.10837e-6 -0.7071114 0.7070903 2.06327e-5 -0.7071233 0.7071218 -1.87724e-5 -0.7070918 0.707107 2.86213e-7 -0.7071066 0.7070944 1.69277e-5 -0.7071191 0.7071239 -2.3333e-5 -0.7070897 0.7071003 9.75678e-6 -0.7071132 0.7071204 -1.89866e-5 -0.7070932 0.7070945 1.87359e-5 -0.7071191 0.7071142 -1.04685e-5 -0.7070994 0.7983019 0.1551018 -0.5819427 0.7071003 -9.75652e-6 -0.7071133 0.7071239 2.33088e-5 -0.7070896 0.7070944 -1.69279e-5 -0.7071191 0.707107 -2.86212e-7 -0.7071067 0.7071217 1.87726e-5 -0.7070918 0.7070903 -2.06454e-5 -0.7071233 0.7071022 -6.10842e-6 -0.7071114 0.707114 7.98496e-6 -0.7070996 0.7071497 4.99964e-5 -0.7070639 0.706991 -1.34905e-4 -0.7072226 0.7071072 0 -0.7071063 0.7070997 -2.37948e-6 -0.7071139 0.7071281 6.5492e-6 -0.7070854 0.7070894 -5.4068e-6 -0.7071242 0.7071068 0 -0.7071067 0.707134 7.9443e-6 -0.7070796 0.7070702 -1.06973e-5 -0.7071434 0.7070918 -4.45187e-6 -0.7071217 0.7071615 1.55471e-5 -0.7070521 0.7071074 0 -0.7071062 0.7070997 -1.35495e-6 -0.7071139 0.7071287 3.80984e-6 -0.7070848 0.7070884 -3.21721e-6 -0.7071253 0.7071068 0 -0.7071067 0.7071372 5.03825e-6 -0.7070763 0.7070633 -7.21888e-6 -0.7071504 0.7070859 -3.50214e-6 -0.7071278 0.8270875 0.02111452 -0.5616766 0.7500234 0.02202934 -0.6610444 0.731481 0.02220749 -0.6815 0.7225134 0.02230381 -0.6909971 0.7168049 0.02237755 -0.6969146 0.7124528 0.02244597 -0.701361 0.7087313 0.02251631 -0.7051192 0.3163323 -0.0241692 0.9483405 0.8913879 0.03498697 -0.4518888 0.7797079 0.0382989 -0.624971 0.7490001 0.03890961 -0.6614265 0.7337419 0.03922569 -0.678295 0.7238747 0.03946232 -0.688802 0.7162919 0.03967887 -0.6966718 0.7097268 0.03990119 -0.703346 0.7321118 -0.02648192 0.6806695 0.3144151 -0.1002846 0.9439736 0.9943159 0.08437913 0.06493073 0.9214287 0.1381363 -0.3631632 0.8491979 0.1527093 -0.5055124 0.8018077 0.1598105 -0.5758169 0.7667877 0.1647415 -0.6204005 0.7374892 0.1690081 -0.6538701 0.7100934 0.1732788 -0.6824529 0.7026636 0.1119357 0.7026624 0.6674283 0.3302735 0.6674271 0.6674282 0.3302736 0.6674271 0.5987197 0.5320439 0.5987187 0.5987197 0.5320441 0.5987185 0.5000153 0.7070858 0.5000144 0.5000032 0.7071011 0.500005 0.3761946 0.8467315 0.3761959 0.3762052 0.846723 0.3762046 0.2335419 0.9438837 0.2335415 0.2335387 0.9438852 0.2335389 0.0791682 0.9937126 0.07916826 0.079167 0.9937128 0.07916724 0.7026598 0.1119625 0.7026618 0.7026619 -0.1119367 0.7026639 0.7026613 -0.1119638 0.7026601 0.6674268 -0.3302795 0.6674256 0.6674269 -0.3302792 0.6674257 0.5987197 -0.5320439 0.5987187 0.5987197 -0.5320441 0.5987185 0.5000045 -0.7071011 0.5000036 0.500014 -0.7070858 0.5000157 0.3762092 -0.8467185 0.3762105 0.3762003 -0.8467273 0.3761997 0.2335329 -0.9438882 0.2335324 0.2335357 -0.9438868 0.2335358 0.07917386 -0.9937118 0.07917386 0.07917481 -0.9937116 0.07917505 0.7026635 0.1119368 0.7026623 0.6674305 0.3302645 0.6674293 0.6674305 0.3302646 0.6674293 0.5987159 0.5320525 0.5987148 0.5987158 0.5320527 0.5987147 0.5000255 0.7070714 0.5000246 0.5000134 0.7070866 0.5000151 0.3761849 0.8467401 0.3761862 0.3761955 0.8467317 0.3761948 0.2335298 0.9438897 0.2335294 0.2335266 0.9438912 0.2335268 0.07918834 0.9937095 0.07918834 0.07918715 0.9937096 0.07918739 0.7026597 0.1119636 0.7026618 0.7026619 -0.1119367 0.7026639 0.7026613 -0.1119638 0.7026601 0.6674275 -0.3302764 0.6674264 0.6674276 -0.3302761 0.6674265 0.5987159 -0.5320525 0.5987148 0.5987158 -0.5320527 0.5987147 0.5000079 -0.7070963 0.500007 0.5000174 -0.707081 0.5000191 0.3761947 -0.8467315 0.3761959 0.3761858 -0.8467403 0.3761851 0.2335389 -0.9438853 0.2335385 0.2335417 -0.9438837 0.2335419 0.07918727 -0.9937096 0.07918733 0.07918822 -0.9937094 0.07918846 0.7026635 0.1119362 0.7026623 0.6674268 0.3302795 0.6674256 0.6674267 0.3302796 0.6674256 0.5987235 0.5320352 0.5987225 0.5987235 0.5320354 0.5987224 0.5000097 0.7070936 0.5000089 0.4999977 0.7071089 0.4999994 0.3761849 0.8467401 0.3761862 0.3761955 0.8467317 0.3761948 0.2335654 0.9438722 0.233565 0.2335622 0.9438736 0.2335623 0.07915562 0.9937146 0.07915568 0.07915443 0.9937148 0.07915467 0.7026598 0.111963 0.7026618 0.7026619 -0.1119362 0.7026639 0.7026613 -0.1119633 0.7026601 0.6674268 -0.3302795 0.6674256 0.6674269 -0.3302792 0.6674257 0.5987235 -0.5320352 0.5987225 0.5987235 -0.5320354 0.5987224 0.4999985 -0.7071095 0.4999976 0.5000081 -0.7070943 0.5000097 0.3762141 -0.8467141 0.3762154 0.3762052 -0.8467229 0.3762046 0.2335389 -0.9438853 0.2335385 0.2335417 -0.9438837 0.2335419 0.07915371 -0.9937149 0.07915377 0.07915472 -0.9937148 0.0791549 0 1 0 0 1 0 0 1 0 0 1 0 0 1 0 0 1 0 0 1 0 0 1 0 0 1 0 0 1 0 0 1 0 0 1 0 0 1 0 0 1 0 0 1 0 0 1 0 0 1 0 0 1 0 0 1 0 0 1 0 0 1 0 0 1 0 0 1 0 0 1 0 0 1 0 0 1 0 0 1 0 0 1 0 0 1 0 0 1 0 0 1 0 0 1 0 0 1 0 0 1 0 0 1 0 0 1 0 0 1 0 0 1 0 0 1 0 0 1 0 0 1 0 0 1 0 0 1 0 0 1 0 0 1 0 0 1 0 0 1 0 0 1 0 0 1 0 0 1 0 0 1 0 0 1 0 0 1 0 0 1 0 0 1 0 0 1 0 0 1 0 0 1 0 0 1 0 0 1 0 0 1 0 0 1 0 0 1 0 0 1 0 0 1 0 0 1 0 0 1 0 0 1 0 0 1 0 0 1 0 0 1 0 0 1 0 0 1 0 0 1 0 0 1 0 0 1 0 0 1 0 0 1 0 0 1 0 0 1 0 0 1 0 0 1 0 0 1 0 0 1 0 0 1 0 0 1 0 0 1 0 0 1 0 0 1 0 0 1 0 0 1 0 0 1 0 0 1 0 0 1 0 0 1 0 0 1 0 0 1 0 0 1 0 0 1 0 0 1 0 0 1 0 0 1 0 0 1 0 0 1 0 0 1 0 0 1 0 0 1 0 0 1 0 -0.2818978 0.06520593 -0.957226 0.02984368 0.09320932 -0.9951992 0 1 0 0 1 0 0 1 0 0 1 0 0 1 0 0 1 0 0 1 0 0 1 0 0 1 0 0 1 0 0 1 0 0 1 0 0 1 0 0 1 0 0 1 0 0 1 0 0 1 0 0 1 0 0 1 0 0 1 0 0 1 0 0 1 0 0 1 0 0 1 0 0 1 0 0 1 0 0 1 0 0 1 0 0 1 0 0 1 0 0 1 0 0 1 0 0 1 0 0 1 0 0 1 0 0 1 0 0 1 0 0 1 0 0 1 0 0 1 0 0 1 0 0 1 0 0 1 0 0 1 0 0 1 0 0 1 0 0 1 0 0 1 0 0 1 0 0 1 0 0 1 0 0 1 0 0 1 0 0 1 0 0 1 0 0 1 0 0 1 0 0 1 0 0 1 0 0 1 0 0 1 0 0 1 0 0 1 0 0 1 0 0 1 0 0 1 0 0 1 0 0 1 0 0 1 0 0 1 0 0 1 0 0 1 0 0 1 0 0 1 0 0 1 0 0 1 0 0 1 0 0 1 0 0 1 0 0 1 0 0 1 0 0 1 0 0 1 0 0 1 0 0 1 0 0 1 0 0 1 0 0 1 0 0 1 0 0 1 0 0 1 0 0 1 0 0 1 0 0 1 0 0 1 0 0 1 0 0 1 0 0 1 0 0 1 0 0 1 0 0 1 0 0 1 0 0 1 0 0 1 0 0 1 0 0 1 0 0 1 0 0 1 0 0 1 0 0 1 0 0 1 0 0 1 0 0 1 0 0 1 0 0 1 0 0 1 0 0 1 0 0 1 0 0 1 0 0 1 0 0 1 0 0 1 0 0 1 0 0 1 0 0 1 0 0 1 0 0 1 0 0 1 0 0 1 0 0 1 0 0 1 0 0 1 0 0 1 0 0 1 0 0 1 0 0 1 0 0 1 0 0 1 0 0 1 0 0 1 0 0 1 0 0 1 0 0 1 0 0 1 0 0 1 0 0 1 0 0 1 0 0 1 0 0 1 0 0 1 0 0 1 0 0 1 0 0 1 0 0 1 0 0 1 0 0 1 0 0 1 0 0 1 0 0 1 0 0 1 0 0 1 0 0 1 0 0 1 0 0 1 0 0 1 0 0 1 0 0 1 0 0 1 0 0 1 0 0 1 0 0 1 0 0 1 0 0 1 0 0 1 0 0 1 0 0 1 0 0 1 0 0 1 0 0 1 0 0 1 0 0 1 0 0 1 0 0 1 0 0 1 0 0 1 0 0 1 0 0 1 0 0 1 0 0 1 0 0 1 0 0 1 0 0 1 0 0 1 0 0 1 0 0 1 0 0 1 0 0 1 0 0 1 0 0 1 0 0 1 0 0 1 0 0 1 0 0 1 0 0 1 0 0 1 0 0 1 0 0 1 0 0 1 0 0 1 0 0 1 0 0 1 0 0 1 0 0 1 0 0 1 0 0 1 0 0 1 0 0 1 0 0 1 0 0 1 0 0 1 0 0 1 0 0 1 0 0 1 0 0 1 0 0 1 0 0 1 0 0 1 0 0.1102675 0.1737529 -0.9785964 0.3045818 0.386636 -0.8704841 0.4480066 0.5394111 -0.7129697 0.5442991 0.6383675 -0.5442659 0.6059399 0.6984485 -0.3807972 0.6434473 0.7316352 -0.2251345 0.6630725 0.7448173 -0.07471346 -0.9931534 0.03351777 -0.1119062 -0.9429432 0.04481065 -0.3299245 -0.8454793 0.05338048 -0.5313335 -0.7059051 0.05879586 -0.7058619 -0.531063 0.06080234 -0.845148 -0.3296905 0.05929934 -0.9422249 -0.111803 0.05436027 -0.9922424 0 0.05061101 -0.9987185 0 0 1 0 -1 0 0 -1 0 0 -1 0 0 -1 0 0 -1 0 0 -1 0 0 -1 0 0 -1 0 0 -1 0 0 -1 0 0 -1 0 0 -1 0 0 -1 0 0 -1 0 0 -1 0 0 -1 0 0 -1 0 0 -1 0 0 -1 0 0 -1 0 0 -1 0 0 -1 0 0 -1 0 0 -1 0 0 -1 0 0 -1 0 0 -1 0 0 -1 0 0 -1 0 0 -1 0 0 -1 0 0 -1 0 0 -1 0 0 -1 0 0 -1 0 0 -1 0 0 -1 0 0 -1 0 0 -1 0 0 -1 0 0 -1 0 0 -1 0 0 -1 0 0 -1 0 0 -1 0 0 -1 0 0 -1 0 0 -1 0 0 -1 0 0 -1 0 0 -1 0 0 -1 0 0 -1 0 0 -1 0 0 -1 0 0 -1 0 0 -1 0 0 -1 0 0 -1 0 0 -1 0 0 -1 0 0 -1 0 0 -1 0 0 -1 0 0 -1 0 0 -1 0 0 -1 0 0 -1 0 0 -1 0 0 -1 0 0 -1 0 0 -1 0 0 -1 0 0 -1 0 0 -1 0 0 -1 0 0 -1 0 0 -1 0 0 -1 0 0 -1 0 0 -1 0 0 -1 0 0 -1 0 0 -1 0 0 -1 0 0 -1 0 0 -1 0 0 -1 0 0 -1 0 0 -1 0 0 -1 0 0 -1 0 0 -1 0 0 -1 0 0 -1 0 0 -1 0 0 -1 0 0 -1 0 0 -1 0 0 -1 0 0 -1 0 0 -1 0 0 -1 0 0 -1 0 0 -1 0 0 -1 0 0 -1 0 0 -1 0 0 -1 0 0 -1 0 0 -1 0 0 -1 0 0 -1 0 0 -1 0 0 -1 0 0 -1 0 0 -1 0 0 -1 0 0 -1 0 0 -1 0 0 -1 0 0 -1 0 0 -1 0 0 -1 0 0 -1 0 0 -1 0 0 -1 0 0 -1 0 0 -1 0 0 -1 0 0 -1 0 0 -1 0 0 -1 0 0 -1 0 0 -1 0 0 -1 0 0 -1 0 0 -1 0 0 -1 0 0 -1 0 0 -1 0 0 -1 0 0 -1 0 0 -1 0 0 -1 0 0 -1 0 0 -1 0 0 -1 0 0 -1 0 0 -1 0 0 -1 0 0 -1 0 0 -1 0 0 -1 0 0 -1 0 0 -1 0 0 -1 0 0 -1 0 0 -1 0 0 -1 0 0 -1 0 0 -1 0 0 -1 0 0 -1 0 0 -1 0 0 -1 0 0 -1 0 0 -1 0 0 -1 0 0 -1 0 0 -1 0 0 -1 0 0 -1 0 0 -1 0 0 -1 0 0 -1 0 0 -1 0 0 -1 0 0 -1 0 0 -1 0 0 -1 0 0 -1 0 0 -1 0 0 -1 0 0 -1 0 0 -1 0 0 -1 0 0 -1 0 0 -1 0 0 -1 0 0 -1 0 0 -1 0 0 -1 0 0 -1 0 0 -1 0 0 -1 0 0 -1 0 0 -1 0 0 -1 0 0 -1 0 0 -1 0 0 -1 0 0 -1 0 0 -1 0 0 -1 0 0 -1 0 0 -1 0 0 -1 0 0 -1 0 0 -1 0 0 -1 0 0 -1 0 0 -1 0 0 -1 0 0 -1 0 0 -1 0 0 -1 0 0 -1 0 0 -1 0 0 -1 0 0 -1 0 0 -1 0 0 -1 0 0 -1 0 0 -1 0 0 -1 0 0 -1 0 0 -1 0 0 -1 0 0 -1 0 0 -1 0 0 -1 0 0 -1 0 0 -1 0 0 -1 0 0 -1 0 0 -1 0 0 -1 0 0 -1 0 0 -1 0 0 -1 0 0 -1 0 0 -1 0 0 -1 0 0 -1 0 0 -1 0 0 -1 0 0 -1 0 0 -1 0 0 -1 0 0 -1 0 0 -1 0 0 -1 0 0 -1 0 0 -1 0 0 -1 0 0 -1 0 0 -1 0 0 -1 0 0 -1 0 0 -1 0 0 -1 0 0 -1 0 0 -1 0 0 -1 0 0 -1 0 0 -1 0 0 -1 0 0 -1 0 0 -1 0 0 -1 0 0 -1 0 0 -1 0 0 -1 0 0 -1 0 0 -1 0 0 -1 0 0 -1 0 0 -1 0 0 -1 0 0 -1 0 0 -1 0 0 -1 0 0 -1 0 0 -1 0 0 -1 0 0 -1 0 0 -1 0 0 -1 0 0 -1 0 0 -1 0 0 -1 0 0 -1 0 0 -1 0 0 -1 0 0 -1 0 0 -1 0 0 -1 0 0 -1 0 0 -1 0 0 -1 0 0 -1 0 0 -1 0 0 -1 0 0 -1 0 0 -1 0 0 -1 0 0 -1 0 0 -1 0 0 -1 0 0 -1 0 0 -1 0 0 -1 0 0 -1 0 0 -1 0 0 -1 0 0 -1 0 0 -1 0 0 -1 0 0 -1 0 0 -1 0 0 -1 0 0 -1 0 0 -1 0 0 -1 0 0 -1 0 0 -1 0 0 -1 0 0 -1 0 0 -1 0 0 -1 0 0 -1 0 0 -1 0 0 -1 0 0 -1 0 0 -1 0 0 -1 0 0 -1 0 0 -1 0 0 -1 0 0 -1 0 0 -1 0 0 -1 0 0 -1 0 0 -1 0 0 -1 0 0 -1 0 0 -1 0 0 -1 0 0 -1 0 0 -1 0 0 -1 0 0 1 0 0 1 0 0 1 0 0 1 0 0 1 0 0 1 0 0 1 0 0 1 0 0 1 0 0 1 0 0 1 0 0 1 0 0 1 0 0 1 0 0 1 0 0 1 0 0 1 0 0 1 0 0 1 0 0 1 0 0 1 0 0 1 0 0 1 0 0 1 0 0 1 0 0 1 0 0 1 0 0 1 0 0 1 0 0 1 0 0 1 0 0 1 0 0 1 0 0 1 0 0 1 0 0 1 0 0 1 0 0 1 0 0 1 0 0 1 0 0 1 0 0 1 0 0 1 0 0 1 0 0 1 0 0 1 0 0 1 0 0 1 0 0 1 0 0 1 0 0 1 0 0 1 0 0 1 0 0 1 0 0 1 0 0 1 0 0 1 0 0 1 0 0 1 0 0 1 0 0 1 0 0 1 0 0 1 0 0 1 0 0 1 0 0 1 0 0 1 0 0 1 0 0 1 0 0 1 0 0 1 0 0 1 0 0 1 0 0 1 0 0 1 0 0 1 0 0 1 0 0 1 0 0 1 0 0 1 0 0 1 0 0 1 0 0 1 0 0 1 0 0 1 0 0 1 0 0 1 0 0 1 0 0 1 0 0 1 0 0 1 0 0 1 0 0 1 0 0 1 0 0 1 0 0 1 0 0 1 0 0 1 0 0 1 0 0 1 0 0 1 0 0 1 0 0 1 0 0 1 0 0 1 0 0 1 0 0 1 0 0 1 0 0 1 0 0 1 0 0 1 0 0 1 0 0 1 0 0 1 0 0 1 0 0 1 0 0 1 0 0 1 0 0 1 0 0 1 0 0 1 0 0 1 0 0 1 0 0 1 0 0 1 0 0 1 0 0 1 0 0 1 0 0 1 0 0 1 0 0 1 0 0 1 0 0 1 0 0 1 0 0 1 0 0 1 0 0 1 0 0 1 0 0 1 0 0 1 0 0 1 0 0 1 0 0 1 0 0 1 0 0 1 0 0 1 0 0 1 0 0 1 0 0 1 0 0 1 0 0 1 0 0 1 0 0 1 0 0 1 0 0 1 0 0 1 0 0 1 0 0 1 0 0 1 0 0 1 0 0 1 0 0 1 0 0 1 0 0 1 0 0 1 0 0 1 0 0 1 0 0 1 0 0 1 0 0 1 0 0 1 0 0 1 0 0 1 0 0 1 0 0 1 0 0 1 0 0 1 0 0 1 0 0 1 0 0 1 0 0 1 0 -0.3795245 0.06773334 -0.9226989 0 1 0 0 1 0 0 1 0 0 1 0 0 1 0 0 1 0 0 1 0 0 1 0 0 1 0 0 1 0 0 1 0 0 1 0 0 1 0 0 1 0 0 1 0 0 1 0 0 1 0 0 1 0 0 1 0 0 1 0 0 1 0 0 1 0 0 1 0 0 1 0 0 1 0 0 1 0 0 1 0 0 1 0 0 1 0 0 1 0 0 1 0 0 1 0 0 1 0 0 1 0 0 1 0 0 1 0 0 1 0 0 1 0 0 1 0 0 1 0 0 1 0 0 1 0 0 1 0 0 1 0 0 1 0 0 1 0 -0.7068634 0.02762174 0.7068105 -0.8458064 0.0453239 0.5315611 -0.9421835 0.06025087 0.3296362 -0.9911587 0.07163536 0.111682 -0.9906105 0.078942 -0.1116186 -0.9407314 0.08181983 -0.3291349 -0.8439592 0.0801329 -0.5303882 -0.7051962 0.0739656 -0.7051435 -0.5309461 0.06360119 -0.8450154 -0.3298909 0.04954701 -0.942718 -0.1118957 0.03248512 -0.9931889 0 0.02302914 -0.9997348 0 1 0 0 1 0 0 1 0 0 1 0 0 1 0 0.1107649 0.1457949 -0.9830946 0.307871 0.3621013 -0.8798284 0.4542899 0.5204972 -0.7229822 0.5522623 0.6245198 -0.5522511 0.6141434 0.6883926 -0.385932 0.6508048 0.7242975 -0.2276979 0.6688792 0.7395406 -0.07536703 -0.0191034 0.01184844 -0.9997472 0.1115235 0.08807456 -0.9898511 0.3229432 0.2097916 -0.9228733 0.5053012 0.3128929 -0.8042193 0.6502359 0.3929498 -0.6502183 0.756341 0.4495516 -0.4752386 0.8258196 0.4842669 -0.2889768 0.8612768 0.4987837 -0.09704154 0.03601533 0.05356258 -0.9979148 -0.1118301 0.05009943 -0.9924637 0.1118028 0.05439859 -0.9922404 0.3297672 0.0554865 -0.9424303 0.5312908 0.05331021 -0.8455106 0.7063141 0.04797565 -0.7062709 0.846016 0.03974848 -0.5316737 0.9434938 0.02902173 -0.3301172 0.9935789 0.01634389 -0.1119539 0.4671247 0.05955094 -0.8821838 0.03720045 0.1005467 -0.9942366 0.05647784 0.09910756 -0.9934726 0 1 0 0 1 0 0 1 0 0 1 0 0 1 0 0 1 0 0 1 0 0 1 0 0 1 0 0 1 0 0 1 0 0 1 0 0 1 0 0 1 0 0 1 0 0 1 0 0 1 0 0 1 0 0 1 0 0 1 0 0 1 0 0 1 0 0 1 0 0 1 0 0 1 0 0 1 0 0 1 0 0 1 0 0 1 0 0 1 0 0 1 0 0 1 0 0 1 0 0 1 0 0 1 0 0 1 0 0 1 0 0 1 0 0 1 0 0 1 0 0 1 0 0 1 0 0 1 0 0 1 0 0 1 0 0 1 0 0 1 0 0 1 0 0 1 0 0 1 0 0 1 0 0 1 0 0 1 0 0 1 0 0 1 0 0 1 0 0 1 0 0 1 0 0 1 0 0 1 0 0 1 0 0 1 0 0 1 0 0 1 0 0 1 0 0 1 0 0 1 0 0 1 0 0 1 0 0 1 0 0 1 0 0 1 0 0 1 0 0 1 0 0 1 0 0 1 0 0 1 0 0 1 0 0 1 0 0 1 0 0 1 0 0 1 0 0 1 0 0 1 0 0 1 0 0 1 0 0 1 0 0 1 0 0 1 0 0 1 0 0 1 0 0 1 0 0 1 0 0 1 0 0 1 0 0 -1 0 0 -1 0 0 -1 0 0 -1 0 0 -1 0 0 -1 0 0 -1 0 0 -1 0 0 -1 0 0 -1 0 0 -1 0 0 -1 0 0 -1 0 0 -1 0 0 -1 0 0 -1 0 0 -1 0 0 -1 0 0 -1 0 0 -1 0 0 -1 0 0 -1 0 0 -1 0 0 -1 0 0 -1 0 0 -1 0 0 -1 0 0 -1 0 0 -1 0 0 -1 0 0 -1 0 0 -1 0 0 -1 0 0 -1 0 0 -1 0 0 -1 0 0 -1 0 0 -1 0 0 -1 0 0 -1 0 0 -1 0 0 -1 0 0 -1 0 0 -1 0 0 -1 0 0 -1 0 0 -1 0 0 -1 0 0 -1 0 0 -1 0 0 -1 0 0 -1 0 0 -1 0 0 -1 0 0 -1 0 0 -1 0 0 -1 0 0 -1 0 0 -1 0 0 -1 0 0 -1 0 0 -1 0 0 -1 0 0 -1 0 0 -1 0 0 -1 0 0 -1 0 0 -1 0 0 -1 0 0 -1 0 0 -1 0 0 -1 0 0 -1 0 0 -1 0 0 -1 0 0 -1 0 0 -1 0 0 -1 0 0 -1 0 0 -1 0 0 -1 0 0 -1 0 0 -1 0 0 -1 0 0 -1 0 0 -1 0 0 -1 0 0 -1 0 0 -1 0 0 -1 0 0 -1 0 0 -1 0 0 -1 0 0 -1 0 0 -1 0 0 -1 0 0 -1 0 0 -1 0 0 -1 0 0 -1 0 0 -1 0 0 -1 0 0 -1 0 0 -1 0 0 -1 0 0 -1 0 0 -1 0 0 -1 0 0 -1 0 0 -1 0 0 -1 0 0 -1 0 0 -1 0 0 -1 0 0 -1 0 0 -1 0 0 -1 0 0 -1 0 0 -1 0 0 -1 0 0 -1 0 0 -1 0 0 -1 0 0 -1 0 0 -1 0 0 -1 0 0 -1 0 0 -1 0 0 -1 0 0 -1 0 0 -1 0 0 -1 0 0 -1 0 0 -1 0 0 -1 0 0 -1 0 0 -1 0 0 -1 0 0 -1 0 0 -1 0 0 -1 0 0 -1 0 0 -1 0 0 -1 0 0 -1 0 0 -1 0 0 -1 0 0 -1 0 0 -1 0 0 -1 0 0 -1 0 0 -1 0 0 -1 0 0 -1 0 0 -1 0 0 -1 0 0 -1 0 0 -1 0 0 -1 0 0 -1 0 0 -1 0 0 -1 0 0 -1 0 0 -1 0 0 -1 0 0 -1 0 0 -1 0 0 -1 0 0 -1 0 0 -1 0 0 -1 0 0 -1 0 0 -1 0 0 -1 0 0 -1 0 0 -1 0 0 -1 0 0 -1 0 0 -1 0 0 -1 0 0 -1 0 0 -1 0 0 -1 0 0 -1 0 0 -1 0 0 -1 0 0 -1 0 0 -1 0 0 -1 0 0 -1 0 0 -1 0 0 -1 0 0 -1 0 0 -1 0 0 -1 0 0 -1 0 0 -1 0 0 -1 0 0 -1 0 0 -1 0 0 -1 0 0 -1 0 0 -1 0 0 -1 0 0 -1 0 0 -1 0 0 -1 0 0 -1 0 0 -1 0 0 -1 0 0 -1 0 0 -1 0 0 -1 0 0 -1 0 0 -1 0 0 -1 0 0 -1 0 0 -1 0 0 -1 0 0 -1 0 0 -1 0 0 -1 0 0 -1 0 0 -1 0 0 -1 0 0 -1 0 0 -1 0 0 -1 0 0 -1 0 0 -1 0 0 -1 0 0 -1 0 0 -1 0 0 -1 0 0 -1 0 0 -1 0 0 -1 0 0 -1 0 0 -1 0 0 -1 0 0 -1 0 0 -1 0 0 -1 0 0 -1 0 0 -1 0 0 -1 0 0 -1 0 0 -1 0 0 -1 0 0 -1 0 0 -1 0 0 -1 0 0 -1 0 0 -1 0 0 -1 0 0 -1 0 0 -1 0 0 -1 0 0 -1 0 0 -1 0 0 -1 0 0 -1 0 0 -1 0 0 -1 0 0 -1 0 0 -1 0 0 -1 0 0 -1 0 0 -1 0 0 -1 0 0 -1 0 0 -1 0 0 -1 0 0 -1 0 0 -1 0 0 -1 0 0 -1 0 0 -1 0 0 -1 0 0 -1 0 0 -1 0 0 -1 0 0 -1 0 0 -1 0 0 -1 0 0 -1 0 0 -1 0 0 -1 0 0 -1 0 0 -1 0 0 -1 0 0 -1 0 0 -1 0 0 -1 0 0 -1 0 0 -1 0 0 -1 0 0 -1 0 0 -1 0 0 -1 0 0 -1 0 0 -1 0 0 -1 0 0 -1 0 0 -1 0 0 -1 0 0 -1 0 0 -1 0 0 -1 0 0 -1 0 0 -1 0 0 -1 0 0 -1 0 0 -1 0 0 -1 0 0 -1 0 0 -1 0 0 -1 0 0 -1 0 0 -1 0 0 -1 0 0 -1 0 0 -1 0 0 -1 0 0 -1 0 0 -1 0 0 -1 0 0 -1 0 0 -1 0 0 -1 0 0 -1 0 0 -1 0 0 -1 0 0 -1 0 0 -1 0 0 -1 0 0 -1 0 0 -1 0 0 -1 0 0 -1 0 0 -1 0 0 -1 0 0 -1 0 0 -1 0 0 -1 0 0 -1 0 0 -1 0 0 -1 0 0 -1 0 0 -1 0 0 -1 0 0 -1 0 0 -1 0 0 -1 0 0 -1 0 0 -1 0 0 -1 0 0 -1 0 0 -1 0 0 -1 0 0 -1 0 0 -1 0 0 -1 0 0 -1 0 0 -1 0 0 -1 0 0 -1 0 0.1119613 0 -0.9937126 0.3302845 0 -0.9438814 0.3302845 0 -0.9438814 0.5320405 0 -0.8467189 0.5320405 0 -0.8467189 0.707114 0 -0.7070996 0.707114 0 -0.7070996 0.8466992 0 -0.5320718 0.8466992 0 -0.5320718 0.9438963 0 -0.3302422 0.9438963 0 -0.3302422 0.9937118 0 -0.1119681 0.9937118 0 -0.1119681 0.1119613 0 -0.9937126 -0.1119548 0 -0.9937133 -0.1119548 0 -0.9937133 -0.3302965 0 -0.9438772 -0.3302965 0 -0.9438772 -0.5320232 0 -0.8467298 -0.5320232 0 -0.8467298 -0.7071332 0 -0.7070804 -0.7071332 0 -0.7070804 -0.846682 0 -0.5320993 -0.846682 0 -0.5320993 -0.9438963 0 -0.3302422 -0.9438963 0 -0.3302422 -0.9937118 0 -0.1119681 -0.9937118 0 -0.1119681 0.1119613 0 -0.9937126 0.3302845 0 -0.9438814 0.3302845 0 -0.9438814 0.5320405 0 -0.8467189 0.5320405 0 -0.8467189 0.707114 0 -0.7070996 0.707114 0 -0.7070996 0.8466992 0 -0.5320718 0.8466992 0 -0.5320718 0.9438963 0 -0.3302422 0.9438963 0 -0.3302422 0.9937118 0 -0.1119681 0.9937118 0 -0.1119681 0.1119613 0 -0.9937126 -0.1119548 0 -0.9937133 -0.1119548 0 -0.9937133 -0.3302965 0 -0.9438772 -0.3302965 0 -0.9438772 -0.5320232 0 -0.8467298 -0.5320232 0 -0.8467298 -0.7071332 0 -0.7070804 -0.7071332 0 -0.7070804 -0.846682 0 -0.5320993 -0.846682 0 -0.5320993 -0.9438963 0 -0.3302422 -0.9438963 0 -0.3302422 -0.9937118 0 -0.1119681 -0.9937118 0 -0.1119681 -0.1119548 0 0.9937133 -0.3302794 0 0.9438832 -0.3302794 0 0.9438832 -0.532037 0 0.8467212 -0.532037 0 0.8467212 -0.7071332 0 0.7070804 -0.7071332 0 0.7070804 -0.8466765 0 0.532108 -0.8466765 0 0.532108 -0.9438984 0 0.3302361 -0.9438984 0 0.3302361 -0.9937116 0 0.1119697 -0.9937116 0 0.1119697 -0.1119548 0 0.9937133 0.1119613 0 0.9937126 0.1119613 0 0.9937126 0.3302674 0 0.9438874 0.3302674 0 0.9438874 0.5320543 0 0.8467102 0.5320543 0 0.8467102 0.707114 0 0.7070996 0.707114 0 0.7070996 0.8466938 0 0.5320805 0.8466938 0 0.5320805 0.9438984 0 0.3302361 0.9438984 0 0.3302361 0.9937116 0 0.1119697 0.9937116 0 0.1119697 -0.1119548 0 0.9937133 -0.3302794 0 0.9438832 -0.3302794 0 0.9438832 -0.532037 0 0.8467212 -0.532037 0 0.8467212 -0.7071332 0 0.7070804 -0.7071332 0 0.7070804 -0.8466765 0 0.532108 -0.8466765 0 0.532108 -0.9438984 0 0.3302361 -0.9438984 0 0.3302361 -0.9937116 0 0.1119697 -0.9937116 0 0.1119697 -0.1119548 0 0.9937133 0.1119613 0 0.9937126 0.1119613 0 0.9937126 0.3302674 0 0.9438874 0.3302674 0 0.9438874 0.5320543 0 0.8467102 0.5320543 0 0.8467102 0.707114 0 0.7070996 0.707114 0 0.7070996 0.8466938 0 0.5320805 0.8466938 0 0.5320805 0.9438984 0 0.3302361 0.9438984 0 0.3302361 0.9937116 0 0.1119697 0.9937116 0 0.1119697 -0.1119607 0 0.9937126 -0.3302779 0 0.9438837 -0.3302779 0 0.9438837 -0.5320197 0 0.846732 -0.5320197 0 0.846732 -0.7071164 0 0.7070972 -0.7071164 0 0.7070972 -0.8467111 0 0.5320529 -0.8467111 0 0.5320529 -0.9438864 0 0.3302704 -0.9438864 0 0.3302704 -0.9937149 0 0.1119412 -0.9937149 0 0.1119412 -0.1119607 0 0.9937126 0.1119586 0 0.9937129 0.1119586 0 0.9937129 0.3302764 0 0.9438843 0.3302764 0 0.9438843 0.5320283 0 0.8467266 0.5320283 0 0.8467266 0.7071164 0 0.7070972 0.7071164 0 0.7070972 0.8467198 0 0.5320392 0.8467198 0 0.5320392 0.9438819 0 0.3302832 0.9438819 0 0.3302832 0.9937121 0 0.1119649 0.9937121 0 0.1119649 -0.1119607 0 0.9937126 -0.3302779 0 0.9438837 -0.3302779 0 0.9438837 -0.5320197 0 0.846732 -0.5320197 0 0.846732 -0.7071164 0 0.7070972 -0.7071164 0 0.7070972 -0.8467111 0 0.5320529 -0.8467111 0 0.5320529 -0.9438864 0 0.3302704 -0.9438864 0 0.3302704 -0.9937149 0 0.1119412 -0.9937149 0 0.1119412 -0.1119607 0 0.9937126 0.1119586 0 0.9937129 0.1119586 0 0.9937129 0.3302764 0 0.9438843 0.3302764 0 0.9438843 0.5320283 0 0.8467266 0.5320283 0 0.8467266 0.7071164 0 0.7070972 0.7071164 0 0.7070972 0.8467198 0 0.5320392 0.8467198 0 0.5320392 0.9438819 0 0.3302832 0.9438819 0 0.3302832 0.9937121 0 0.1119649 0.9937121 0 0.1119649 0.1119586 0 -0.9937129 0.3302935 0 -0.9438783 0.3302935 0 -0.9438783 0.5320146 0 -0.8467352 0.5320146 0 -0.8467352 0.7071164 0 -0.7070972 0.7071164 0 -0.7070972 0.8467252 0 -0.5320305 0.8467252 0 -0.5320305 0.9438797 0 -0.3302893 0.9438797 0 -0.3302893 0.9937123 0 -0.1119633 0.9937123 0 -0.1119633 0.1119586 0 -0.9937129 -0.1119607 0 -0.9937126 -0.1119607 0 -0.9937126 -0.330295 0 -0.9438778 -0.330295 0 -0.9438778 -0.5320059 0 -0.8467407 -0.5320059 0 -0.8467407 -0.7071164 0 -0.7070972 -0.7071164 0 -0.7070972 -0.8467165 0 -0.5320442 -0.8467165 0 -0.5320442 -0.9438843 0 -0.3302764 -0.9438843 0 -0.3302764 -0.993715 0 -0.1119396 -0.993715 0 -0.1119396 0.1119586 0 -0.9937129 0.3302935 0 -0.9438783 0.3302935 0 -0.9438783 0.5320146 0 -0.8467352 0.5320146 0 -0.8467352 0.7071164 0 -0.7070972 0.7071164 0 -0.7070972 0.8467252 0 -0.5320305 0.8467252 0 -0.5320305 0.9438797 0 -0.3302893 0.9438797 0 -0.3302893 0.9937123 0 -0.1119633 0.9937123 0 -0.1119633 0.1119586 0 -0.9937129 -0.1119607 0 -0.9937126 -0.1119607 0 -0.9937126 -0.330295 0 -0.9438778 -0.330295 0 -0.9438778 -0.5320059 0 -0.8467407 -0.5320059 0 -0.8467407 -0.7071164 0 -0.7070972 -0.7071164 0 -0.7070972 -0.8467165 0 -0.5320442 -0.8467165 0 -0.5320442 -0.9438843 0 -0.3302764 -0.9438843 0 -0.3302764 -0.993715 0 -0.1119396 -0.993715 0 -0.1119396 -0.9685544 -0.2488015 0 -0.9685544 -0.2488015 0 -0.9297354 -0.3682284 0 -0.9297354 -0.3682284 0 -0.8762616 -0.4818357 0 -0.8762616 -0.4818357 0 -0.8089669 -0.5878542 0 -0.8089669 -0.5878542 0 -0.7289189 -0.6846001 0 -0.7289189 -0.6846001 0 -0.6373818 -0.7705482 0 -0.6373818 -0.7705482 0 -0.5357859 -0.8443539 0 -0.5357859 -0.8443539 0 -0.4257341 -0.9048483 0 -0.4257341 -0.9048483 0 -0.3089948 -0.9510637 0 -0.3089948 -0.9510637 0 -0.1873643 -0.9822905 0 -0.1873643 -0.9822905 0 -0.06280076 -0.9980261 0 -0.06280076 -0.9980261 0 0.06280058 -0.9980261 0 0.06280058 -0.9980261 0 0.1873624 -0.9822909 0 0.1873624 -0.9822909 0 0.3089978 -0.9510627 0 0.3089978 -0.9510627 0 0.4257346 -0.904848 0 0.4257346 -0.904848 0 0.5357853 -0.8443542 0 0.5357853 -0.8443542 0 0.6373767 -0.7705523 0 0.6373767 -0.7705523 0 0.7289247 -0.6845939 0 0.7289247 -0.6845939 0 0.8089621 -0.5878609 0 0.8089621 -0.5878609 0 0.876261 -0.4818367 0 0.876261 -0.4818367 0 0.9297424 -0.3682106 0 0.9297424 -0.3682106 0 0.968552 -0.2488112 0 0.968552 -0.2488112 0 0 0 -1 0 0 -1 0 0 -1 0 0 -1 0 0 -1 0 0 -1 0 0 -1 0 0 -1 0 0 -1 0 0 -1 0 0 -1 0 0 -1 0 0 -1 0 0 -1 0 0 -1 0 0 -1 0 0 -1 0 0 -1 0 0 -1 0 0 -1 0 0 -1 0 0 -1 0 0 -1 0 0 -1 0 0 -1 0 0 -1 0 0 -1 0 0 -1 0 0 -1 0 0 -1 0 0 -1 0 0 -1 0 0 -1 0 0 -1 0 0 -1 0 0 -1 0 0 -1 0 0 -1 0 0 -1 0 0 -1 0 0 -1 0 0 -1 0 0 -1 0 0 -1 0 0 -1 0 0 -1 0 0 -1 0 0 -1 0 0 -1 0 0 1 0 0 -1 0 0 -1 0 0 -1 0 0 -1 0 0 -1 0 0 -1 0 0 -1 0 0 -1 0 0 -1 0 0 -1 0 0 -1 0 0 -1 0 0 -1 0 0 -1 0 0 -1 0 0 -1 0 0 -1 0 0 -1 0 0 -1 0 0 -1 0 0 -1 0 0 -1 0 0 -1 0 0 -1 0 0 -1 0 0 -1 0 0 -1 0 0 -1 0 0 -1 0 0 -1 0 0 -1 0 0 -1 0 0 -1 0 0 -1 0 0 -1 0 0 -1 0 0 -1 0 0 -1 0 0 -1 0 0 -1 0 0 -1 0 0 -1 0 0 -1 0 0 -1 0 0 -1 0 0 -1 0 0 -1 0 0 -1 0 0 1 0 0 1 0 0 1 0 0 1 0 0 1 0 0 1 0 0 1 0 0 1 0 0 -1 0 0 -1 0 0 -1 0 0 -1 0 0 -1 0 0 -1 0 0 -1 0 0 -1 0 0 -1 0 0 -1 0 0 -1 0 0 -1 0 0 -1 0 0 -1 0 0 -1 0 0 -1 0 0 -1 0 0 -1 0 0 -1 0 0 -1 0 0 -1 0 0 -1 0 0 -1 0 0 -1 0 0 -1 0 0 -1 0 0 -1 0 0 -1 0 0 -1 0 0 -1 0 0 -1 0 0 -1 0 0 -1 0 0 -1 0 0 -1 0 0 -1 0 0 -1 0 0 -1 0 0 -1 0 0 -1 0 0 -1 0 0 -1 0 0 -1 0 0 -1 0 0 -1 0 0 -1 0 0 -1 0 0 -1 0 0 -1 0 0 -1 0 0 -1 0 0 -1 0 0 -1 0 0 -1 0 0 -1 0 0 -1 0 0 -1 0 0 -1 0 0 -1 0 0 -1 0 0 -1 0 0 -1 0 0 -1 0 0 -1 0 0 -1 0 0 -1 0 0 -1 0 0 -1 0 0 -1 0 0 -1 0 0 -1 0 0 -1 0 0 -1 0 0 -1 0 0 -1 0 0 -1 0 0 -1 0 0 -1 0 0 -1 0 0 -1 0 0 -1 0 0 -1 0 0 -1 0 0 -1 0 0 -1 0 0 -1 0 0 -1 0 0 -1 0 0 -1 0 0 -1 0 0 -1 0 0 -1 0 0 -1 0 0 -1 0 0 -1 0 0 -1 0 0 -1 0 0 -1 0 0 -1 0 0 -1 0 0 -1 0 0 -1 0 0 -1 0 0 -1 0 0 -1 0 0 -1 0 0 -1 0 0 -1 0 0 -1 0 0 -1 0 0 -1 0 0 -1 0 0 -1 0 0 -1 0 0 -1 0 0 -1 0 0 -1 0 0 -1 0 0 -1 0 0 -1 0 0 -1 0 0 -1 0 0 -1 0 0 -1 0 0 -1 0 0 -1 0 0 -1 0 0 -1 0 0 -1 0 0 -1 0 0 -1 0 0 -1 0 0 -1 0 0 -1 0 0 -1 0 0 -1 0 0 -1 0 0 -1 0 0 -1 0 0 -1 0 0 -1 0 0 -1 0 0 -1 0 0 -1 0 0 -1 0 0 -1 0 0 -1 0 0 -1 0 0 -1 0 0 -1 0 0 -1 0 0 -1 0 0 -1 0 0 -1 0 0 -1 0 0 -1 0 0 -1 0 0 -1 0 0 -1 0 0 -1 0 0 -1 0 0 -1 0 0 -1 0 0 -1 0 0 -1 0 0 -1 0 0 -1 0 0 -1 0 0 -1 0 0 -1 0 0 -1 0 0 -1 0 0 -1 0 0 -1 0 0 -1 0 0 -1 0 0 -1 0 0 -1 0 0 -1 0 0 -1 0 0 -1 0 0 -1 0 0 -1 0 0 -1 0 0 -1 0 0 -1 0 0 -1 0 0 -1 0 0 -1 0 0 -1 0 0 -1 0 0 -1 0 0 -1 0 0 -1 0 0 -1 0 0 -1 0 0 -1 0 0 -1 0 0 -1 0 0 -1 0 0 -1 0 0 -1 0 0 -1 0 0 -1 0 0 -1 0 0 -1 0 0 -1 0 0 -1 0 0 -1 0 0 -1 0 0 -1 0 0 -1 0 0 -1 0 0 -1 0 0 -1 0 0 -1 0 0 -1 0 0 -1 0 0 -1 0 0 -1 0 0 -1 0 0 -1 0 0 -1 0 0 -1 0 0 -1 0 0 -1 0 0 -1 0 0 -1 0 0 -1 0 0 -1 0 0 -1 0 0 -1 0 0 -1 0 0 -1 0 0 -1 0 0 -1 0 0 -1 0 0 -1 0 0 -1 0 0 -1 0 0 -1 0 0 -1 0 0 -1 0 0 -1 0 0 -1 0 0 -1 0 0 -1 0 0 -1 0 0 -1 0 0 -1 0 0 -1 0 0 -1 0 0 -1 0 0 -1 0 0 -1 0 0 -1 0 0 -1 0 0 -1 0 0 -1 0 0 -1 0 0 -1 0 0 -1 0 0 -1 0 0 -1 0 0 -1 0 0 -1 0 0 -1 0 0 -1 0 0 -1 0 0 -1 0 0 -1 0 0 -1 0 0 -1 0 0 -1 0 0 -1 0 0 -1 0 0 -1 0 0 -1 0 0 -1 0 0 -1 0 0 -1 0 0 -1 0 0 -1 0 0 -1 0 0 -1 0 0 -1 0 0 -1 0 0 -1 0 0 -1 0 0 -1 0 0 -1 0 0 -1 0 0 -1 0 0 -1 0 0 -1 0 0 -1 0 0 -1 0 0 -1 0 0 -1 0 0 -1 0 0 -1 0 0 -1 0 0 -1 0 0 -1 0 0 -1 0 0 -1 0 0 -1 0 0 -1 0 0 -1 0 0 -1 0 0 -1 0 0 -1 0 0 -1 0 0 -1 0 0 -1 0 0 -1 0 0 -1 0 0 -1 0 0 -1 0 0 -1 0 0 -1 0 0 -1 0 0 -1 0 0 -1 0 0 -1 0 0 -1 0 0 -1 0 0 -1 0 0 -1 0 0 -1 0 0 -1 0 0 -1 0 0 -1 0 0 -1 0 0 -1 0 0 -1 0 0 -1 0 0 -1 0 0 -1 0 0 -1 0 0 -1 0 0 -1 0 0 -1 0 0 -1 0 0 -1 0 0 -1 0 0 -1 0 0 -1 0 0 -1 0 0 -1 0 0 -1 0 0 -1 0 0 -1 0 0 -1 0 0 -1 0 0 -1 0 0 -1 0 0 -1 0 0 -1 0 0 -1 0 0 -1 0 0 -1 0 0 -1 0 0 -1 0 0 -1 0 0 1 0 0 1 0 0 1 0 0 1 0 0 1 0 0 1 0 0 1 0 0 1 0 0 1 0 0 1 0 0 1 0 0 1 0 0 1 0 0 1 0 0 1 0 0 1 0 0 1 0 0 1 0 0 1 0 0 1 0 0 1 0 0 1 0 0 1 0 0 1 0 0 1 0 0 1 0 0 1 0 0 1 0 0 1 0 0 1 0 0 1 0 0 1 0 0 1 0 0 1 0 0 1 0 0 1 0 0 1 0 0 1 0 0 1 0 0 1 0 0 1 0 0 1 0 0 1 0 0 1 0 0 1 0 0 1 0 0 1 0 0 1 0 0 1 0 0 1 0 0 1 0 0 1 0 0 1 0 0 1 0 0 1 0 0 1 0 0 1 0 0 1 0 0 1 0 0 1 0 0 1 0 0 1 0 0 1 0 0 1 0 0 1 0 0 1 0 0 1 0 0 1 0 0 1 0 0 1 -0.511983 -0.8589956 0 -0.3745697 -0.9271988 0 -0.3745697 -0.9271988 0 -0.2283391 -0.9735817 0 -0.2283391 -0.9735817 0 -0.07671928 -0.9970527 0 -0.07671928 -0.9970527 0 -0.511983 -0.8589956 0 -0.6373812 -0.7705487 0 -0.6373812 -0.7705487 0 -0.7477573 -0.6639722 0 -0.7477573 -0.6639722 0 -0.8405147 -0.5417887 0 -0.8405147 -0.5417887 0 -0.9134978 -0.4068436 0 -0.9134978 -0.4068436 0 -0.9649924 -0.262278 0 -0.9649924 -0.262278 0 0.7477573 -0.6639722 0 0.8405203 -0.5417801 0 0.8405203 -0.5417801 0 0.9135037 -0.4068304 0 0.9135037 -0.4068304 0 0.9649888 -0.262291 0 0.9649888 -0.262291 0 0.7477573 -0.6639722 0 0.6373752 -0.7705537 0 0.6373752 -0.7705537 0 0.5119822 -0.858996 0 0.5119822 -0.858996 0 0.3745697 -0.9271988 0 0.3745697 -0.9271988 0 0.2283391 -0.9735817 0 0.2283391 -0.9735817 0 0.07671928 -0.9970527 0 0.07671928 -0.9970527 0 0.9685526 0.2488087 0 0.9685526 0.2488087 0 0.9297424 0.3682106 0 0.9297424 0.3682106 0 0.8762587 0.481841 0 0.8762587 0.481841 0 0.8089691 0.5878511 0 0.8089691 0.5878511 0 0.7289247 0.6845939 0 0.7289247 0.6845939 0 0.6373767 0.7705523 0 0.6373767 0.7705523 0 0.535778 0.8443589 0 0.535778 0.8443589 0 0.4257431 0.9048441 0 0.4257431 0.9048441 0 0.3089885 0.9510658 0 0.3089885 0.9510658 0 0.1873723 0.982289 0 0.1873723 0.982289 0 0.06278014 0.9980274 0 0.06278014 0.9980274 0 -0.06278026 0.9980274 0 -0.06278026 0.9980274 0 -0.1873742 0.9822886 0 -0.1873742 0.9822886 0 -0.3089855 0.9510667 0 -0.3089855 0.9510667 0 -0.4257426 0.9048444 0 -0.4257426 0.9048444 0 -0.5357786 0.8443585 0 -0.5357786 0.8443585 0 -0.6373818 0.7705482 0 -0.6373818 0.7705482 0 -0.7289189 0.6846001 0 -0.7289189 0.6846001 0 -0.808974 0.5878444 0 -0.808974 0.5878444 0 -0.8762592 0.48184 0 -0.8762592 0.48184 0 -0.9297354 0.3682284 0 -0.9297354 0.3682284 0 -0.9685551 0.2487991 0 -0.9685551 0.2487991 0 0 0 1 0 0 1 0 0 1 0 0 1 0 0 1 0 0 1 0 0 1 0 0 1 0 0 1 0 0 1 0 0 1 0 0 1 0 0 1 0 0 1 0 0 1 0 0 1 0 0 1 0 0 1 0 0 1 0 0 1 0 0 1 0 0 1 0 0 1 0 0 1 0 0 1 0 0 1 0 0 1 0 0 1 0 0 1 0 0 1 0 0 1 0 0 1 0 0 1 0 0 1 0 0 1 0 0 1 0 0 1 0 0 1 0 0 1 0 0 1 0 0 1 0 0 1 0 0 1 0 0 1 0 0 1 0 0 1 0 0 1 0 0 1 0 0 1 0 0 1 0 0 1 0 0 1 0 0 1 0 0 1 0 0 1 0 0 1 0 0 1 0 0 1 0 0 1 0 0 1 0 0 1 0 0 1 0 0 1 0 0 1 0 0 1 0 0 1 0 0 1 0 0 1 0 0 1 0 0 1 0.5120029 0.8589838 0 0.3745817 0.9271939 0 0.3745817 0.9271939 0 0.2283258 0.9735848 0 0.2283258 0.9735848 0 0.07671928 0.9970527 0 0.07671928 0.9970527 0 0.5120029 0.8589838 0 0.6373752 0.7705537 0 0.6373752 0.7705537 0 0.7477511 0.6639791 0 0.7477511 0.6639791 0 0.8405203 0.5417801 0 0.8405203 0.5417801 0 0.9135037 0.4068304 0 0.9135037 0.4068304 0 0.9649868 0.2622981 0 0.9649868 0.2622981 0 -0.7477511 0.6639791 0 -0.8405147 0.5417887 0 -0.8405147 0.5417887 0 -0.9134978 0.4068436 0 -0.9134978 0.4068436 0 -0.9649904 0.2622851 0 -0.9649904 0.2622851 0 -0.7477511 0.6639791 0 -0.6373812 0.7705487 0 -0.6373812 0.7705487 0 -0.5120036 0.8589833 0 -0.5120036 0.8589833 0 -0.3745817 0.9271939 0 -0.3745817 0.9271939 0 -0.2283258 0.9735848 0 -0.2283258 0.9735848 0 -0.07671928 0.9970527 0 -0.07671928 0.9970527 0 0.8235176 0.5672898 9.71799e-4 0.7617889 0.6478246 -9.3963e-4 0.7506849 0.6606594 0.001172959 0.6826246 0.7307683 -0.001127481 0.667346 0.7447466 0.001352906 0.5945197 0.80408 -0.001300811 0.5746625 0.8183892 0.001515567 0.4985918 0.8668357 -0.001457631 0.4738898 0.8805826 0.001662135 0.2539552 0.9672123 0.00266534 0.1938414 0.9810304 -0.002206802 0.137894 0.9904408 0.00348246 0.09458029 0.9955135 -0.002721488 0.01985132 0.999795 0.003975808 -0.003605782 0.9999908 -0.002327144 -0.09840655 0.9951413 0.003130137 0.2925414 0.9562516 -0.001532077 0.3665188 0.9304089 0.001788854 0.3961081 0.9182025 -0.001593112 0.9694447 0.24531 0 0.9699029 0.2434918 2.77479e-4 0.9336456 0.358198 -2.89575e-4 0.9356685 0.3528798 5.79235e-4 0.8847804 0.4660078 -5.89016e-4 0.8891232 0.4576671 8.91049e-4 0.8309121 0.5564033 -7.28273e-4 0.7071083 1.53515e-7 0.7071053 0.7071005 -1.71168e-7 0.707113 0.7071084 0 0.7071052 0.7071107 0 0.7071029 0.7071071 0 0.7071065 0.707107 0 0.7071065 0.7071071 0 0.7071065 0.7071071 0 0.7071065 0.7071068 0 0.7071068 0.7071084 0 0.7071052 0.7071005 0 0.707113 0.7071084 0 0.7071052 0.7071106 1.65637e-7 0.7071029 0.7070966 -4.59696e-7 0.7071169 0.7071081 0 0.7071055 0 0 1 0.7071169 0 0.7070966 0.7071169 0 0.7070966 0.7070967 0 0.7071169 0.6536818 0.382593 0.652934 0.5238101 0.6717002 0.523872 0.6746243 0.2990961 0.6748508 0.7030468 0.1100792 0.7025722 0.7010544 0.130562 0.7010538 0.6314914 0.4497424 0.6316252 0.5610839 0.608793 0.560853 0.5798019 0.5735685 0.5786613 0.1367017 0.9810872 0.1370419 0.2903596 0.9119684 0.2898361 0.2704693 0.9239 0.2706567 0.4312579 0.7925746 0.4310942 0.4305719 0.7933059 0.430434 0.0291633 0.9991492 0.0291633 0.0925858 0.9914479 0.09197258 0 0 1 0 0 1 0 0 1 0 0 1 0 0 1 0 0 1 0 0 1 0 0 1 0 0 1 0 0 1 0 0 1 0 0 1 0 0 1 0 0 1 0 0 1 0 0 1 0 0 1 0 0 1 0 0 1 0 0 1 0 0 1 0 0 1 0 0 1 0 0 1 0 0 1 0 0 1 0 0 1 0 0 1 0 0 1 0 0 1 0 0 1 0 0 1 0 0 1 0 0 1 0 0 1 0 0 1 0 0 1 0 0 1 0 0 1 0 0 1 0 0 1 0 0 1 0 0 1 0 0 1 0 0 1 0 0 1 0 0 1 0 0 1 0 0 1 0 0 1 0 0 1 0 0 1 0 0 1 0 0 1 0 0 1 0 0 1 0 0 1 0 0 1 0 0 1 0 0 1 0 0 1 0 0 1 0 0 1 0 0 1 0 0 1 0 0 1 0 0 1 0 0 1 0 0 1 0 0 1 0 0 1 0 0 1 0 0 1 0 0 1 0 0 1 0 0 1 0 0 1 0 0 1 0 0 1 0 0 1 0 0 1 0.4024495 0.9036697 0.1463404 0.3645101 0.9309298 0.02240669 0.5166504 0.7761712 0.3614289 0.3772643 0.3738958 0.8472743 -0.02539223 0.9799374 0.1976814 0.1470497 0.860778 0.4872758 0.1879978 0.8819917 0.432143 0.1294287 0.9053923 0.4043672 0.6148844 0.2096722 0.7602333 0.4481679 0.5774065 0.6824567 0.4624382 0.8472682 0.2613187 0.6214255 0.6567441 0.4272208 0.6970854 0.2512156 0.6715376 0.6793861 0.3181545 0.6612201 0.511753 0.7456845 0.4266891 0.4735785 0.7797768 0.4094773 0.4305748 0.8380718 0.3350239 0.3821601 0.8704797 0.3101919 0.33925 0.9107242 0.2355648 0.2806807 0.9381521 0.2027038 0.2399096 0.9619603 0.1306742 0.1718512 0.9810149 0.08987116 0.1348405 0.9906063 0.02274626 0.6793324 0.2256211 0.6982856 0.6725698 0.2379721 0.7007277 0.6414873 0.3703166 0.671833 0.6282641 0.3897536 0.6733323 0.5888647 0.5063893 0.6299272 0.5677561 0.5315316 0.6285915 0.5226296 0.6307776 0.5735659 0.492676 0.6595398 0.567695 0.4443353 0.74063 0.5040171 0.4049487 0.77056 0.4921929 0.3558421 0.833363 0.422945 0.3068171 0.8617421 0.4040593 0.2591049 0.9069257 0.3321906 0.2008619 0.9307445 0.3055635 0.1564167 0.9595978 0.2338927 0.0897777 0.9758318 0.1992297 0.6518066 0.2292993 0.7228901 0.6081583 0.3599117 0.707536 0.5948504 0.3758894 0.7105351 0.5438387 0.4925494 0.6794371 0.5231276 0.5130827 0.6805025 0.4673432 0.6140115 0.6360663 0.4383658 0.6375047 0.6335797 0.3803107 0.721673 0.5784046 0.3427672 0.7460073 0.5709499 0.2847973 0.8130536 0.5077739 0.2386291 0.8359744 0.4941688 0.1043751 0.9274367 0.3591198 -0.01621556 0.9840424 0.1771939 -0.06437367 0.9918289 0.1101434 -0.1019016 0.9914733 0.08122223 -0.1385308 0.9873962 0.07653594 -0.05341607 0.9980772 0.03144013 -0.02357506 0.9958631 0.08775436 0.05006384 0.9902144 0.1302655 -0.009774267 0.9817141 0.1901099 0.437878 0.8707025 0.2239196 0.421042 0.8962898 0.1392412 0.4054193 0.9037812 0.1371666 0.2968863 0.9532467 0.05638438 0.3667932 0.9289505 0.05013769 0.2762725 0.9580231 0.07658451 0.3966926 0.9031852 0.163986 0.354143 0.9199146 0.1683441 0.4224632 0.8787419 0.2221203 0.4787479 0.8392785 0.2577053 0.5589265 0.691032 0.4583404 0.5190846 0.7732262 0.3642421 0.5141307 0.7765429 0.3642128 0.4126377 0.8666972 0.2802964 0.4482096 0.8503471 0.2757135 0.311931 0.9344209 0.1719205 0.3556993 0.919598 0.1667861 0.2026129 0.9774569 0.05938047 0.274581 0.9602173 0.05087262 0.5525364 0.6683821 0.4979649 0.6230888 0.5817828 0.5227705 0.5683442 0.6365849 0.5212913 0.6999886 0.07552367 0.7101494 0.7010011 0.0800625 0.708652 0.7058737 0.08030277 0.7037712 0.7044779 0.07451915 0.7058029 0.7180514 0.09143763 0.6899575 0.70748 0.03792774 0.7057149 0.3564009 0.6928889 0.6268041 0.4256103 0.6126731 0.6659486 0.3564737 0.560837 0.747254 0.6772118 0.1512166 0.7200818 0.6615349 0.06211966 0.7473372 0.6949623 0.04887402 0.7173833 0.6309162 0.2617939 0.7303483 0.5687656 0.339999 0.748937 0.5468978 0.3492892 0.7608547 0.5472254 0.4050558 0.732444 0.4931474 0.4820678 0.7241658 0.4648743 0.4800613 0.7439307 0.7069714 0.1129346 0.698167 0.6946825 0.2281458 0.6821771 0.7303549 0.1912829 0.6557383 0.6320812 0.5179386 0.5763793 0.6651304 0.4670585 0.5826301 0.6231141 0.5115413 0.5916541 0.6690743 0.391686 0.6316025 0.6803725 0.3734897 0.6305543 0.5248087 0.6613377 0.5359181 0.6128066 0.5120284 0.6019096 0.5943966 0.5329533 0.6022072 0.6594213 0.374616 0.6517871 0.6484536 0.3907902 0.6532924 0.6908034 0.2283354 0.686042 0.6855476 0.2386213 0.6878113 0.5520568 0.6373838 0.5375642 0.4413848 0.7727105 0.4561775 0.4786683 0.7477027 0.4602363 0.3462463 0.8642013 0.3650611 0.3943809 0.840415 0.3717072 0.2418314 0.9334397 0.2649675 0.3012037 0.9133287 0.274057 0.1307653 0.9786645 0.1584814 0.2013586 0.9647313 0.1695529 0.01587772 0.9987038 0.04835963 0.09711343 0.9934253 0.06062394 0.5490953 0.5193633 0.6547947 0.625134 0.3680145 0.6883116 0.6144162 0.3805849 0.6911208 0.6696377 0.2242453 0.708025 0.6642779 0.2322785 0.7104799 0.6988926 0.07536762 0.7112446 0.6974809 0.07814192 0.7123302 0.5664932 0.503284 0.6525265 0.4698894 0.6452085 0.60242 0.495072 0.6270228 0.6014534 0.3787961 0.7549219 0.5353563 0.4124959 0.7363879 0.5362649 0.2779504 0.8458396 0.4553011 0.3207858 0.8288125 0.4584389 0.169912 0.9156667 0.3642587 0.2219697 0.9022349 0.369732 0.057307 0.9626708 0.2645388 0.11841 0.9549258 0.2722052 0.6587452 0.2192065 0.7197244 0.692543 0.07696425 0.7172592 0.6944925 0.07349002 0.715737 0.0584281 0.9479905 0.3128901 0.01510721 0.9533461 0.3015015 0.02479189 0.9545747 0.2969385 0.4296718 0.6011905 0.6737598 0.5205143 0.4846577 0.7029734 0.5033681 0.4976477 0.7063761 0.5911287 0.3541253 0.7246807 0.5803109 0.3644406 0.728301 0.6486125 0.2157549 0.7298984 0.6430869 0.222366 0.7327979 0.6917151 0.07254374 0.7185177 0.6901822 0.07487368 0.7197518 0.2020628 0.8484202 0.4892381 0.2367909 0.7968093 0.5559001 0.2524572 0.7929418 0.5545346 0.3507208 0.7118805 0.6084579 0.2983219 0.7286643 0.6164838 0 -1 0 0 -1 0 0 -1 0 0 -1 0 0 -1 0 0 -1 0 0 -1 0 0 -1 0 0 -1 0 0 -1 0 0 -1 0 0 -1 0 0 1 0 0 1 0 0 1 0 0 1 0 0 1 0 0 1 0 0 1 0 0 1 0 0 1 0 0 1 0 0 1 0 0 1 0 0 -1 0 0 -1 0 0.967527 0.1674045 -0.1893863 0.9675274 0.167403 -0.189386 0 -1 0 0 -1 0 0 -1 0 0 -1 0 0 -1 0 0 -1 0 0 1 0 0 1 0 0 1 0 0 1 0 0 1 0 0 1 0 0 1 0 0 1 0 0 1 0 0 1 0 0 -1 0 0 -1 0 0 1 0 0 1 0 0 -1 0 0 -1 0 0 -1 0 0 -1 0 0 1 0 0 1 0 -0.05606991 0 0.9984269 0.05607044 0 0.9984268 0.05607044 0 0.9984268 0.1675101 0 0.9858704 0.1675101 0 0.9858704 0.2768306 0 0.9609187 0.2768306 0 0.9609187 0.3826836 0 0.9238795 0.3826836 0 0.9238795 0 1 0 0 1 0 0 -1 0 0 -1 0 0 1 0 0 1 0 0 1 0 0 1 0 0 -1 0 0 -1 0 0 1 0 0 1 0 0 -1 0 0 -1 0 0 -1 0 0 -1 0 0 1 0 0 1 0 0 -1 0 0 -1 0 0 -1 0 0 -1 0 0 1 0 0 1 0 0 -1 0 0 -1 0 0 -1 0 0 -1 0 0 -1 0 0 -1 0 0 1 0 0 1 0 0 1 0 0 1 0 0 -1 0 0 -1 0 0 1 0 0 1 0 0 1 0 0 1 0 0.5119844 0.8589948 0 0.3745915 0.92719 0 0.3745915 0.92719 0 0.2283211 0.9735859 0 0.2283211 0.9735859 0 0.07672113 0.9970526 0 0.07672113 0.9970526 0 0.5119844 0.8589948 0 0.6373958 0.7705365 0 0.6373958 0.7705365 0 0.7477442 0.6639869 0 0.7477442 0.6639869 0 0.8405123 0.5417925 0 0.8405123 0.5417925 0 0.9135037 0.4068304 0 0.9135037 0.4068304 0 0.9649887 0.2622916 0 0.9649887 0.2622916 0 0.0984044 0.9951416 0.003130793 0.003605842 0.9999908 -0.002327144 -0.01985174 0.999795 0.003975749 -0.09457707 0.9955139 -0.00272113 -0.1378925 0.990441 0.003483295 -0.1938578 0.9810272 -0.002207458 -0.2539606 0.9672109 0.00266385 -0.4738898 0.8805826 0.001662135 -0.4985918 0.8668357 -0.001457631 -0.5746675 0.8183856 0.001515805 -0.5945162 0.8040826 -0.001299381 -0.6673406 0.7447515 0.001354694 -0.6826299 0.7307634 -0.001127302 -0.7506794 0.6606655 0.00117278 -0.7617889 0.6478246 -9.40859e-4 -0.8235228 0.5672824 9.7064e-4 -0.3961122 0.9182008 -0.001592934 -0.3665151 0.9304104 0.001789867 -0.2925304 0.956255 -0.0015316 -0.9699003 0.2435024 0 -0.9694421 0.2453202 2.68606e-4 -0.9356724 0.35287 -2.62751e-4 -0.9336491 0.3581885 5.25836e-4 -0.889128 0.4576583 -5.00508e-4 -0.8847803 0.4660077 7.59847e-4 -0.8309068 0.5564111 -7.27065e-4 0 0 1 0 0 1 0 0 1 0 0 1 0 0 1 0 0 1 0 0 1 0 0 1 0 0 1 0 0 1 0 0 1 0 0 1 0 0 1 0 0 1 0 0 1 0 0 1 0 0 1 0 0 1 0 0 1 0 0 1 0 0 1 0 0 1 0 0 1 0 0 1 0 0 1 0 0 1 0 0 1 0 0 1 0 0 1 0 0 1 0 0 1 0 0 1 0 0 1 0 0 1 0 0 1 0 0 1 0 0 1 0 0 1 0 0 1 0 0 1 0 0 1 0 0 1 0 0 1 0 0 1 0 0 1 0 0 1 0 0 1 0 0 1 0 0 1 0 0 1 0 0 1 0 0 1 0 0 1 0 0 1 0 0 1 0 0 1 0 0 1 0 0 1 0 0 1 0 0 1 0 0 1 0 0 1 0 0 1 0 0 1 0 0 1 0 0 1 0 0 1 0 0 1 0 0 1 0 0 1 0 0 1 0 0 1 0 0 1 0 0 1 0 0 1 0 0 1 0 0 1 0 0 1 0 0 1 0 0 1 0 0 1 -0.7477372 0.6639948 0 -0.8405187 0.5417826 0 -0.8405187 0.5417826 0 -0.9135037 0.4068304 0 -0.9135037 0.4068304 0 -0.9649887 0.2622916 0 -0.9649887 0.2622916 0 -0.7477372 0.6639948 0 -0.6374027 0.7705308 0 -0.6374027 0.7705308 0 -0.5119782 0.8589984 0 -0.5119782 0.8589984 0 -0.3745915 0.92719 0 -0.3745915 0.92719 0 -0.2283211 0.9735859 0 -0.2283211 0.9735859 0 -0.07672113 0.9970526 0 -0.07672113 0.9970526 0 -0.7071084 0 0.7071053 -0.7071036 0 0.7071099 -0.7071084 0 0.7071052 -0.7071107 0 0.7071029 -0.7071068 0 0.7071068 -0.7071068 0 0.7071068 -0.7071068 0 0.7071068 -0.7071068 0 0.7071067 -0.7070806 0 0.707133 -0.7071084 0 0.7071052 -0.7071036 0 0.7071099 -0.7071084 0 0.7071052 -0.7071106 -1.65637e-7 0.7071029 -0.7070966 4.59696e-7 0.7071169 -0.7070813 1.34188e-6 0.7071323 -0.7071169 0 0.7070966 -0.7071169 0 0.7070967 -0.7070967 0 0.7071169 -0.2221909 0.9494544 0.2217375 -0.2902677 0.9116798 0.2908345 -0.3578841 0.8626556 0.3574133 -0.4311235 0.7923279 0.4316815 -0.1366985 0.9810646 0.1372072 -0.02916592 0.9991827 0.02798682 -0.07571727 0.9942504 0.07571727 -0.6314145 0.4497732 0.6316801 -0.5796511 0.5733459 0.579033 -0.5877266 0.5562985 0.5874602 -0.5237802 0.6716988 0.5239036 -0.482477 0.7313988 0.4819458 -0.6630493 0.3485195 0.6624951 -0.6746873 0.2990713 0.6747987 -0.7021848 0.1187661 0.7020193 -0.7028125 0.1100426 0.7028124 0.1385337 0.9873956 0.07653951 0.05341506 0.9980773 0.03144037 -0.4823467 0.8455707 0.2288053 -0.377219 0.373851 0.8473141 -0.708038 0.09415191 0.6998696 0.0235747 0.9958631 0.08775442 -0.1470468 0.8607786 0.4872756 -0.4481846 0.577409 0.6824437 -0.6309098 0.2618027 0.7303509 -0.6148775 0.2096784 0.7602373 -0.4378712 0.8707062 0.2239189 -0.6214567 0.6567254 0.4272041 -0.2806779 0.9381543 0.2026977 -0.3392534 0.9107239 0.2355614 -0.3821648 0.8704788 0.3101886 -0.4305732 0.8380754 0.3350169 -0.473583 0.7797724 0.4094803 -0.5117769 0.7456614 0.4267006 -0.700606 0.1834915 0.6895521 -0.0897777 0.9758318 0.1992297 -0.1564167 0.9595978 0.2338927 -0.2008619 0.9307445 0.3055635 -0.2591049 0.9069257 0.3321906 -0.306819 0.86174 0.4040623 -0.3558402 0.8333628 0.4229469 -0.4049465 0.7705599 0.4921949 -0.4443382 0.7406258 0.5040209 -0.4926708 0.6595498 0.567688 -0.5226292 0.6307837 0.5735597 -0.5677616 0.5315253 0.6285918 -0.5888648 0.5063893 0.6299272 -0.6282641 0.3897536 0.6733323 -0.6414873 0.3703167 0.671833 -0.6725698 0.2379721 0.7007277 -0.6793323 0.2256211 0.6982855 -0.7014486 0.07573157 0.7086851 0.1019015 0.9914729 0.08122509 -0.05842685 0.9479904 0.3128907 -0.2847874 0.8130588 0.5077711 -0.3427628 0.7460061 0.5709542 -0.3803172 0.7216644 0.5784109 -0.4383686 0.6375001 0.6335823 -0.4673355 0.6140154 0.6360682 -0.5231225 0.5130814 0.6805075 -0.5438511 0.4925299 0.679441 -0.5948551 0.3758854 0.7105333 -0.6081535 0.3599191 0.7075362 -0.6518022 0.2293105 0.7228903 -0.658748 0.2192074 0.7197216 -0.6925461 0.07696497 0.7172561 -0.6944954 0.07349109 0.7157341 -0.3564018 0.6928906 0.6268017 -0.4335185 0.6025674 0.6700553 -0.3294078 0.9438852 0.02390116 -0.3708083 0.922048 0.1110348 -0.3645098 0.930929 0.02244704 -0.1399607 0.9083473 0.3941019 -0.1029218 0.914504 0.3912667 -0.1879949 0.8819929 0.4321417 -0.2386261 0.8359758 0.4941679 -0.4024469 0.9036638 0.1463841 -0.4054268 0.9037759 0.1371794 -0.4210381 0.8962898 0.139253 -0.3967018 0.9031815 0.1639841 -0.3541366 0.9199172 0.1683443 -0.5166316 0.7761796 0.3614375 -0.4660746 0.8432554 0.2677587 -0.4663813 0.8463441 0.2572746 -0.5589396 0.6910254 0.4583344 -0.5174192 0.7760609 0.3605645 -0.51689 0.7736217 0.3665165 -0.4295308 0.8537998 0.2941588 -0.4305515 0.8636651 0.2621223 -0.3338299 0.9236057 0.1884413 -0.3329834 0.9308227 0.1506358 -0.2026125 0.9774572 0.05937683 -0.2450646 0.9679786 0.05441367 -0.2912296 0.9546443 0.06196612 -0.6996092 0.07999348 0.7100338 -0.7041154 0.08021628 0.7055401 -0.7061383 0.07654261 0.7039247 -0.7067762 0.07732808 0.7031983 -0.7598896 0.02050864 0.6497286 -0.5094395 0.500341 0.700093 -0.4219066 0.6100137 0.6707295 -0.3564606 0.5608341 0.7472624 -0.5138792 0.4823261 0.7094292 -0.5845344 0.3663291 0.7239631 -0.5865283 0.3525549 0.7291705 -0.6455454 0.2234879 0.7302905 -0.6459566 0.2148504 0.7325158 -0.690996 0.0752319 0.718933 -0.6908481 0.07224887 0.719381 -0.5687894 0.339971 0.7489316 -0.5468879 0.3492764 0.7608678 -0.547216 0.4050489 0.7324548 -0.4869396 0.4902473 0.7228744 -0.4677814 0.4572934 0.7563487 -0.6772118 0.1512166 0.7200818 -0.6581435 0.04628473 0.7514685 -0.6879992 0.07387715 0.7219414 -0.2399128 0.9619588 0.13068 -0.1718472 0.9810156 0.08987152 -0.1348384 0.9906064 0.02274829 -0.5525525 0.6683676 0.4979662 -0.5808358 0.6357494 0.5083823 -0.6071268 0.5687664 0.5548889 -0.6353281 0.5108078 0.5791664 -0.6349834 0.5202735 0.5710618 -0.6469156 0.4543289 0.6124423 -0.6747124 0.373818 0.6364145 -0.6799352 0.3980237 0.6158453 -0.679396 0.3181213 0.6612262 -0.702412 0.2277773 0.6743404 -0.717123 0.2584832 0.6472412 -0.3616816 0.8644369 0.3491921 -0.2816309 0.9136248 0.2932124 -0.2599948 0.9336376 0.2464213 -0.1790519 0.9650112 0.191556 -0.1516987 0.9788452 0.1372934 -0.0722171 0.9937284 0.08537322 -0.03953784 0.9989143 0.02463752 -0.3776152 0.8407452 0.3880134 -0.4541561 0.7729867 0.4429828 -0.4647547 0.7480288 0.4737678 -0.5349936 0.6616411 0.5253692 -0.5409157 0.637752 0.5483452 -0.6021513 0.5332243 0.5942102 -0.6043848 0.5123392 0.6101045 -0.6538496 0.3910172 0.6477548 -0.6536028 0.3748527 0.6574869 -0.6887258 0.2387698 0.6845771 -0.6874076 0.2285276 0.6893809 -0.0500642 0.9902143 0.1302661 -0.01233363 0.9856839 0.168152 0.0638737 0.9841474 0.1654504 0.01920801 0.9827605 0.1838827 -0.07601869 0.9663915 0.2455783 -0.09854561 0.9513965 0.2917765 -0.1861421 0.918955 0.3476676 -0.2045568 0.8992028 0.3867697 -0.2917376 0.8487103 0.4411123 -0.305873 0.8262904 0.4729544 -0.3901816 0.7573671 0.5235967 -0.4001261 0.7343635 0.5482785 -0.4789988 0.6472243 0.59301 -0.4851649 0.6254716 0.6110649 -0.5559975 0.5209412 0.6476782 -0.5590138 0.5021512 0.6598089 -0.6192243 0.3817051 0.6861943 -0.6199643 0.3672556 0.6933742 -0.6671013 0.2329623 0.7076047 -0.6666252 0.2238128 0.7109983 -0.6984038 0.07836258 0.7114011 -0.697919 0.07522904 0.7122146 0.02539169 0.9799377 0.1976801 -0.01521944 0.9603862 0.2782565 -0.01906996 0.9529368 0.3025687 -0.2020628 0.8484201 0.4892382 -0.2478091 0.7783424 0.5768654 -0.2436069 0.7993365 0.5492876 -0.3071511 0.7502114 0.5855263 -0.3353614 0.7063549 0.6233743 -0.8235227 -0.5672824 9.7064e-4 -0.7617795 -0.6478357 -9.41134e-4 -0.75067 -0.6606764 0.001172423 -0.6826359 -0.7307578 -0.001127064 -0.6673467 -0.744746 0.001354932 -0.5945162 -0.8040826 -0.001299381 -0.5746603 -0.8183907 0.001516819 -0.4986003 -0.8668308 -0.001455962 -0.4738983 -0.880578 0.001663923 -0.2539606 -0.9672109 0.00266385 -0.1938436 -0.98103 -0.00220859 -0.1378925 -0.990441 0.003480672 -0.0945717 -0.9955144 -0.002724587 -0.01984083 -0.9997953 0.003972828 0.00362879 -0.9999907 -0.002333283 0.0984044 -0.9951416 0.003123342 -0.2925404 -0.9562519 -0.001532733 -0.3665245 -0.9304066 0.001788854 -0.3961027 -0.9182048 -0.001591861 -0.9694408 -0.2453253 0 -0.9699002 -0.2435024 2.78213e-4 -0.9336507 -0.3581848 -2.88353e-4 -0.9356722 -0.3528699 5.79902e-4 -0.8847804 -0.4660078 -5.88264e-4 -0.889123 -0.4576673 8.91741e-4 -0.8309103 -0.556406 -7.27874e-4 -0.246429 -0.9374324 0.2459534 -0.4311687 -0.7923387 0.4316166 -0.3947306 -0.8299117 0.3942516 -0.2902763 -0.9117076 0.2907386 -0.5793506 -0.5731538 0.5795236 -0.6318092 -0.4500338 0.6310995 -0.6148136 -0.4936388 0.6150814 -0.6748397 -0.2991368 0.6746173 -0.6732516 -0.3059483 0.6731479 -0.7027565 -0.1100305 0.7028703 -0.703296 -0.10368 0.703296 -0.5239341 -0.6718959 0.5234969 -0.5229467 -0.6734568 0.5224775 -0.136719 -0.9810677 0.1371637 -0.08427304 -0.9929178 0.08373934 -0.0290541 -0.9991555 0.0290541 0 0 1 0 0 1 0 0 1 0 0 1 0 0 1 0 0 1 0 0 1 0 0 1 0 0 1 0 0 1 0 0 1 0 0 1 0 0 1 0 0 1 0 0 1 0 0 1 0 0 1 0 0 1 0 0 1 0 0 1 0 0 1 0 0 1 0 0 1 0 0 1 0 0 1 0 0 1 0 0 1 0 0 1 0 0 1 0 0 1 0 0 1 0 0 1 0 0 1 0 0 1 0 0 1 0 0 1 0 0 1 0 0 1 0 0 1 0 0 1 0 0 1 0 0 1 0 0 1 0 0 1 0 0 1 0 0 1 0 0 1 0 0 1 0 0 1 0 0 1 0 0 1 0 0 1 0 0 1 0 0 1 0 0 1 0 0 1 0 0 1 0 0 1 0 0 1 0 0 1 0 0 1 0 0 1 0 0 1 0 0 1 0 0 1 0 0 1 0 0 1 0 0 1 0 0 1 0 0 1 0 0 1 0 0 1 0 0 1 0 0 1 0 0 1 0 0 1 0 0 1 0 0 1 0 0 1 0 0 1 0 0 1 -0.4024755 -0.9036492 0.1463958 -0.3645106 -0.9309311 0.0223478 -0.5166547 -0.776196 0.3613691 -0.3774428 -0.3740727 0.8471165 0.02539169 -0.9799377 0.1976801 -0.1470636 -0.8607752 0.4872764 -0.1880081 -0.8819872 0.4321478 -0.1294271 -0.9053929 0.4043664 -0.6148799 -0.2096859 0.7602332 -0.448206 -0.5774121 0.6824271 -0.4624632 -0.8472625 0.2612932 -0.6214887 -0.6567127 0.4271771 -0.6970737 -0.2512647 0.6715313 -0.6793982 -0.3181135 0.6612275 -0.5117578 -0.7456849 0.4266825 -0.4735853 -0.7797755 0.4094717 -0.4305863 -0.8380643 0.3350279 -0.382162 -0.8704789 0.3101912 -0.3392511 -0.9107244 0.2355628 -0.2806869 -0.93815 0.2027052 -0.2399051 -0.9619638 0.1306561 -0.1718589 -0.9810146 0.08986008 -0.1348655 -0.9906024 0.02276545 -0.6793314 -0.2256209 0.6982866 -0.6725704 -0.237969 0.7007281 -0.6414887 -0.3703117 0.6718344 -0.6282622 -0.3897535 0.6733341 -0.5888599 -0.5063952 0.6299269 -0.5677565 -0.5315312 0.6285914 -0.5226189 -0.6307974 0.573554 -0.4926742 -0.65955 0.5676847 -0.4443514 -0.7406119 0.5040296 -0.4049337 -0.7705658 0.4921961 -0.3558318 -0.833362 0.4229557 -0.3068405 -0.8617225 0.4040832 -0.2591162 -0.9069206 0.3321956 -0.2008507 -0.9307488 0.3055582 -0.1563974 -0.9596053 0.233875 -0.08978301 -0.9758322 0.1992245 -0.651806 -0.229305 0.7228887 -0.6081568 -0.3599203 0.7075329 -0.5948551 -0.3758905 0.7105306 -0.5438565 -0.4925246 0.6794407 -0.523117 -0.5130867 0.6805077 -0.4673283 -0.6140214 0.6360677 -0.4383761 -0.6374942 0.633583 -0.3803197 -0.7216669 0.5784062 -0.3427581 -0.746013 0.570948 -0.2847868 -0.8130591 0.507771 -0.2386367 -0.8359709 0.4941712 -0.104377 -0.9274346 0.3591249 0.01621186 -0.9840439 0.1771856 0.06439399 -0.9918321 0.1101018 0.1018801 -0.9914761 0.08121377 0.1385126 -0.9873995 0.07652825 0.05340862 -0.9980778 0.03143697 0.02356272 -0.9958629 0.0877614 -0.05007672 -0.9902127 0.1302732 0.009762585 -0.9817128 0.1901176 -0.4378444 -0.8707204 0.2239158 -0.4210164 -0.896296 0.1392791 -0.4054485 -0.9037614 0.1372115 -0.2968674 -0.9532522 0.05639189 -0.3667986 -0.9289481 0.05014222 -0.2762965 -0.9580188 0.07655084 -0.3967322 -0.9031729 0.163958 -0.3541613 -0.919912 0.1683195 -0.4225202 -0.8787128 0.2221271 -0.478758 -0.8392797 0.2576829 -0.5589342 -0.6910328 0.4583298 -0.5190928 -0.7732235 0.3642363 -0.5140866 -0.7765749 0.3642067 -0.4126228 -0.8666991 0.2803125 -0.4481936 -0.8503502 0.2757301 -0.3119198 -0.9344214 0.171938 -0.3556739 -0.9196043 0.1668052 -0.2025892 -0.9774606 0.0594002 -0.274608 -0.9602089 0.05088609 -0.5525509 -0.668361 0.497977 -0.6230512 -0.5818305 0.5227623 -0.5683463 -0.6365893 0.5212835 -0.6999882 -0.07552361 0.7101498 -0.701001 -0.08006358 0.7086519 -0.705878 -0.08030402 0.7037667 -0.7044788 -0.0745058 0.7058035 -0.7180467 -0.09141778 0.689965 -0.7074798 -0.03792881 0.7057151 -0.3564001 -0.6928872 0.6268064 -0.4256051 -0.6126779 0.6659475 -0.3564605 -0.5608341 0.7472623 -0.6772102 -0.1512253 0.7200814 -0.6615313 -0.06210833 0.7473413 -0.6949369 -0.04887127 0.7174081 -0.630905 -0.2617865 0.7303606 -0.5687597 -0.3399785 0.7489506 -0.5468938 -0.3492685 0.7608671 -0.5472234 -0.4050218 0.7324643 -0.4931129 -0.4820794 0.7241817 -0.4649088 -0.4800775 0.7438988 -0.7069604 -0.1129263 0.6981794 -0.6946678 -0.2281793 0.682181 -0.7303696 -0.1912867 0.6557207 -0.6321046 -0.5178971 0.5763907 -0.6651002 -0.4671 0.5826314 -0.6231209 -0.5115408 0.5916472 -0.6690826 -0.3916826 0.6315958 -0.6803865 -0.3734768 0.6305469 -0.5247977 -0.6613481 0.5359159 -0.6128022 -0.5120286 0.6019138 -0.5943933 -0.5329526 0.6022111 -0.6594223 -0.3746034 0.6517933 -0.6484464 -0.3907899 0.6532998 -0.6907901 -0.2283686 0.6860445 -0.6855524 -0.2386185 0.6878075 -0.5520529 -0.6373884 0.5375627 -0.4413779 -0.7727171 0.456173 -0.4786696 -0.7477036 0.4602333 -0.3462775 -0.8641817 0.365078 -0.3943825 -0.8404086 0.3717202 -0.2418138 -0.933444 0.2649686 -0.301199 -0.9133291 0.2740604 -0.1307609 -0.9786643 0.1584857 -0.2013353 -0.9647359 0.1695545 -0.01587921 -0.998703 0.04837679 -0.0971356 -0.9934217 0.06064444 -0.5490969 -0.5193703 0.6547878 -0.6251408 -0.3680104 0.6883076 -0.6144189 -0.3805856 0.6911179 -0.6696408 -0.2242457 0.7080218 -0.6642773 -0.2322844 0.7104784 -0.698893 -0.07536768 0.7112443 -0.6974808 -0.07814294 0.7123302 -0.566495 -0.5032908 0.6525197 -0.4699037 -0.6451985 0.6024197 -0.4950485 -0.6270402 0.6014546 -0.37878 -0.7549263 0.5353617 -0.4125177 -0.7363711 0.5362712 -0.2779603 -0.8458366 0.4553004 -0.3207875 -0.8288128 0.4584373 -0.1699111 -0.9156677 0.3642566 -0.2219872 -0.902231 0.3697311 -0.05730313 -0.9626744 0.2645267 -0.1183872 -0.9549328 0.2721911 -0.658737 -0.2192236 0.7197266 -0.6925397 -0.07696449 0.7172623 -0.6944991 -0.07347267 0.7157324 -0.05842685 -0.9479904 0.3128907 -0.01508802 -0.9533479 0.3014965 -0.02478539 -0.9545782 0.2969281 -0.4296644 -0.601202 0.6737541 -0.5205336 -0.4846346 0.7029752 -0.5033614 -0.4976447 0.7063831 -0.5911175 -0.3541303 0.7246875 -0.5803208 -0.3644253 0.7283006 -0.6486066 -0.2157726 0.7298983 -0.6430832 -0.2223809 0.7327965 -0.6917226 -0.07252663 0.7185122 -0.6901845 -0.07486456 0.7197505 -0.2020461 -0.8484243 0.4892377 -0.236776 -0.7968129 0.5559014 -0.2524724 -0.7929379 0.5545333 -0.3507338 -0.7118761 0.6084557 -0.2983123 -0.7286672 0.6164851 -0.5119575 -0.8590108 0 -0.3745794 -0.9271948 0 -0.3745794 -0.9271948 0 -0.2283344 -0.9735828 0 -0.2283344 -0.9735828 0 -0.07672113 -0.9970526 0 -0.07672113 -0.9970526 0 -0.5119575 -0.8590108 0 -0.6374027 -0.7705308 0 -0.6374027 -0.7705308 0 -0.7477434 -0.6639878 0 -0.7477434 -0.6639878 0 -0.8405187 -0.5417826 0 -0.8405187 -0.5417826 0 -0.9135037 -0.4068304 0 -0.9135037 -0.4068304 0 -0.9649906 -0.2622845 0 -0.9649906 -0.2622845 0 -0.09840655 -0.9951415 0.003122746 -0.00362879 -0.9999908 -0.002333343 0.01984041 -0.9997953 0.003972709 0.0945717 -0.9955143 -0.002725303 0.137894 -0.9904408 0.003479838 0.1938165 -0.9810353 -0.002206861 0.2539552 -0.9672123 0.002667307 0.4738983 -0.880578 0.001663923 0.4986003 -0.8668308 -0.001455962 0.5746551 -0.8183944 0.00151664 0.5945125 -0.8040854 -0.001299798 0.667352 -0.7447412 0.001354336 0.6826366 -0.7307571 -0.001127064 0.7506754 -0.6606702 0.001172602 0.7617795 -0.6478357 -9.39905e-4 0.8235177 -0.5672898 9.71799e-4 0.3960986 -0.9182066 -0.00159204 0.3665282 -0.9304052 0.001787781 0.2925639 -0.9562448 -0.001532614 0.9699029 -0.2434918 0 0.9694434 -0.2453151 2.69421e-4 0.9356686 -0.3528798 -2.61662e-4 0.9336469 -0.3581943 5.26351e-4 0.8891187 -0.4576764 -4.99961e-4 0.8847803 -0.4660077 7.57668e-4 0.8309155 -0.5563982 -7.29082e-4 0 0 1 0 0 1 0 0 1 0 0 1 0 0 1 0 0 1 0 0 1 0 0 1 0 0 1 0 0 1 0 0 1 0 0 1 0 0 1 0 0 1 0 0 1 0 0 1 0 0 1 0 0 1 0 0 1 0 0 1 0 0 1 0 0 1 0 0 1 0 0 1 0 0 1 0 0 1 0 0 1 0 0 1 0 0 1 0 0 1 0 0 1 0 0 1 0 0 1 0 0 1 0 0 1 0 0 1 0 0 1 0 0 1 0 0 1 0 0 1 0 0 1 0 0 1 0 0 1 0 0 1 0 0 1 0 0 1 0 0 1 0 0 1 0 0 1 0 0 1 0 0 1 0 0 1 0 0 1 0 0 1 0 0 1 0 0 1 0 0 1 0 0 1 0 0 1 0 0 1 0 0 1 0 0 1 0 0 1 0 0 1 0 0 1 0 0 1 0 0 1 0 0 1 0 0 1 0 0 1 0 0 1 0 0 1 0 0 1 0 0 1 0 0 1 0 0 1 0 0 1 0 0 1 0 0 1 0 0 1 0 0 1 -0.05606991 0 0.9984269 0 1 0 0 1 0 0 -1 0 0 -1 0 0 1 0 0 1 0 0 -1 0 0 -1 0 0 1 0 0 1 0 0 1 0 0 1 0 -0.1119645 0 -0.9937122 -0.1119645 0 -0.9937122 0 -1 0 0 -1 0 0 -1 0 0 -1 0 0.1119646 0 0.9937122 0.1119646 0 0.9937122 0 -1 0 0 -1 0 0 -1 0 0 -1 0 0 -1 0 0 -1 0 0 1 0 0 1 0 0 -1 0 0 -1 0 0 1 0 0 1 0 0 1 0 0 1 0 0 -1 0 0 -1 0 0 1 0 0 1 0 0 -1 0 0 -1 0 0 -1 0 0 -1 0 0 1 0 0 1 0 0 -1 0 0 -1 0 0 1 0 0 1 0 0 -1 0 0 -1 0 0 1 0 0 1 0 -0.05606991 0 0.9984269 0.05607044 0 0.9984268 0.05607044 0 0.9984268 0.1675101 0 0.9858704 0.1675101 0 0.9858704 0.2768306 0 0.9609187 0.2768306 0 0.9609187 0.3826836 0 0.9238795 0.3826836 0 0.9238795 0.4837205 0 0.8752225 0.4837205 0 0.8752225 0.5786699 0 0.8155619 0.5786699 0 0.8155619 0.6663442 0 0.7456444 0.6663442 0 0.7456444 0.7456508 0 0.6663369 0.7456508 0 0.6663369 0.8155599 0 0.5786727 0.8155599 0 0.5786727 0.8752211 0 0.4837232 0.8752211 0 0.4837232 0.9238819 0 0.3826779 0.9238819 0 0.3826779 0.9609168 0 0.2768374 0.9609168 0 0.2768374 0.9858689 0 0.1675186 0.9858689 0 0.1675186 0.9984272 0 0.05606353 0.9984272 0 0.05606353 0.7477504 -0.66398 0 0.8405123 -0.5417925 0 0.8405123 -0.5417925 0 0.9135037 -0.4068304 0 0.9135037 -0.4068304 0 0.9649906 -0.2622845 0 0.9649906 -0.2622845 0 0.7477504 -0.66398 0 0.6373958 -0.7705365 0 0.6373958 -0.7705365 0 0.5119637 -0.8590071 0 0.5119637 -0.8590071 0 0.3745794 -0.9271948 0 0.3745794 -0.9271948 0 0.2283344 -0.9735828 0 0.2283344 -0.9735828 0 0.07672113 -0.9970526 0 0.07672113 -0.9970526 0 0.6314976 -0.4497255 0.631631 0.6536845 -0.3825842 0.6529363 0.1367213 -0.981082 0.1370604 0.02905422 -0.9992108 0.02708482 0.0922963 -0.9914448 0.0922963 0.5794344 -0.5733075 0.5792878 0.5243216 -0.6723563 0.5225169 0.5608918 -0.6087931 0.5610449 0.4312774 -0.7925384 0.4311413 0.4305844 -0.7933058 0.4304219 0.2903032 -0.9117912 0.2904496 0.2707531 -0.923909 0.2703421 0.6746243 -0.299097 0.6748504 0.7012537 -0.130567 0.7008534 0.7028128 -0.1100414 0.7028123 -0.1385096 -0.9874001 0.07652473 -0.05340963 -0.9980777 0.03143674 0.4823414 -0.8455781 0.2287893 0.3774856 -0.3741151 0.8470788 0.7080513 -0.09416896 0.699854 0.1470665 -0.8607746 0.4872766 0.4481894 -0.5774096 0.6824401 0.6309115 -0.2617777 0.7303581 0.6148869 -0.2096797 0.7602293 0.4378526 -0.8707199 0.2239016 0.6214557 -0.6567262 0.4272043 0.2806913 -0.9381477 0.2027097 0.33925 -0.9107242 0.2355649 0.3821556 -0.8704844 0.3101839 0.4305741 -0.8380748 0.3350173 0.4735824 -0.779774 0.409478 0.5117588 -0.7456795 0.4266909 0.7006205 -0.1834953 0.6895364 -0.02356314 -0.9958629 0.08776134 0.08978301 -0.9758322 0.1992245 0.1563974 -0.9596053 0.233875 0.2008507 -0.9307488 0.3055582 0.2591162 -0.9069206 0.3321956 0.3068385 -0.8617246 0.4040802 0.3558336 -0.8333622 0.4229539 0.4049359 -0.770566 0.4921941 0.4443485 -0.7406162 0.5040258 0.4926795 -0.65954 0.5676917 0.5226194 -0.6307913 0.5735603 0.5677511 -0.5315375 0.6285911 0.5888599 -0.5063952 0.629927 0.6282622 -0.3897535 0.6733341 0.6414887 -0.3703118 0.6718344 0.6725704 -0.237969 0.7007281 0.6793314 -0.2256209 0.6982866 0.7014486 -0.07573157 0.7086851 -0.1018802 -0.9914763 0.08121085 0.0584281 -0.9479905 0.3128901 0.2847769 -0.8130643 0.5077682 0.3427537 -0.7460118 0.5709522 0.3803262 -0.7216584 0.5784127 0.4383733 -0.6374989 0.6335804 0.4673359 -0.6140174 0.6360658 0.5231221 -0.5130881 0.6805027 0.5438439 -0.492544 0.6794366 0.5948559 -0.3758804 0.7105354 0.6081567 -0.3599111 0.7075376 0.6518047 -0.229302 0.722891 0.6587507 -0.2191984 0.7197219 0.6925459 -0.07696598 0.7172561 0.6944903 -0.07350081 0.7157379 0.3563992 -0.6928854 0.6268089 0.4335116 -0.6025673 0.67006 0.3293971 -0.9438897 0.02386975 0.370823 -0.9220396 0.1110553 0.364511 -0.930932 0.0223037 0.1399641 -0.9083471 0.3941009 0.1029198 -0.9145047 0.3912656 0.1880109 -0.8819859 0.432149 0.2386398 -0.8359695 0.4941721 0.4024795 -0.9036583 0.1463283 0.4054362 -0.9037694 0.1371951 0.4210224 -0.8962954 0.1392647 0.3967126 -0.9031794 0.1639699 0.3541588 -0.9199115 0.1683284 0.5166703 -0.7761826 0.3613756 0.4660979 -0.8432688 0.2676761 0.4664024 -0.846337 0.2572597 0.5589194 -0.691037 0.4583417 0.5173966 -0.7760732 0.3605707 0.5168659 -0.7736272 0.3665388 0.4295125 -0.8538008 0.2941824 0.4305341 -0.8636729 0.262125 0.3338237 -0.9236055 0.1884533 0.332978 -0.9308192 0.150669 0.2025935 -0.9774597 0.05939978 0.2451219 -0.9679633 0.05442821 0.2911852 -0.9546579 0.06196504 0.6996088 -0.07999449 0.7100341 0.7041153 -0.08021736 0.7055401 0.7061333 -0.07655286 0.7039287 0.7067752 -0.07734346 0.7031975 0.7599399 -0.02046501 0.6496711 0.5094371 -0.50034 0.7000955 0.4219095 -0.6100074 0.6707335 0.3564737 -0.560837 0.7472539 0.5138734 -0.4823395 0.7094243 0.5845389 -0.366329 0.7239595 0.5865338 -0.352548 0.7291694 0.6455475 -0.2234858 0.7302894 0.645959 -0.2148414 0.7325164 0.6909933 -0.07524091 0.7189348 0.6908454 -0.07225936 0.7193825 0.5687359 -0.3400065 0.748956 0.5469037 -0.3492813 0.7608541 0.5472328 -0.4050287 0.7324534 0.4869396 -0.4902473 0.7228744 0.4677811 -0.4572926 0.7563493 0.6772102 -0.1512254 0.7200814 0.6581423 -0.04628372 0.7514696 0.6880197 -0.07389658 0.7219198 0.2399076 -0.9619631 0.1306576 0.1718611 -0.9810141 0.08986145 0.1348662 -0.9906023 0.02276486 0.5525436 -0.6683709 0.4979719 0.5808429 -0.6357329 0.5083946 0.6071228 -0.5687738 0.5548858 0.6353287 -0.510805 0.5791681 0.6349828 -0.5202986 0.5710396 0.6469287 -0.454277 0.6124669 0.6747062 -0.3738143 0.6364231 0.6799362 -0.3980568 0.6158226 0.6793996 -0.3181518 0.6612077 0.7024281 -0.2277619 0.6743288 0.7171295 -0.2584474 0.6472483 0.3616967 -0.8644219 0.3492138 0.2816232 -0.9136249 0.2932199 0.2599818 -0.9336422 0.2464181 0.1790311 -0.9650166 0.1915484 0.1516878 -0.9788454 0.1373045 0.07223194 -0.993725 0.0854007 0.03954493 -0.9989137 0.02465009 0.3776202 -0.8407436 0.3880117 0.4541522 -0.7729933 0.4429754 0.4647467 -0.7480459 0.4737487 0.5350081 -0.6616306 0.5253677 0.5409309 -0.6377368 0.5483481 0.6021502 -0.5332373 0.5941997 0.6043856 -0.5123355 0.6101068 0.6538494 -0.3910172 0.6477551 0.6536025 -0.3748484 0.6574895 0.6887254 -0.2387666 0.6845785 0.6874057 -0.2285136 0.6893874 0.05007636 -0.9902128 0.1302726 0.01236021 -0.9856849 0.1681448 -0.06389647 -0.9841476 0.1654409 -0.01920801 -0.9827605 0.1838827 0.07600581 -0.9663945 0.2455701 0.09852743 -0.951404 0.291758 0.186147 -0.9189547 0.347666 0.2045657 -0.8991975 0.3867772 0.2917478 -0.8487023 0.4411209 0.3058773 -0.8262912 0.4729502 0.3901783 -0.7573743 0.5235886 0.4001306 -0.7343527 0.5482897 0.4789962 -0.6472217 0.5930149 0.4851593 -0.6254799 0.6110608 0.5559938 -0.5209471 0.6476767 0.5590101 -0.5021572 0.6598075 0.6192253 -0.3817002 0.6861962 0.619965 -0.3672506 0.6933761 0.6671019 -0.2329531 0.7076071 0.6666263 -0.2238129 0.7109973 0.698404 -0.07836371 0.7114007 0.697919 -0.07522904 0.7122146 -0.02539223 -0.9799374 0.1976814 0.015199 -0.9603985 0.2782152 0.01905548 -0.9529384 0.3025645 0.2020461 -0.8484243 0.4892377 0.2478151 -0.7783108 0.5769056 0.2436051 -0.7993449 0.5492761 0.3071337 -0.7502334 0.5855073 0.3353637 -0.7063467 0.6233824 -0.1119664 -0.993712 0 -0.3302451 -0.9438952 0 -0.3302451 -0.9438952 0 -0.5320697 -0.8467006 0 -0.5320697 -0.8467006 0 -0.7070972 -0.7071164 0 -0.7070972 -0.7071164 0 -0.8467189 -0.5320405 0 -0.8467189 -0.5320405 0 -0.9438814 -0.3302845 0 -0.9438814 -0.3302845 0 -0.9937139 -0.1119496 0 -0.9937139 -0.1119496 0 -0.1119664 -0.993712 0 0.1119707 -0.9937115 0 0.1119707 -0.9937115 0 0.3302391 -0.9438973 0 0.3302391 -0.9438973 0 0.5320697 -0.8467006 0 0.5320697 -0.8467006 0 0.7071164 -0.7070972 0 0.7071164 -0.7070972 0 0.8467016 -0.5320681 0 0.8467016 -0.5320681 0 0.9438994 -0.3302332 0 0.9438994 -0.3302332 0 0.9937075 -0.1120066 0 0.9937075 -0.1120066 0 -0.1119707 -0.9937115 0 -0.3302451 -0.9438952 0 -0.3302451 -0.9438952 0 -0.532061 -0.846706 0 -0.532061 -0.846706 0 -0.7071068 -0.7071068 0 -0.7071068 -0.7071068 0 -0.8467016 -0.5320681 0 -0.8467016 -0.5320681 0 -0.9439113 -0.330199 0 -0.9439113 -0.330199 0 -0.9937053 -0.1120255 0 -0.9937053 -0.1120255 0 -0.1119707 -0.9937115 0 0.1119643 -0.9937122 0 0.1119643 -0.9937122 0 0.3302451 -0.9438952 0 0.3302451 -0.9438952 0 0.5320783 -0.8466951 0 0.5320783 -0.8466951 0 0.7070876 -0.707126 0 0.7070876 -0.707126 0 0.8467189 -0.5320405 0 0.8467189 -0.5320405 0 0.9438754 -0.3303017 0 0.9438754 -0.3303017 0 0.993716 -0.1119306 0 0.993716 -0.1119306 0 0.1119681 0.9937118 0 0.3302608 0.9438897 0 0.3302608 0.9438897 0 0.5320697 0.8467006 0 0.5320697 0.8467006 0 0.7071092 0.7071044 0 0.7071092 0.7071044 0 0.8467016 0.5320681 0 0.8467016 0.5320681 0 0.9438874 0.3302674 0 0.9438874 0.3302674 0 0.9937126 0.1119613 0 0.9937126 0.1119613 0 0.1119681 0.9937118 0 -0.1119702 0.9937115 0 -0.1119702 0.9937115 0 -0.3302593 0.9438902 0 -0.3302593 0.9438902 0 -0.532061 0.846706 0 -0.532061 0.846706 0 -0.7071092 0.7071044 0 -0.7071092 0.7071044 0 -0.8467016 0.5320681 0 -0.8467016 0.5320681 0 -0.9438874 0.3302674 0 -0.9438874 0.3302674 0 -0.9937148 0.1119422 0 -0.9937148 0.1119422 0 -0.1119702 -0.9937115 0 -0.3302422 -0.9438962 0 -0.3302422 -0.9438962 0 -0.532061 -0.846706 0 -0.532061 -0.846706 0 -0.7071092 -0.7071044 0 -0.7071092 -0.7071044 0 -0.8467016 -0.5320681 0 -0.8467016 -0.5320681 0 -0.9438874 -0.3302674 0 -0.9438874 -0.3302674 0 -0.9937149 -0.1119401 0 -0.9937149 -0.1119401 0 -0.1119702 -0.9937115 0 0.1119681 -0.9937118 0 0.1119681 -0.9937118 0 0.3302437 -0.9438957 0 0.3302437 -0.9438957 0 0.5320697 -0.8467006 0 0.5320697 -0.8467006 0 0.7071092 -0.7071044 0 0.7071092 -0.7071044 0 0.8467016 -0.5320681 0 0.8467016 -0.5320681 0 0.9438874 -0.3302674 0 0.9438874 -0.3302674 0 0.9937128 -0.1119591 0 0.9937128 -0.1119591 0 0.1119707 0.9937115 0 0.3302563 0.9438914 0 0.3302563 0.9438914 0 0.5320697 0.8467006 0 0.5320697 0.8467006 0 0.7071164 0.7070972 0 0.7071164 0.7070972 0 0.8467016 0.5320681 0 0.8467016 0.5320681 0 0.9438994 0.3302332 0 0.9438994 0.3302332 0 0.9937072 0.1120086 0 0.9937072 0.1120086 0 0.1119707 0.9937115 0 -0.1119664 0.993712 0 -0.1119664 0.993712 0 -0.3302623 0.9438892 0 -0.3302623 0.9438892 0 -0.5320697 0.8467006 0 -0.5320697 0.8467006 0 -0.7070972 0.7071164 0 -0.7070972 0.7071164 0 -0.8467189 0.5320405 0 -0.8467189 0.5320405 0 -0.9438814 0.3302845 0 -0.9438814 0.3302845 0 -0.9937137 0.1119518 0 -0.9937137 0.1119518 0 0.1119643 0.9937122 0 0.3302623 0.9438892 0 0.3302623 0.9438892 0 0.5320783 0.8466951 0 0.5320783 0.8466951 0 0.7070876 0.707126 0 0.7070876 0.707126 0 0.8467189 0.5320405 0 0.8467189 0.5320405 0 0.9438754 0.3303017 0 0.9438754 0.3303017 0 0.9937158 0.1119328 0 0.9937158 0.1119328 0 0.1119643 0.9937122 0 -0.1119707 0.9937115 0 -0.1119707 0.9937115 0 -0.3302623 0.9438892 0 -0.3302623 0.9438892 0 -0.532061 0.846706 0 -0.532061 0.846706 0 -0.7071068 0.7071068 0 -0.7071068 0.7071068 0 -0.8467016 0.5320681 0 -0.8467016 0.5320681 0 -0.9439113 0.330199 0 -0.9439113 0.330199 0 -0.9937051 0.1120277 0 -0.9937051 0.1120277 0 -0.1119518 -0.9937137 0 -0.3302623 -0.9438892 0 -0.3302623 -0.9438892 0 -0.532061 -0.846706 0 -0.532061 -0.846706 0 -0.7071068 -0.7071068 0 -0.7071068 -0.7071068 0 -0.8467071 -0.5320594 0 -0.8467071 -0.5320594 0 -0.9439093 -0.3302049 0 -0.9439093 -0.3302049 0 -0.9937056 -0.1120234 0 -0.9937056 -0.1120234 0 -0.1119518 -0.9937137 0 0.1119453 -0.9937143 0 0.1119453 -0.9937143 0 0.3302623 -0.9438892 0 0.3302623 -0.9438892 0 0.5320783 -0.8466951 0 0.5320783 -0.8466951 0 0.7070876 -0.707126 0 0.7070876 -0.707126 0 0.8467243 -0.5320318 0 0.8467243 -0.5320318 0 0.9438734 -0.3303076 0 0.9438734 -0.3303076 0 0.9937162 -0.1119285 0 0.9937162 -0.1119285 0 -0.1119475 -0.9937142 0 -0.3302623 -0.9438892 0 -0.3302623 -0.9438892 0 -0.5320697 -0.8467006 0 -0.5320697 -0.8467006 0 -0.7070972 -0.7071164 0 -0.7070972 -0.7071164 0 -0.8467243 -0.5320318 0 -0.8467243 -0.5320318 0 -0.9438793 -0.3302905 0 -0.9438793 -0.3302905 0 -0.9937142 -0.1119475 0 -0.9937142 -0.1119475 0 -0.1119475 -0.9937142 0 0.1119518 -0.9937137 0 0.1119518 -0.9937137 0 0.3302563 -0.9438914 0 0.3302563 -0.9438914 0 0.5320697 -0.8467006 0 0.5320697 -0.8467006 0 0.7071164 -0.7070972 0 0.7071164 -0.7070972 0 0.8467071 -0.5320594 0 0.8467071 -0.5320594 0 0.9438973 -0.3302391 0 0.9438973 -0.3302391 0 0.9937077 -0.1120044 0 0.9937077 -0.1120044 0 0.1119832 0.9937101 0 0.3302451 0.9438952 0 0.3302451 0.9438952 0 0.5321058 0.8466778 0 0.5321058 0.8466778 0 0.7070683 0.7071452 0 0.7070683 0.7071452 0 0.8467243 0.5320318 0 0.8467243 0.5320318 0 0.9438734 0.3303076 0 0.9438734 0.3303076 0 0.9937162 0.1119285 0 0.9937162 0.1119285 0 0.1119832 0.9937101 0 -0.1119897 0.9937094 0 -0.1119897 0.9937094 0 -0.3302451 0.9438952 0 -0.3302451 0.9438952 0 -0.5320885 0.8466888 0 -0.5320885 0.8466888 0 -0.7070876 0.707126 0 -0.7070876 0.707126 0 -0.8467071 0.5320594 0 -0.8467071 0.5320594 0 -0.9439093 0.3302049 0 -0.9439093 0.3302049 0 -0.9937056 0.1120234 0 -0.9937056 0.1120234 0 0.1119897 0.9937094 0 0.3302391 0.9438973 0 0.3302391 0.9438973 0 0.5320972 0.8466833 0 0.5320972 0.8466833 0 0.7070972 0.7071164 0 0.7070972 0.7071164 0 0.8467071 0.5320594 0 0.8467071 0.5320594 0 0.9438973 0.3302391 0 0.9438973 0.3302391 0 0.9937077 0.1120044 0 0.9937077 0.1120044 0 0.1119897 0.9937094 0 -0.1119854 0.9937099 0 -0.1119854 0.9937099 0 -0.3302451 0.9438952 0 -0.3302451 0.9438952 0 -0.5320972 0.8466833 0 -0.5320972 0.8466833 0 -0.707078 0.7071356 0 -0.707078 0.7071356 0 -0.8467243 0.5320318 0 -0.8467243 0.5320318 0 -0.9438793 0.3302905 0 -0.9438793 0.3302905 0 -0.9937142 0.1119475 0 -0.9937142 0.1119475 0 0.111987 0.9937097 0 0.3302437 0.9438957 0 0.3302437 0.9438957 0 0.5320972 0.8466833 0 0.5320972 0.8466833 0 0.70709 0.7071236 0 0.70709 0.7071236 0 0.8467071 0.5320594 0 0.8467071 0.5320594 0 0.9438853 0.3302734 0 0.9438853 0.3302734 0 0.993713 0.111957 0 0.993713 0.111957 0 0.111987 0.9937097 0 -0.1119892 0.9937095 0 -0.1119892 0.9937095 0 -0.3302422 0.9438962 0 -0.3302422 0.9438962 0 -0.5320885 0.8466888 0 -0.5320885 0.8466888 0 -0.70709 0.7071236 0 -0.70709 0.7071236 0 -0.8467071 0.5320594 0 -0.8467071 0.5320594 0 -0.9438853 0.3302734 0 -0.9438853 0.3302734 0 -0.9937152 0.111938 0 -0.9937152 0.111938 0 -0.1119512 -0.9937137 0 -0.3302593 -0.9438902 0 -0.3302593 -0.9438902 0 -0.532061 -0.846706 0 -0.532061 -0.846706 0 -0.7071092 -0.7071044 0 -0.7071092 -0.7071044 0 -0.8467071 -0.5320594 0 -0.8467071 -0.5320594 0 -0.9438853 -0.3302734 0 -0.9438853 -0.3302734 0 -0.9937152 -0.111938 0 -0.9937152 -0.111938 0 -0.1119512 -0.9937137 0 0.1119491 -0.993714 0 0.1119491 -0.993714 0 0.3302608 -0.9438897 0 0.3302608 -0.9438897 0 0.5320697 -0.8467006 0 0.5320697 -0.8467006 0 0.7071092 -0.7071044 0 0.7071092 -0.7071044 0 0.8467071 -0.5320594 0 0.8467071 -0.5320594 0 0.9438853 -0.3302734 0 0.9438853 -0.3302734 0 0.993713 -0.111957 0 0.993713 -0.111957 0 1 0 0 1 0 0 1 0 0 1 0 0 1 0 0 1 0 0 1 0 0 1 0 0 1 0 0 1 0 0 1 0 0 1 0 0 1 0 0 1 0 0 1 0 0 1 0 0 1 0 0 1 0 0 1 0 0 1 0 0 1 0 0 1 0 0 1 0 0 1 0 0 1 0 0 1 0 0 1 0 0 1 0 0 1 0 0 1 0 0 1 0 0 1 0 0 1 0 0 1 0 0 1 0 0 1 0 0 1 0 0 1 0 0 1 0 0 1 0 0 1 0 0 1 0 0 1 0 0 1 0 0 1 0 0 1 0 0 1 0 0 1 0 0 1 0 0 1 0 0 1 0 0 1 0 0 1 0 0 1 0 0 1 0 0 1 0 0 1 0 0 1 0 0 1 0 0 1 0 0 1 0 0 1 0 0 1 0 0 1 0 0 1 0 0 1 0 0 1 0 0 1 0 0 1 0 0 1 0 0 1 0 0 1 0 0 1 0 0 1 0 0 1 0 0 1 0 0 1 0 0 1 0 0 1 0 0 1 0 0 1 0 0 1 0 0 1 0 0 1 0 0 1 0 0 1 0 0 1 0 0 1 0 0 1 0 0 1 0 0 1 0 0 1 0 0 1 0 0 1 0 0 1 0 0 1 0 0 1 0 0 1 0 0 1 0 0 1 0 0 1 0 0 1 0 0 1 0 0 1 0 0 1 0 0 1 0 0 1 0 0 1 0 0 1 0 0 1 0 0 1 0 0 1 0 0 1 0 0 1 0 0 1 0 0 1 0 0 1 0 0 1 0 0 1 0 0 1 0 0 1 0 0 1 0 0 1 0 0 1 0 0 1 0 0 1 0 0 1 0 0 1 0 0 1 0 0 1 0 0 1 0 0 1 0 0 1 0 0 1 0 0 1 0 0 1 0 0 1 0 0 1 0 0 1 0 0 1 0 0 1 0 0 1 0 0 1 0 0 1 0 0 1 0 0 1 0 0 1 0 0 1 0 0 1 0 0 1 0 0 1 0 0 1 0 0 1 0 0 1 0 0 1 0 0 1 0 0 1 0 0 1 0 0 1 0 0 1 0 0 1 0 0 1 0 0 1 0 0 1 0 0 1 0 0 1 0 0 1 0 0 1 0 0 1 0 0 1 0 0 1 0 0 1 0 0 1 0 0 1 0 0 1 0 0 1 0 0 1 0 0 1 0 0 1 0 0 1 0 0 1 0 0 1 0 0 1 0 0 1 0 0 1 0 0 1 0 0 1 0 0 1 0 0 1 0 0 1 0 0 1 0 0 1 0 0 1 0 0 1 0 0 1 0 0 1 0 0 1 0 0 1 0 0 1 0 0 1 0 0 1 0 0 1 0 0 1 0 0 1 0 0 1 0 0 1 0 0 1 0 0 1 0 0 1 0 0 1 0 0 1 0 0 1 0 0 1 0 0 1 0 0 1 0 0 1 0 0 1 0 0 1 0 0 1 0 0 1 0 0 1 0 0 1 0 0 1 0 0 1 0 0 1 0 0 1 0 0 1 0 0 1 0 0 1 0 0 1 0 0 1 0 0 1 0 0 1 0 0 1 0 0 1 0 0 1 0 0 1 0 0 1 0 0 1 0 0 1 0 0 1 0 0 1 0 0 1 0 0 1 0 0 1 0 0 1 0 0 1 0 0 1 0 0 1 0 0 1 0 0 1 0 0 1 0 0 1 0 0 1 0 0 1 0 0 1 0 0 1 0 0 1 0 0 1 0 0 1 0 0 1 0 0 1 0 0 1 0 0 1 0 0 1 0 0 1 0 0 1 0 0 1 0 0 1 0 0 1 0 0 1 0 0 1 0 0 1 0 0 1 0 0 1 0 0 1 0 0 1 0 0 1 0 0 1 0 0 1 0 0 1 0 0 1 0 0 1 0 0 1 0 0 1 0 0 1 0 0 1 0 0 1 0 0 1 0 0 1 0 0 1 0 0 1 0 0 1 0 0 1 0 0 1 0 0 1 0 0 1 0 0 1 0 0 1 0 0 1 0 0 1 0 0 1 0 0 1 0 0 1 0 0 1 0 0 1 0 0 1 0 0 1 0 0 1 0 0 1 0 0 1 0 0 1 0 0 1 0 0 1 0 0 1 0 0 1 0 0 1 0 0 1 0 0 1 0 0 1 0 0 1 0 0 1 0 0 1 0 0 1 0 0 1 0 0 1 0 0 1 0 0 1 0 0 1 0 0 1 0 0 1 0 0 1 0 0 1 0 0 1 0 0 1 0 0 1 0 0 1 0 0 1 0 0 1 0 0 1 0 0 0 0.9677227 -0.2520176 0 0.9677227 -0.2520176 0 0.4980541 -0.867146 0 0.4980541 -0.867146 0 0.866037 0.4999799 0 0.866037 0.4999799 0 0.9689686 -0.2471837 0 0.9689686 -0.2471837 0 -0.9467026 0.322109 0 -0.9712722 0.237971 0 -0.9712722 0.237971 0 -0.9839362 0.1785204 0 -0.9839362 0.1785204 0 -0.994856 0.1012982 0 -0.994856 0.1012982 0 -0.9999818 0.006018459 0 -0.9999818 0.006018459 0 -0.9959142 -0.09030365 0 -0.9959142 -0.09030365 0 -0.9826578 -0.1854282 0 -0.9826578 -0.1854282 0 -0.9467026 0.322109 0 -0.9051389 0.4251158 0 -0.9051389 0.4251158 0 -0.8670758 0.4981763 0 -0.8670758 0.4981763 0 -0.8373121 0.5467251 0 -0.8373121 0.5467251 0 -0.8046358 0.5937687 0 -0.8046358 0.5937687 0 -0.7690933 0.6391366 0 -0.7690933 0.6391366 0 -0.7154315 0.6986829 0 -0.7154315 0.6986829 0 -0.6407516 0.7677482 0 -0.6407516 0.7677482 0 -0.5601783 0.8283721 0 -0.5601783 0.8283721 0 -0.8871515 -0.4614782 0 -0.8217827 -0.5698012 0 -0.8217827 -0.5698012 0 -0.6942723 -0.7197124 0 -0.6942723 -0.7197124 0 -0.8871515 -0.4614782 0 -0.9340443 -0.3571572 0 -0.9340443 -0.3571572 0 -0.9586432 -0.2846105 0 -0.9586432 -0.2846105 0 -0.9704332 -0.24137 0 -0.9704332 -0.24137 0 0.1046819 -0.9945058 0 0.1046819 -0.9945058 0 0.2392233 -0.9709646 0 0.2392233 -0.9709646 0 0.6282339 -0.7780245 0 0.6934199 -0.7205337 0 0.6934199 -0.7205337 0 0.7677472 -0.6407529 0 0.7677472 -0.6407529 0 0.8276785 -0.5612027 0 0.8276785 -0.5612027 0 0.6282339 -0.7780245 0 0.5802566 -0.8144338 0 0.5802566 -0.8144338 0 0.5202526 -0.8540124 0 0.5202526 -0.8540124 0 0.4474063 -0.8943309 0 0.4474063 -0.8943309 0 0.3712376 -0.9285379 0 0.3712376 -0.9285379 0 0.9211841 -0.3891271 0 0.9694483 -0.2452956 0 0.9694483 -0.2452956 0 0.9211841 -0.3891271 0 0.8775622 -0.4794629 0 0.8775622 -0.4794629 0 0.8560421 -0.5169061 0 0.8560421 -0.5169061 0 0.2572519 0.9663444 0 0.2572519 0.9663444 0 -0.966236 0.2576587 0 -0.966236 0.2576587 0 -1 0 0 -1 0 0 -0.2631185 -0.9647635 0 -0.2631185 -0.9647635 0 -0.9662376 0.2576528 0 -0.9662376 0.2576528 0 0.2571777 0.9663642 0 0.2571777 0.9663642 0 0.965755 -0.2594558 0 0.965755 -0.2594558 0 -0.2581496 -0.9661049 0 -0.2581496 -0.9661049 0 -1 0 0 -1 0 0 -0.9651392 0.2617372 0 -0.9651392 0.2617372 0 0 1 0 0 1 0 0.2609084 0.9653636 0 0.2609084 0.9653636 0 -0.9629657 0.2696242 0 -0.9629657 0.2696242 0 -0.2572525 -0.9663442 0 -0.2572525 -0.9663442 0 0.8852158 0.4651805 0 0.8277973 0.5610272 0 0.8277973 0.5610272 0 0.7618228 0.6477856 0 0.7618228 0.6477856 0 0.6886201 0.7251223 0 0.6886201 0.7251223 0 0.6091535 0.7930523 0 0.6091535 0.7930523 0 0.5238448 0.8518137 0 0.5238448 0.8518137 0 0.4327915 0.9014941 0 0.4327915 0.9014941 0 0.8852158 0.4651805 0 0.9324982 0.3611747 0 0.9324982 0.3611747 0 0.9602781 0.2790449 0 0.9602781 0.2790449 0 0.9749065 0.222615 0 0.9749065 0.222615 0 0.98857 0.1507632 0 0.98857 0.1507632 0 0.997948 0.06402963 0 0.997948 0.06402963 0 0.9997529 -0.02222919 0 0.9997529 -0.02222919 0 0.9943 -0.1066182 0 0.9943 -0.1066182 0 0.2012793 0.9795339 0 0.1629434 0.9866355 0 0.1629434 0.9866355 0 0.2012793 0.9795339 0 0.2747595 0.961513 0 0.2747595 0.961513 0 0.3454991 0.9384191 0 0.3454991 0.9384191 0 -0.2185568 0.9758242 0 -0.2442522 0.9697117 0 -0.2442522 0.9697117 0 -0.2185568 0.9758242 0 -0.1488879 0.9888541 0 -0.1488879 0.9888541 0 -0.05424594 0.9985276 0 -0.05424594 0.9985276 0 0.08187329 0.9966428 0 0.08187329 0.9966428 0 -0.9672787 0.2537161 0 -0.9672787 0.2537161 0 -0.8617539 -0.5073266 0 -0.8617539 -0.5073266 0 0 -1 0 0 -1 0 0.9688021 -0.2478357 0 0.9688021 -0.2478357 0 0 -1 0 0 -1 0 -0.2537144 -0.9672793 0 -0.2537144 -0.9672793 0 -0.9666634 0.2560503 0 -0.9666634 0.2560503 0 0 1 0 0 1 0 0.2537142 0.9672793 0 0.2537142 0.9672793 0 1 0 0 1 0 0 0.9660481 -0.2583622 0 0.9660481 -0.2583622 0 0 1 0 0 1 0 -0.5062032 0.8624143 0 -0.5062032 0.8624143 0 -0.6112639 0.7914268 0 -0.7622815 0.6472457 0 -0.7622815 0.6472457 0 -0.6112639 0.7914268 0 -0.4901001 0.8716661 0 -0.4901001 0.8716661 0 -0.4136688 0.9104274 0 -0.4136688 0.9104274 0 -0.4456498 0.8952074 0 -0.4456498 0.8952074 0 -0.9662358 0.2576597 0 -0.9662358 0.2576597 0 -0.680451 -0.7327936 0 -0.680451 -0.7327936 0 -0.1841242 -0.982903 0 -0.1305889 -0.9914366 0 -0.1305889 -0.9914366 0 -0.07934367 -0.9968473 0 -0.07934367 -0.9968473 0 -0.03092789 -0.9995216 0 -0.03092789 -0.9995216 0 -0.1841242 -0.982903 0 -0.2392876 -0.9709486 0 -0.2392876 -0.9709486 0 -0.2951452 -0.9554525 0 -0.2951452 -0.9554525 0 -0.3776577 -0.9259452 0 -0.3776577 -0.9259452 0 -0.4810925 -0.8766699 0 -0.4810925 -0.8766699 0 -0.5701969 -0.8215081 0 -0.5701969 -0.8215081 0 0.2498768 0.9682776 0 0.2498768 0.9682776 0 0.9674375 -0.2531103 0 0.9674375 -0.2531103 0 0.8351679 0.5499952 0 0.8351679 0.5499952 0 0.9433242 0.3318729 0 0.9619771 0.2731301 0 0.9619771 0.2731301 0 0.9433242 0.3318729 0 0.9178353 0.3969613 0 0.9178353 0.3969613 0 0.8824046 0.4704914 0 0.8824046 0.4704914 0 0.9425273 -0.3341292 0 0.9136533 -0.4064944 0 0.9136533 -0.4064944 0 0.8679889 -0.4965837 0 0.8679889 -0.4965837 0 0.8135888 -0.5814408 0 0.8135888 -0.5814408 0 0.7481431 -0.6635373 0 0.7481431 -0.6635373 0 0.6668877 -0.7451583 0 0.6668877 -0.7451583 0 0.9425273 -0.3341292 0 0.9593003 -0.2823876 0 0.9593003 -0.2823876 0 0.9734428 -0.2289305 0 0.9734428 -0.2289305 0 0.9847975 -0.1737067 0 0.9847975 -0.1737067 0 0.9949632 -0.1002405 0 0.9949632 -0.1002405 0 0.9999782 -0.006600618 0 0.9999782 -0.006600618 0 0.9957563 0.09202939 0 0.9957563 0.09202939 0 0.9809921 0.1940473 0 0.9809921 0.1940473 0 0.5013824 -0.8652258 0 0.4835214 -0.8753326 0 0.4835214 -0.8753326 0 0.5013824 -0.8652258 0 0.5334737 -0.8458166 0 0.5334737 -0.8458166 0 0.587216 -0.8094303 0 0.587216 -0.8094303 0 0.9667049 -0.255894 0 0.9667049 -0.255894 0 0 -1 0 0 -1 0 -0.2617334 -0.9651403 0 -0.2617334 -0.9651403 0 -0.9661123 0.2581219 0 -0.9661123 0.2581219 0 -0.5657449 -0.8245803 0 -0.6268799 -0.7791159 0 -0.6268799 -0.7791159 0 -0.6823427 -0.7310325 0 -0.6823427 -0.7310325 0 -0.7265237 -0.6871414 0 -0.7265237 -0.6871414 0 -0.7613353 -0.6483584 0 -0.7613353 -0.6483584 0 -0.8086138 -0.5883398 0 -0.8086138 -0.5883398 0 -0.8637022 -0.5040025 0 -0.8637022 -0.5040025 0 -0.9103457 -0.4138488 0 -0.9103457 -0.4138488 0 -0.5657449 -0.8245803 0 -0.4884902 -0.8725693 0 -0.4884902 -0.8725693 0 -0.3924425 -0.9197766 0 -0.3924425 -0.9197766 0 -0.3146592 -0.9492047 0 -0.3146592 -0.9492047 0 -0.2601375 -0.9655716 0 -0.2601375 -0.9655716 0 -0.1866308 -0.9824302 0 -0.1866308 -0.9824302 0 -0.09363818 -0.9956063 0 -0.09363818 -0.9956063 0 6.42951e-4 -0.9999998 0 6.42951e-4 -0.9999998 0 0.09425824 -0.9955478 0 0.09425824 -0.9955478 0 0.1852641 -0.9826887 0 0.1852641 -0.9826887 0 -0.9999651 0.008349299 0 -0.997034 0.07696163 0 -0.997034 0.07696163 0 -0.9879951 0.1544851 0 -0.9879951 0.1544851 0 -0.9703491 0.2417075 0 -0.9703491 0.2417075 0 -0.9999651 0.008349299 0 -0.9971354 -0.07563787 0 -0.9971354 -0.07563787 0 -0.9859601 -0.1669812 0 -0.9859601 -0.1669812 0 -0.9694342 -0.2453516 0 -0.9694342 -0.2453516 0 -0.9466302 -0.3223216 0 -0.9466302 -0.3223216 0 -0.2555124 -0.9668058 0 -0.2555124 -0.9668058 0 -0.9682766 0.2498806 0 -0.9682766 0.2498806 0 0.2538191 0.9672518 0 0.2538191 0.9672518 0 -0.884292 0.4669343 0 -0.8652594 0.5013245 0 -0.8652594 0.5013245 0 -0.884292 0.4669343 0 -0.9239581 0.3824935 0 -0.9239581 0.3824935 0 -0.9689924 0.2470903 0 -0.9689924 0.2470903 0 -0.5914741 0.8063241 0 -0.5002303 0.8658924 0 -0.5002303 0.8658924 0 -0.4054872 0.9141008 0 -0.4054872 0.9141008 0 -0.3125707 0.9498946 0 -0.3125707 0.9498946 0 -0.5914741 0.8063241 0 -0.6741179 0.7386237 0 -0.6741179 0.7386237 0 -0.7445825 0.6675305 0 -0.7445825 0.6675305 0 -0.8014219 0.5980995 0 -0.8014219 0.5980995 0 -0.8452385 0.5343893 0 -0.8452385 0.5343893 0 0.3262218 0.9452932 0 0.4117624 0.9112912 0 0.4117624 0.9112912 0 0.4981328 0.8671008 0 0.4981328 0.8671008 0 0.5893906 0.8078482 0 0.5893906 0.8078482 0 0.6635375 0.748143 0 0.6635375 0.748143 0 0.7165347 0.6975515 0 0.7165347 0.6975515 0 0.3262218 0.9452932 0 0.2379003 0.9712896 0 0.2379003 0.9712896 0 0.1435242 0.9896468 0 0.1435242 0.9896468 0 0.06734979 0.9977294 0 0.06734979 0.9977294 0 0.01302385 0.9999152 0 0.01302385 0.9999152 0 -0.05417823 0.9985314 0 -0.05417823 0.9985314 0 -0.1360285 0.9907049 0 -0.1360285 0.9907049 0 -0.2232245 0.9747671 0 -0.2232245 0.9747671 0 -0.4472841 0.894392 0 -0.4472841 0.894392 0 -0.9669771 0.2548635 0 -0.9669771 0.2548635 1 0 0 1 0 0 1 0 0 1 0 0 1 0 0 1 0 0 1 0 0 1 0 0 1 0 0 1 0 0 1 0 0 1 0 0 1 0 0 1 0 0 1 0 0 1 0 0 1 0 0 1 0 0 1 0 0 1 0 0 1 0 0 1 0 0 1 0 0 1 0 0 1 0 0 1 0 0 1 0 0 1 0 0 1 0 0 1 0 0 1 0 0 1 0 0 1 0 0 1 0 0 1 0 0 1 0 0 1 0 0 1 0 0 1 0 0 1 0 0 1 0 0 1 0 0 1 0 0 1 0 0 1 0 0 1 0 0 1 0 0 1 0 0 1 0 0 1 0 0 1 0 0 1 0 0 1 0 0 1 0 0 1 0 0 1 0 0 1 0 0 1 0 0 1 0 0 1 0 0 1 0 0 1 0 0 1 0 0 1 0 0 1 0 0 1 0 0 1 0 0 1 0 0 1 0 0 1 0 0 1 0 0 1 0 0 1 0 0 1 0 0 1 0 0 1 0 0 1 0 0 1 0 0 1 0 0 1 0 0 1 0 0 1 0 0 1 0 0 1 0 0 1 0 0 1 0 0 1 0 0 1 0 0 1 0 0 1 0 0 1 0 0 1 0 0 1 0 0 1 0 0 1 0 0 1 0 0 1 0 0 1 0 0 1 0 0 1 0 0 1 0 0 1 0 0 1 0 0 1 0 0 1 0 0 1 0 0 1 0 0 1 0 0 1 0 0 1 0 0 1 0 0 1 0 0 1 0 0 1 0 0 1 0 0 1 0 0 1 0 0 1 0 0 1 0 0 1 0 0 1 0 0 1 0 0 1 0 0 1 0 0 1 0 0 1 0 0 1 0 0 1 0 0 1 0 0 1 0 0 1 0 0 1 0 0 1 0 0 1 0 0 1 0 0 1 0 0 1 0 0 1 0 0 1 0 0 1 0 0 1 0 0 1 0 0 1 0 0 1 0 0 1 0 0 1 0 0 1 0 0 1 0 0 1 0 0 1 0 0 1 0 0 1 0 0 1 0 0 1 0 0 1 0 0 1 0 0 1 0 0 1 0 0 1 0 0 1 0 0 1 0 0 1 0 0 1 0 0 1 0 0 1 0 0 1 0 0 1 0 0 1 0 0 1 0 0 1 0 0 1 0 0 1 0 0 1 0 0 1 0 0 1 0 0 1 0 0 1 0 0 1 0 0 1 0 0 1 0 0 1 0 0 1 0 0 1 0 0 1 0 0 1 0 0 1 0 0 1 0 0 1 0 0 1 0 0 1 0 0 -1 0 0 -1 0 0 -1 0 0 -1 0 0 -1 0 0 -1 0 0 -1 0 0 -1 0 0 -1 0 0 -1 0 0 -1 0 0 -1 0 0 -1 0 0 -1 0 0 -1 0 0 -1 0 0 -1 0 0 -1 0 0 -1 0 0 -1 0 0 -1 0 0 -1 0 0 -1 0 0 -1 0 0 -1 0 0 -1 0 0 -1 0 0 -1 0 0 -1 0 0 -1 0 0 -1 0 0 -1 0 0 -1 0 0 -1 0 0 -1 0 0 -1 0 0 -1 0 0 -1 0 0 -1 0 0 -1 0 0 -1 0 0 -1 0 0 -1 0 0 -1 0 0 -1 0 0 -1 0 0 -1 0 0 -1 0 0 -1 0 0 -1 0 0 -1 0 0 -1 0 0 -1 0 0 -1 0 0 -1 0 0 -1 0 0 -1 0 0 -1 0 0 -1 0 0 -1 0 0 -1 0 0 -1 0 0 -1 0 0 -1 0 0 -1 0 0 -1 0 0 -1 0 0 -1 0 0 -1 0 0 -1 0 0 -1 0 0 -1 0 0 -1 0 0 -1 0 0 -1 0 0 -1 0 0 -1 0 0 -1 0 0 -1 0 0 -1 0 0 -1 0 0 -1 0 0 -1 0 0 -1 0 0 -1 0 0 -1 0 0 -1 0 0 -1 0 0 -1 0 0 -1 0 0 -1 0 0 -1 0 0 -1 0 0 -1 0 0 -1 0 0 -1 0 0 -1 0 0 -1 0 0 -1 0 0 -1 0 0 -1 0 0 -1 0 0 -1 0 0 -1 0 0 -1 0 0 -1 0 0 -1 0 0 -1 0 0 -1 0 0 -1 0 0 -1 0 0 -1 0 0 -1 0 0 -1 0 0 -1 0 0 -1 0 0 -1 0 0 -1 0 0 -1 0 0 -1 0 0 -1 0 0 -1 0 0 -1 0 0 -1 0 0 -1 0 0 -1 0 0 -1 0 0 -1 0 0 -1 0 0 -1 0 0 -1 0 0 -1 0 0 -1 0 0 -1 0 0 -1 0 0 -1 0 0 -1 0 0 -1 0 0 -1 0 0 -1 0 0 -1 0 0 -1 0 0 -1 0 0 -1 0 0 -1 0 0 -1 0 0 -1 0 0 -1 0 0 -1 0 0 -1 0 0 -1 0 0 -1 0 0 -1 0 0 -1 0 0 -1 0 0 -1 0 0 -1 0 0 -1 0 0 -1 0 0 -1 0 0 -1 0 0 -1 0 0 -1 0 0 -1 0 0 -1 0 0 -1 0 0 -1 0 0 -1 0 0 -1 0 0 -1 0 0 -1 0 0 -1 0 0 -1 0 0 -1 0 0 -1 0 0 -1 0 0 -1 0 0 -1 0 0 -1 0 0 -1 0 0 -1 0 0 -1 0 0 -1 0 0 -1 0 0 -1 0 0 -1 0 0 -1 0 0 -1 0 0 -1 0 0 -1 0 0 -1 0 0 -1 0 0 -1 0 0 -1 0 0 -1 0 0 -1 0 0 -1 0 0 -1 0 0 -1 0 0 -1 0 0 -1 0 0 -1 0 0 -1 0 0 -1 0 0 -1 0 0 -1 0 0 -1 0 0 -1 0 0 -1 0 0 -1 0 0 -1 0 0 -1 0 0 -1 0 0 -1 0 0 -1 0 0 -1 0 0 -1 0 0 -1 0 0 -1 0 0 -1 0 0 -1 0 0 -1 0 0 -1 0 0 -1 0 0 -1 0 0 -1 0 0 -1 0 0 -1 0 0 -1 0 0 -1 0 0 -1 0 0 -1 0 0 -1 0 0 -1 0 0 -1 0 0 -1 0 0 -1 0 0 -1 0 0 -1 0 0 -1 0 0 -1 0 0 -1 0 0 -1 0 0 -1 0 0 -1 0 0 -1 0 0 -1 0 0 -1 0 0 -1 0 0 -1 0 0 -1 0 0 -1 0 0 -1 0 0 -1 0 0 -1 0 0 -1 0 0 -1 0 0 -1 0 0 -1 0 0 -1 0 0 -1 0 0 -1 0 0 -1 0 0 -1 0 0 -1 0 0 -1 0 0 -1 0 0 -1 0 0 -1 0 0 -1 0 0 -1 0 0 -1 0 0 -1 0 0 -1 0 0 -1 0 0 -1 0 0 -1 0 0 -1 0 0 -1 0 0 -1 0 0 -1 0 0 -1 0 0 -1 0 0 -1 0 0 -1 0 0 -1 0 0 -1 0 0 -1 0 0 -1 0 0 -1 0 0 -1 0 0 -1 0 0 -1 0 0 -1 0 0 -1 0 0 -1 0 0 -1 0 0 -1 0 0 -1 0 0 -1 0 0 -1 0 0 -1 0 0 -1 0 0 -1 0 0 -1 0 0 -1 0 0 -1 0 0 -1 0 0 -1 0 0 -1 0 0 -1 0 0 -1 0 0 -1 0 0 -1 0 0 -1 0 0 -1 0 0 -1 0 0 -1 0 0 -1 0 0 -1 0 0 -1 0 0 -1 0 0 -1 0 0 -1 0 0 -1 0 0 -1 0 0 -1 0 0 -1 0 0 -1 0 0 -1 0 0 -1 0 0 -1 0 0 -1 0 0 -1 0 0 -1 0 0 -1 0 0 -1 0 0 -1 0 0 -1 0 0 -1 0 0 -1 0 0 -1 0 0 -1 0 0 -1 0 0 -1 0 0 -1 0 0 -1 0 0 -1 0 0 -1 0 0 -1 0 0 -1 0 0 -1 0 0 -1 0 0 -1 0 0 -1 0 0 -1 0 0 -1 0 0 -1 0 0 -1 0 0 -1 0 0 -1 0 0 -1 0 0 -1 0 0 -1 0 0 -1 0 0 -1 0 0 -1 0 0 -1 0 0 -1 0 0 -1 0 0 -1 0 0 -1 0 0 -1 0 0 -1 0 0 -1 0 0 -1 0 0 -1 0 0 -1 0 0 -1 0 0 -1 0 0 -1 0 0 -1 0 0 -1 0 0 -1 0 0 -1 0 0 -1 0 0 -1 0 0 -1 0 0 -1 0 0 -1 0 0 -1 0 0 -1 0 0 -1 0 0 -1 0 0 -1 0 0 -1 0 0 -1 0 0 -1 0 0 -1 0 0 -1 0 0 -1 0 0 -1 0 0 -1 0 0 -1 0 0 -1 0 0 -1 0 0 -1 0 0 -1 0 0 -1 0 0 -1 0 0 -1 0 0 -1 0 0 -1 0 0 -1 0 0 -1 0 0 -1 0 0 -1 0 0 -1 0 0 -1 0 0 -1 0 0 -1 0 0 -1 0 0 -1 0 0 -1 0 0 -1 0 0 -1 0 0 -1 0 0 -1 0 0 -1 0 0 -1 0 0 -1 0 0 -1 0 0 -1 0 0 -1 0 0 -1 0 0 -1 0 0 -1 0 0 -1 0 0 -1 0 0 -1 0 0 -1 0 0 -1 0 0 -1 0 0 -1 0 0 -1 0 0 -1 0 0 -1 0 0 -1 0 0 -1 0 0 -1 0 0 -1 0 0 -1 0 0 -1 0 0 -1 0 0 -1 0 0 -1 0 0 -1 0 0 -1 0 0 -1 0 0 -1 0 0 -1 0 0 -1 0 0 -1 0 0 -1 0 0 -1 0 0 -1 0 0 -1 0 0 -1 0 0 -1 0 0 -1 0 0 -1 0 0 -1 0 0 -1 0 0 -1 0 0 -1 0 0 -1 0 0 -1 0 0 -1 0 0 -1 0 0 -1 0 0 -1 0 0 -1 0 0 -1 0 0 -1 0 0 -1 0 0 -1 0 0 -1 0 0 -1 0 0 -1 0 0 -1 0 0 -1 0 0 -1 0 0 -1 0 0 -1 0 0 -1 0 0 -1 0 0 -1 0 0 -1 0 0 -1 0 0 -1 0 0 -1 0 0 -1 0 0 -1 0 0 -1 0 0 -1 0 0 -1 0 0 -1 0 0 -1 0 0 -1 0 0 -1 0 0 -1 0 0 -1 0 0 -1 0 0 -1 0 0 -1 0 0 -1 0 0 -1 0 0 -1 0 0 -1 0 0 -1 0 0 -1 0 0 -1 0 0 -1 0 0 -1 0 0 -1 0 0 0 0 1 0 0 1 0 -0.2367275 0.971576 0 -0.3736659 0.9275634 0 -0.3736659 0.9275634 0 -0.5276031 0.849491 0 -0.5276031 0.849491 0 -0.2367275 0.971576 0 -0.08945339 0.9959909 0 -0.08945339 0.9959909 0 0.008875548 0.9999606 0 0.008875548 0.9999606 0 0.02321541 0.9997305 0 0.02321541 0.9997305 0 -0.9983447 0.05751401 0 -0.9999229 -0.0124166 0 -0.9999229 -0.0124166 0 -0.9996736 -0.02554529 0 -0.9996736 -0.02554529 0 -0.9983447 0.05751401 0 -0.9877478 0.1560583 0 -0.9877478 0.1560583 0 -0.9650469 0.2620773 0 -0.9650469 0.2620773 0 -0.910306 0.413936 0 -0.910306 0.413936 0 -0.7614699 0.6482003 0 -0.7614699 0.6482003 0 -1 0 0 -1 0 0 0 -1 0 0 -1 0 1 0 0 1 0 0 0.9940677 -0.1087625 0 0.9663336 -0.2572923 0 0.9663336 -0.2572923 0 0.8106387 -0.5855466 0 0.8106387 -0.5855466 0 0.9940677 -0.1087625 0 0.9995561 -0.02979296 0 0.9995561 -0.02979296 0 0.9999322 0.01164346 0 0.9999322 0.01164346 0 0.9998157 0.01919817 0 0.9998157 0.01919817 0 -0.1366157 -0.9906241 0 -0.2778349 -0.9606289 0 -0.2778349 -0.9606289 0 -0.1366157 -0.9906241 0 -0.02703398 -0.9996346 0 -0.02703398 -0.9996346 0 0.08799076 -0.9961214 0 0.08799076 -0.9961214 0 0.2404966 -0.97065 0 0.2404966 -0.97065 0 -0.9999968 -0.002524912 0 -0.9999968 -0.002524912 0 0 -1 0 0 -1 0 1 0 0 1 0 0 0.9974991 -0.07067817 0 0.9857567 -0.1681777 0 0.9857567 -0.1681777 0 0.9465442 -0.3225742 0 0.9465442 -0.3225742 0 0.9974991 -0.07067817 0 0.9999812 -0.006123244 0 0.9999812 -0.006123244 0 0.9995581 0.02972394 0 0.9995581 0.02972394 0 0.9996201 0.02755945 0 0.9996201 0.02755945 0 0.01960206 -0.9998079 0 0.01960206 -0.9998079 0 -1 0 0 -1 0 0 0 -1 0 0 -1 0 1 0 0 1 0 0 0 -1 0 0 -1 0 0.999948 -0.01020526 0 0.999948 -0.01020526 0 0.3162679 -0.9486699 0 0.3162679 -0.9486699 0 -0.1732725 -0.984874 0 -0.3377912 -0.941221 0 -0.3377912 -0.941221 0 -0.1732725 -0.984874 0 -0.0490756 -0.9987952 0 -0.0490756 -0.9987952 0 0.07822012 -0.9969361 0 0.07822012 -0.9969361 0 0.2411708 -0.9704826 0 0.2411708 -0.9704826 0 -1 0 0 -1 0 0 0 1 0 0 1 0 -1 0 0 -1 0 0 0 -1 0 0 -1 0 -0.9999795 0.006409406 0 -0.9999795 0.006409406 0 -0.8320766 0.5546607 0 -0.8320766 0.5546607 0 0.1712141 0.9852338 0 0.3504695 0.9365741 0 0.3504695 0.9365741 0 0.1712141 0.9852338 0 0.05491691 0.9984909 0 0.05491691 0.9984909 0 -0.02349483 0.999724 0 -0.02349483 0.999724 0 -0.03889203 0.9992434 0 -0.03889203 0.9992434 0 1 0 0 1 0 0 0 1 0 0 1 0 -0.9773259 -0.2117404 0 -0.9357047 -0.3527844 0 -0.9357047 -0.3527844 0 -0.7919107 -0.6106369 0 -0.7919107 -0.6106369 0 -0.9773259 -0.2117404 0 -0.9923402 -0.1235353 0 -0.9923402 -0.1235353 0 -0.9989414 -0.04600113 0 -0.9989414 -0.04600113 0 -0.9999415 0.01081776 0 -0.9999415 0.01081776 0 -0.9996034 0.02815979 0 -0.9996034 0.02815979 0 -0.03244817 -0.9994735 0 0.01448899 -0.999895 0 0.01448899 -0.999895 0 0.08362972 -0.9964969 0 0.08362972 -0.9964969 0 0.179665 -0.9837279 0 0.179665 -0.9837279 0 -0.03244817 -0.9994735 0 -0.07544112 -0.9971503 0 -0.07544112 -0.9971503 0 -0.1339321 -0.9909905 0 -0.1339321 -0.9909905 0 -0.2453765 -0.9694278 0 -0.2453765 -0.9694278 0 -0.4583373 -0.8887784 0 -0.4583373 -0.8887784 0 0.6911143 -0.7227455 0 0.8277439 -0.561106 0 0.8277439 -0.561106 0 0.6911143 -0.7227455 0 0.5500885 -0.8351064 0 0.5500885 -0.8351064 0 0.3640121 -0.9313942 0 0.3640121 -0.9313942 0 0.9999727 -0.007400453 0 0.9991895 0.04025346 0 0.9991895 0.04025346 0 0.9993824 0.03513765 0 0.9993824 0.03513765 0 0.9999727 -0.007400453 0 0.9958695 -0.09079587 0 0.9958695 -0.09079587 0 0.9824277 -0.1866434 0 0.9824277 -0.1866434 0 0.943884 -0.3302774 0 0.943884 -0.3302774 0 1 0 0 1 0 0 0.9891378 0.1469912 0 0.9610986 0.2762055 0 0.9610986 0.2762055 0 0.876809 0.4808388 0 0.876809 0.4808388 0 0.9891378 0.1469912 0 0.9993101 0.03713726 0 0.9993101 0.03713726 0 0.9993138 -0.03703707 0 0.9993138 -0.03703707 0 0.9992887 -0.03771239 0 0.9992887 -0.03771239 0 -0.03200948 0.9994876 0 -0.104321 0.9945437 0 -0.104321 0.9945437 0 -0.1759483 0.9843994 0 -0.1759483 0.9843994 0 -0.269423 0.9630219 0 -0.269423 0.9630219 0 -0.3919925 0.9199684 0 -0.3919925 0.9199684 0 -0.6003548 0.7997338 0 -0.6003548 0.7997338 0 -0.03200948 0.9994876 0 0.04834586 0.9988307 0 0.04834586 0.9988307 0 0.1215056 0.9925908 0 0.1215056 0.9925908 0 0.1947084 0.9808612 0 0.1947084 0.9808612 0 0.2912231 0.9566552 0 0.2912231 0.9566552 0 0.4191269 0.9079276 0 0.4191269 0.9079276 0 0.6373959 0.7705366 0 0.6373959 0.7705366 0 -0.9993448 0.03619498 0 -0.9998375 -0.01802426 0 -0.9998375 -0.01802426 0 -0.9995257 -0.03079569 0 -0.9995257 -0.03079569 0 -0.9993448 0.03619498 0 -0.993376 0.1149098 0 -0.993376 0.1149098 0 -0.9800683 0.1986608 0 -0.9800683 0.1986608 0 -0.9485954 0.3164914 0 -0.9485954 0.3164914 0 -0.855584 0.517664 0 -0.855584 0.517664 0 0 1 0 0 1 0 -0.9999968 0.002532064 0 -0.9999968 0.002532064 0 -0.8320766 0.5546607 0 -0.8320766 0.5546607 0 0.1712187 0.9852331 0 0.3504624 0.9365769 0 0.3504624 0.9365769 0 0.1712187 0.9852331 0 0.05491691 0.9984909 0 0.05491691 0.9984909 0 -0.02349436 0.999724 0 -0.02349436 0.999724 0 -0.03889328 0.9992433 0 -0.03889328 0.9992433 0 1 0 0 1 0 0 0 1 0 0 1 0 -0.9772908 -0.2119029 0 -0.9356165 -0.353018 0 -0.9356165 -0.353018 0 -0.7916459 -0.6109802 0 -0.7916459 -0.6109802 0 -0.9772908 -0.2119029 0 -0.9923493 -0.1234626 0 -0.9923493 -0.1234626 0 -0.9989524 -0.04576325 0 -0.9989524 -0.04576325 0 -0.9999393 0.01101833 0 -0.9999393 0.01101833 0 -0.9996124 0.02784055 0 -0.9996124 0.02784055 0 -0.03300088 -0.9994553 0 0.01420545 -0.9998992 0 0.01420545 -0.9998992 0 0.08425492 -0.9964442 0 0.08425492 -0.9964442 0 0.1821361 -0.9832733 0 0.1821361 -0.9832733 0 -0.03300088 -0.9994553 0 -0.07593804 -0.9971125 0 -0.07593804 -0.9971125 0 -0.1340765 -0.990971 0 -0.1340765 -0.990971 0 -0.2447506 -0.9695861 0 -0.2447506 -0.9695861 0 -0.4574298 -0.8892457 0 -0.4574298 -0.8892457 0 0.6912231 -0.7226414 0 0.8263912 -0.5630965 0 0.8263912 -0.5630965 0 0.6912231 -0.7226414 0 0.5504122 -0.8348931 0 0.5504122 -0.8348931 0 0.365494 -0.9308137 0 0.365494 -0.9308137 0 0.9999817 -0.006055414 0 0.9996332 0.02708309 0 0.9996332 0.02708309 0 0.9996571 0.0261839 0 0.9996571 0.0261839 0 0.9999817 -0.006055414 0 0.9977544 -0.06697928 0 0.9977544 -0.06697928 0 0.9862854 -0.1650487 0 0.9862854 -0.1650487 0 0.9412445 -0.3377259 0 0.9412445 -0.3377259 0 1 0 0 1 0 0 0 1 0 0 1 0 1 0 0 1 0 0 0.990603 -0.1367688 0 0.9586293 -0.2846577 0 0.9586293 -0.2846577 0 0.990603 -0.1367688 0 0.9993019 -0.03736096 0 0.9993019 -0.03736096 0 0.9996291 0.02723193 0 0.9996291 0.02723193 0 -0.1522256 -0.9883458 0 -0.3433237 -0.9392172 0 -0.3433237 -0.9392172 0 -0.1522256 -0.9883458 0 -0.05078351 -0.9987097 0 -0.05078351 -0.9987097 0 0.03220802 -0.9994812 0 0.03220802 -0.9994812 0 0.1277588 -0.9918053 0 0.1277588 -0.9918053 0 -1 0 0 -1 0 0 0 -1 0 0 -1 0 1 0 0 1 0 0 0 -1 0 0 -1 0 -1 0 0 -1 0 0 0 -1 0 0 -1 0 1 0 0 1 0 0 0.964989 0.2622907 0 0.9101259 0.4143317 0 0.9101259 0.4143317 0 0.76029 0.6495839 0 0.76029 0.6495839 0 0.964989 0.2622907 0 0.9877584 0.1559917 0 0.9877584 0.1559917 0 0.9983434 0.057536 0 0.9983434 0.057536 0 0.9999238 -0.0123437 0 0.9999238 -0.0123437 0 0.9996744 -0.02551525 0 0.9996744 -0.02551525 0 0.02974897 0.9995574 0 -0.01604843 0.9998713 0 -0.01604843 0.9998713 0 -0.08061486 0.9967454 0 -0.08061486 0.9967454 0 -0.1667531 0.9859987 0 -0.1667531 0.9859987 0 0.02974897 0.9995574 0 0.07343983 0.9972997 0 0.07343983 0.9972997 0 0.13445 0.9909204 0 0.13445 0.9909204 0 0.2506446 0.9680792 0 0.2506446 0.9680792 0 0.4650288 0.8852956 0 0.4650288 0.8852956 0 -0.9937967 0.1112122 0 -0.9995567 0.02976918 0 -0.9995567 0.02976918 0 -0.9994581 -0.03291666 0 -0.9994581 -0.03291666 0 -0.9995468 -0.03010535 0 -0.9995468 -0.03010535 0 -0.9937967 0.1112122 0 -0.974113 0.2260618 0 -0.974113 0.2260618 0 -0.9268002 0.3755547 0 -0.9268002 0.3755547 0 -0.8341974 0.551466 0 -0.8341974 0.551466 0 -0.6521652 0.7580769 0 -0.6521652 0.7580769 0 -0.3679829 0.9298325 0 -0.3679829 0.9298325 0 -1 0 0 -1 0 0 0 -1 0 0 -1 0 0.999948 -0.01020526 0 0.999948 -0.01020526 0 0.3162412 -0.9486789 0 0.3162412 -0.9486789 0 -0.1732754 -0.9848734 0 -0.3377834 -0.9412239 0 -0.3377834 -0.9412239 0 -0.1732754 -0.9848734 0 -0.04907488 -0.9987952 0 -0.04907488 -0.9987952 0 0.07822138 -0.996936 0 0.07822138 -0.996936 0 0.2411757 -0.9704814 0 0.2411757 -0.9704814 0 -1 0 0 -1 0 0 0 1 0 0 1 0 -1 0 0 -1 0 0 0 -1 0 0 -1 0 -0.9999795 0.006409406 0 -0.9999795 0.006409406 0 -0.8320586 0.5546878 0 -0.8320586 0.5546878 0 0.1712187 0.9852331 0 0.3504624 0.9365769 0 0.3504624 0.9365769 0 0.1712187 0.9852331 0 0.05491691 0.9984909 0 0.05491691 0.9984909 0 -0.02349436 0.999724 0 -0.02349436 0.999724 0 -0.03889244 0.9992434 0 -0.03889244 0.9992434 0 1 0 0 1 0 0 0 1 0 0 1 0 -0.9773259 -0.2117404 0 -0.935698 -0.352802 0 -0.935698 -0.352802 0 -0.7919107 -0.6106369 0 -0.7919107 -0.6106369 0 -0.9773259 -0.2117404 0 -0.9923374 -0.1235576 0 -0.9923374 -0.1235576 0 -0.9989418 -0.04599153 0 -0.9989418 -0.04599153 0 -0.9999414 0.01082772 0 -0.9999414 0.01082772 0 -0.9996037 0.02815109 0 -0.9996037 0.02815109 0 -0.03244793 -0.9994735 0 0.01448881 -0.999895 0 0.01448881 -0.999895 0 0.08363157 -0.9964967 0 0.08363157 -0.9964967 0 0.1796596 -0.9837289 0 0.1796596 -0.9837289 0 -0.03244793 -0.9994735 0 -0.07544165 -0.9971502 0 -0.07544165 -0.9971502 0 -0.1339321 -0.9909905 0 -0.1339321 -0.9909905 0 -0.2453696 -0.9694296 0 -0.2453696 -0.9694296 0 -0.4583961 -0.888748 0 -0.4583961 -0.888748 0 0.6910923 -0.7227665 0 0.8277439 -0.561106 0 0.8277439 -0.561106 0 0.6910923 -0.7227665 0 0.5500885 -0.8351064 0 0.5500885 -0.8351064 0 0.3640279 -0.9313881 0 0.3640279 -0.9313881 0 0.9999727 -0.007400453 0 0.9991895 0.04025346 0 0.9991895 0.04025346 0 0.999382 0.03515082 0 0.999382 0.03515082 0 0.9999727 -0.007400453 0 0.9958669 -0.09082442 0 0.9958669 -0.09082442 0 0.9824235 -0.1866656 0 0.9824235 -0.1866656 0 0.9439107 -0.3302009 0 0.9439107 -0.3302009 0 1 0 0 1 0 0 0.9891443 0.1469476 0 0.9610942 0.2762209 0 0.9610942 0.2762209 0 0.8767924 0.480869 0 0.8767924 0.480869 0 0.9891443 0.1469476 0 0.9993097 0.03715032 0 0.9993097 0.03715032 0 0.9993137 -0.03704196 0 0.9993137 -0.03704196 0 0.9992887 -0.03771239 0 0.9992887 -0.03771239 0 -0.03200912 0.9994876 0 -0.1043246 0.9945433 0 -0.1043246 0.9945433 0 -0.1759483 0.9843994 0 -0.1759483 0.9843994 0 -0.26941 0.9630256 0 -0.26941 0.9630256 0 -0.3919925 0.9199684 0 -0.3919925 0.9199684 0 -0.6003949 0.7997036 0 -0.6003949 0.7997036 0 -0.03200912 0.9994876 0 0.0483461 0.9988307 0 0.0483461 0.9988307 0 0.1215056 0.9925908 0 0.1215056 0.9925908 0 0.1947084 0.9808612 0 0.1947084 0.9808612 0 0.2912302 0.956653 0 0.2912302 0.956653 0 0.4191147 0.9079332 0 0.4191147 0.9079332 0 0.6374172 0.7705188 0 0.6374172 0.7705188 0 -0.9993444 0.03620433 0 -0.9998375 -0.01803117 0 -0.9998375 -0.01803117 0 -0.9995256 -0.03080016 0 -0.9995256 -0.03080016 0 -0.9993444 0.03620433 0 -0.9933785 0.1148879 0 -0.9933785 0.1148879 0 -0.9800614 0.1986954 0 -0.9800614 0.1986954 0 -0.9485889 0.3165111 0 -0.9485889 0.3165111 0 -0.855584 0.517664 0 -0.855584 0.517664 0 -1 0 0 -1 0 0 0.357694 0.9338389 0 0.5665249 0.8240447 0 0.5665249 0.8240447 0 0.7540884 0.656773 0 0.7540884 0.656773 0 0.357694 0.9338389 0 0.1784462 0.9839497 0 0.1784462 0.9839497 0 0.05992847 0.9982027 0 0.05992847 0.9982027 0 -0.01445221 0.9998956 0 -0.01445221 0.9998956 0 0.9999971 -0.002411425 0 0.999659 -0.02611154 0 0.999659 -0.02611154 0 0.9978485 -0.06556165 0 0.9978485 -0.06556165 0 0.9909175 -0.1344708 0 0.9909175 -0.1344708 0 0.9999971 -0.002411425 0 0.9997264 0.02339279 0 0.9997264 0.02339279 0 0.9980704 0.0620923 0 0.9980704 0.0620923 0 0.9913092 0.1315534 0 0.9913092 0.1315534 0 0.9583165 0.2857088 0 0.9583165 0.2857088 0 0.8910294 0.4539456 0 0.8910294 0.4539456 0 0.3162412 -0.9486789 0 0.3162412 -0.9486789 0 0.02040177 -0.9997918 0 0.02040177 -0.9997918 0 -0.2167056 0.9762371 0 -0.3505446 0.9365461 0 -0.3505446 0.9365461 0 -0.5847783 0.8111932 0 -0.5847783 0.8111932 0 -0.2167056 0.9762371 0 -0.1264462 0.9919734 0 -0.1264462 0.9919734 0 -0.044339 0.9990166 0 -0.044339 0.9990166 0 0.01307618 0.9999145 0 0.01307618 0.9999145 0 0.02866744 0.999589 0 0.02866744 0.999589 0 -0.9996041 0.02813804 0 -0.999778 -0.02107125 0 -0.999778 -0.02107125 0 -0.9996427 -0.02673125 0 -0.9996427 -0.02673125 0 -0.9996041 0.02813804 0 -0.9948344 0.1015109 0 -0.9948344 0.1015109 0 -0.9833413 0.1817688 0 -0.9833413 0.1817688 0 -0.9542318 0.299068 0 -0.9542318 0.299068 0 -0.8617751 0.5072907 0 -0.8617751 0.5072907 0 -0.9911035 -0.1330938 0 -0.9605001 -0.2782797 0 -0.9605001 -0.2782797 0 -0.9911035 -0.1330938 0 -0.9994516 -0.03311395 0 -0.9994516 -0.03311395 0 -0.9994839 0.0321235 0 -0.9994839 0.0321235 0 -0.9995647 0.029504 0 -0.9995647 0.029504 0 -0.4963518 -0.8681215 0 -0.6165272 -0.7873336 0 -0.6165272 -0.7873336 0 -0.4963518 -0.8681215 0 -0.5643584 -0.8255299 0 -0.5643584 -0.8255299 0 -0.7079063 -0.7063064 0 -0.7079063 -0.7063064 0 -0.8496199 -0.5273955 0 -0.8496199 -0.5273955 0 0 1 0 0 1 0 -0.7414732 0.6709825 0 -0.8596572 0.5108714 0 -0.8596572 0.5108714 0 -0.7414732 0.6709825 0 -0.6067465 0.7948954 0 -0.6067465 0.7948954 0 -0.4891622 0.8721929 0 -0.4891622 0.8721929 0 -0.4890658 0.8722469 0 -0.4890658 0.8722469 0 -0.998966 -0.04546248 0 -0.9993165 -0.03696632 0 -0.9993165 -0.03696632 0 -0.998966 -0.04546248 0 -0.9998449 0.0176115 0 -0.9998449 0.0176115 0 -0.9929702 0.1183641 0 -0.9929702 0.1183641 0 -0.9626942 0.2705917 0 -0.9626942 0.2705917 0 -1 0 0 -1 0 0 0 -1 0 0 -1 0 1 0 0 1 0 0 0.9859215 -0.1672083 0 0.9283642 -0.3716717 0 0.9283642 -0.3716717 0 0.9859215 -0.1672083 0 0.9991749 -0.04061335 0 0.9991749 -0.04061335 0 0.9993122 0.03708446 0 0.9993122 0.03708446 0 0.999343 0.03624469 0 0.999343 0.03624469 0 0.1767409 -0.9842574 0 0.05841463 -0.9982924 0 0.05841463 -0.9982924 0 -0.01262474 -0.9999203 0 -0.01262474 -0.9999203 0 0.1767409 -0.9842574 0 0.3572699 -0.9340012 0 0.3572699 -0.9340012 0 0.5667333 -0.8239013 0 0.5667333 -0.8239013 0 0.7528665 -0.6581733 0 0.7528665 -0.6581733 0 -1 0 0 -1 0 0 0 -1 0 0 -1 0 1 0 0 1 0 0 0 1 0 0 1 0 -0.2367326 0.9715748 0 -0.3736659 0.9275634 0 -0.3736659 0.9275634 0 -0.5276031 0.849491 0 -0.5276031 0.849491 0 -0.2367326 0.9715748 0 -0.08945471 0.9959908 0 -0.08945471 0.9959908 0 0.008875429 0.9999606 0 0.008875429 0.9999606 0 0.02321511 0.9997305 0 0.02321511 0.9997305 0 -0.9983447 0.05751401 0 -0.9999231 -0.01240193 0 -0.9999231 -0.01240193 0 -0.999673 -0.02557355 0 -0.999673 -0.02557355 0 -0.9983447 0.05751401 0 -0.9877511 0.1560377 0 -0.9877511 0.1560377 0 -0.9650443 0.2620868 0 -0.9650443 0.2620868 0 -0.9102829 0.4139869 0 -0.9102829 0.4139869 0 -0.7614699 0.6482003 0 -0.7614699 0.6482003 0 -1 0 0 -1 0 0 0 -1 0 0 -1 0 1 0 0 1 0 0 0.9940708 -0.1087352 0 0.9663181 -0.2573508 0 0.9663181 -0.2573508 0 0.8107073 -0.5854516 0 0.8107073 -0.5854516 0 0.9940708 -0.1087352 0 0.9995563 -0.02978771 0 0.9995563 -0.02978771 0 0.9999325 0.01161915 0 0.9999325 0.01161915 0 0.9998149 0.01923668 0 0.9998149 0.01923668 0 -0.136601 -0.9906261 0 -0.2778824 -0.9606152 0 -0.2778824 -0.9606152 0 -0.136601 -0.9906261 0 -0.02703446 -0.9996346 0 -0.02703446 -0.9996346 0 0.08798795 -0.9961215 0 0.08798795 -0.9961215 0 0.2404916 -0.9706512 0 0.2404916 -0.9706512 0 -0.9999968 -0.002524912 0 -0.9999968 -0.002524912 0 0 -1 0 0 -1 0 1 0 0 1 0 0 0.9974984 -0.07068955 0 0.985758 -0.1681704 0 0.985758 -0.1681704 0 0.9465255 -0.3226293 0 0.9465255 -0.3226293 0 0.9974984 -0.07068955 0 0.9999814 -0.006111502 0 0.9999814 -0.006111502 0 0.9995582 0.02972191 0 0.9995582 0.02972191 0 0.9996205 0.02754867 0 0.9996205 0.02754867 0 0.01960211 -0.9998078 0 0.01960211 -0.9998078 0 -1 0 0 -1 0 0 0 -1 0 0 -1 0 1 0 0 1 0 0 0 -1 0 0 -1 0 0.999948 -0.01020234 0 0.999948 -0.01020234 0 0.3162412 -0.9486789 0 0.3162412 -0.9486789 0 -0.1732667 -0.9848749 0 -0.3377991 -0.9412182 0 -0.3377991 -0.9412182 0 -0.1732667 -0.9848749 0 -0.04907417 -0.9987952 0 -0.04907417 -0.9987952 0 0.07822871 -0.9969354 0 0.07822871 -0.9969354 0 0.241166 -0.9704839 0 0.241166 -0.9704839 0 -1 0 0 -1 0 0 0 1 0 0 1 0 -1 0 0 -1 0 0 0 -1 0 0 -1 0 -0.9999795 0.006409406 0 -0.9999795 0.006409406 0 -0.8320405 0.5547149 0 -0.8320405 0.5547149 0 0.1712233 0.9852322 0 0.3504695 0.9365741 0 0.3504695 0.9365741 0 0.1712233 0.9852322 0 0.05491816 0.9984908 0 0.05491816 0.9984908 0 -0.02349412 0.999724 0 -0.02349412 0.999724 0 -0.03889286 0.9992434 0 -0.03889286 0.9992434 0 1 0 0 1 0 0 0 1 0 0 1 0 -0.9773359 -0.2116947 0 -0.9356913 -0.3528196 0 -0.9356913 -0.3528196 0 -0.791924 -0.6106197 0 -0.791924 -0.6106197 0 -0.9773359 -0.2116947 0 -0.9923374 -0.1235576 0 -0.9923374 -0.1235576 0 -0.9989427 -0.04597234 0 -0.9989427 -0.04597234 0 -0.9999416 0.01081115 0 -0.9999416 0.01081115 0 -0.9996039 0.02814239 0 -0.9996039 0.02814239 0 -0.03244858 -0.9994735 0 0.01448893 -0.999895 0 0.01448893 -0.999895 0 0.08363068 -0.9964968 0 0.08363068 -0.9964968 0 0.1796541 -0.9837298 0 0.1796541 -0.9837298 0 -0.03244858 -0.9994735 0 -0.07544112 -0.9971503 0 -0.07544112 -0.9971503 0 -0.133931 -0.9909907 0 -0.133931 -0.9909907 0 -0.2453559 -0.9694331 0 -0.2453559 -0.9694331 0 -0.4584354 -0.8887278 0 -0.4584354 -0.8887278 0 0.6910814 -0.722777 0 0.8277896 -0.5610385 0 0.8277896 -0.5610385 0 0.6910814 -0.722777 0 0.5500785 -0.8351129 0 0.5500785 -0.8351129 0 0.3640357 -0.931385 0 0.3640357 -0.931385 0 0.9999728 -0.007388293 0 0.9991899 0.04024302 0 0.9991899 0.04024302 0 0.9993827 0.03513103 0 0.9993827 0.03513103 0 0.9999728 -0.007388293 0 0.9958617 -0.09088152 0 0.9958617 -0.09088152 0 0.9824446 -0.1865547 0 0.9824446 -0.1865547 0 0.9438749 -0.3303028 0 0.9438749 -0.3303028 0 1 0 0 1 0 0 0.9891464 0.146933 0 0.9611074 0.2761749 0 0.9611074 0.2761749 0 0.8767924 0.480869 0 0.8767924 0.480869 0 0.9891464 0.146933 0 0.9993084 0.03718298 0 0.9993084 0.03718298 0 0.9993134 -0.03705179 0 0.9993134 -0.03705179 0 0.9992895 -0.03768974 0 0.9992895 -0.03768974 0 -0.03200966 0.9994876 0 -0.104321 0.9945437 0 -0.104321 0.9945437 0 -0.1759483 0.9843994 0 -0.1759483 0.9843994 0 -0.2694165 0.9630237 0 -0.2694165 0.9630237 0 -0.3919812 0.9199733 0 -0.3919812 0.9199733 0 -0.6004351 0.7996734 0 -0.6004351 0.7996734 0 -0.03200966 0.9994876 0 0.04834562 0.9988307 0 0.04834562 0.9988307 0 0.1215027 0.992591 0 0.1215027 0.992591 0 0.1947084 0.9808612 0 0.1947084 0.9808612 0 0.2912444 0.9566487 0 0.2912444 0.9566487 0 0.419078 0.9079502 0 0.419078 0.9079502 0 0.6374813 0.7704659 0 0.6374813 0.7704659 0 -0.9993439 0.0362184 0 -0.9998377 -0.01801735 0 -0.9998377 -0.01801735 0 -0.9995253 -0.0308091 0 -0.9995253 -0.0308091 0 -0.9993439 0.0362184 0 -0.9933874 0.1148114 0 -0.9933874 0.1148114 0 -0.9800438 0.1987817 0 -0.9800438 0.1987817 0 -0.9485889 0.3165111 0 -0.9485889 0.3165111 0 -0.8555967 0.5176431 0 -0.8555967 0.5176431 0 -0.02438372 0.9997028 0 -0.02438372 0.9997028 0 -1 0 0 -1 0 0 0.04993909 0.9987523 0 0.04993909 0.9987523 0 0.9543083 0.2988236 0 0.9543083 0.2988236 0 -0.1604387 0.9870458 0 -0.3051835 0.9522936 0 -0.3051835 0.9522936 0 -0.5040439 0.863678 0 -0.5040439 0.863678 0 -0.1604387 0.9870458 0 -0.04809999 0.9988425 0 -0.04809999 0.9988425 0 0.04802918 0.9988459 0 0.04802918 0.9988459 0 0.1614488 0.9868811 0 0.1614488 0.9868811 0 -0.954557 -0.2980286 0 -0.954557 -0.2980286 0 -0.9529836 0.3030219 0 -0.9529836 0.3030219 0 0 -1 0 0 -1 0 0.9537988 -0.300446 0 0.9537988 -0.300446 0 0 -1 0 0 -1 0 -1 0 0 -1 0 0 0 -1 0 0 -1 0 1 0 0 1 0 -1 0 0 -1 0 0 -1 0 0 -1 0 0 -1 0 0 -1 0 0 -1 0 0 -1 0 0 -1 0 0 -1 0 0 -1 0 0 -1 0 0 -1 0 0 -1 0 0 -1 0 0 -1 0 0 -1 0 0 -1 0 0 -1 0 0 -1 0 0 -1 0 0 -1 0 0 -1 0 0 -1 0 0 -1 0 0 -1 0 0 -1 0 0 -1 0 0 -1 0 0 -1 0 0 -1 0 0 -1 0 0 -1 0 0 -1 0 0 -1 0 0 -1 0 0 -1 0 0 -1 0 0 -1 0 0 -1 0 0 -1 0 0 -1 0 0 -1 0 0 -1 0 0 -1 0 0 -1 0 0 -1 0 0 -1 0 0 -1 0 0 -1 0 0 -1 0 0 -1 0 0 -1 0 0 -1 0 0 -1 0 0 -1 0 0 -1 0 0 -1 0 0 -1 0 0 -1 0 0 -1 0 0 -1 0 0 -1 0 0 -1 0 0 -1 0 0 -1 0 0 -1 0 0 -1 0 0 -1 0 0 -1 0 0 -1 0 0 -1 0 0 -1 0 0 -1 0 0 -1 0 0 -1 0 0 -1 0 0 -1 0 0 -1 0 0 -1 0 0 -1 0 0 -1 0 0 -1 0 0 -1 0 0 -1 0 0 -1 0 0 -1 0 0 -1 0 0 -1 0 0 -1 0 0 -1 0 0 -1 0 0 -1 0 0 -1 0 0 -1 0 0 -1 0 0 -1 0 0 -1 0 0 -1 0 0 -1 0 0 -1 0 0 -1 0 0 -1 0 0 -1 0 0 -1 0 0 -1 0 0 -1 0 0 -1 0 0 -1 0 0 -1 0 0 -1 0 0 -1 0 0 -1 0 0 -1 0 0 -1 0 0 -1 0 0 -1 0 0 -1 0 0 -1 0 0 -1 0 0 -1 0 0 -1 0 0 -1 0 0 -1 0 0 -1 0 0 -1 0 0 -1 0 0 -1 0 0 -1 0 0 -1 0 0 -1 0 0 -1 0 0 -1 0 0 -1 0 0 -1 0 0 -1 0 0 -1 0 0 -1 0 0 -1 0 0 -1 0 0 -1 0 0 -1 0 0 -1 0 0 -1 0 0 -1 0 0 -1 0 0 -1 0 0 -1 0 0 -1 0 0 -1 0 0 -1 0 0 -1 0 0 -1 0 0 -1 0 0 -1 0 0 -1 0 0 -1 0 0 -1 0 0 -1 0 0 -1 0 0 -1 0 0 -1 0 0 -1 0 0 -1 0 0 -1 0 0 -1 0 0 -1 0 0 -1 0 0 -1 0 0 -1 0 0 -1 0 0 -1 0 0 -1 0 0 -1 0 0 -1 0 0 -1 0 0 -1 0 0 -1 0 0 -1 0 0 -1 0 0 -1 0 0 -1 0 0 -1 0 0 -1 0 0 -1 0 0 -1 0 0 -1 0 0 -1 0 0 -1 0 0 -1 0 0 -1 0 0 -1 0 0 -1 0 0 -1 0 0 -1 0 0 -1 0 0 -1 0 0 -1 0 0 -1 0 0 -1 0 0 -1 0 0 -1 0 0 -1 0 0 -1 0 0 -1 0 0 -1 0 0 -1 0 0 -1 0 0 -1 0 0 -1 0 0 -1 0 0 -1 0 0 -1 0 0 -1 0 0 -1 0 0 -1 0 0 -1 0 0 -1 0 0 -1 0 0 -1 0 0 -1 0 0 -1 0 0 -1 0 0 -1 0 0 -1 0 0 -1 0 0 -1 0 0 -1 0 0 -1 0 0 -1 0 0 -1 0 0 -1 0 0 -1 0 0 -1 0 0 -1 0 0 -1 0 0 -1 0 0 -1 0 0 -1 0 0 -1 0 0 -1 0 0 -1 0 0 -1 0 0 -1 0 0 -1 0 0 -1 0 0 -1 0 0 -1 0 0 -1 0 0 -1 0 0 -1 0 0 -1 0 0 -1 0 0 -1 0 0 -1 0 0 -1 0 0 -1 0 0 -1 0 0 -1 0 0 -1 0 0 -1 0 0 -1 0 0 -1 0 0 -1 0 0 -1 0 0 -1 0 0 -1 0 0 -1 0 0 -1 0 0 -1 0 0 -1 0 0 -1 0 0 -1 0 0 -1 0 0 -1 0 0 -1 0 0 -1 0 0 -1 0 0 -1 0 0 -1 0 0 -1 0 0 -1 0 0 -1 0 0 -1 0 0 -1 0 0 -1 0 0 -1 0 0 -1 0 0 -1 0 0 -1 0 0 -1 0 0 -1 0 0 -1 0 0 -1 0 0 -1 0 0 -1 0 0 -1 0 0 -1 0 0 -1 0 0 -1 0 0 -1 0 0 -1 0 0 -1 0 0 -1 0 0 -1 0 0 -1 0 0 -1 0 0 -1 0 0 -1 0 0 -1 0 0 -1 0 0 -1 0 0 -1 0 0 -1 0 0 -1 0 0 -1 0 0 -1 0 0 -1 0 0 -1 0 0 -1 0 0 -1 0 0 -1 0 0 -1 0 0 -1 0 0 -1 0 0 -1 0 0 -1 0 0 -1 0 0 -1 0 0 -1 0 0 -1 0 0 -1 0 0 -1 0 0 -1 0 0 -1 0 0 -1 0 0 -1 0 0 -1 0 0 -1 0 0 -1 0 0 -1 0 0 -1 0 0 -1 0 0 -1 0 0 -1 0 0 -1 0 0 -1 0 0 -1 0 0 -1 0 0 -1 0 0 -1 0 0 -1 0 0 -1 0 0 -1 0 0 -1 0 0 -1 0 0 -1 0 0 -1 0 0 -1 0 0 -1 0 0 -1 0 0 -1 0 0 -1 0 0 -1 0 0 -1 0 0 -1 0 0 -1 0 0 -1 0 0 -1 0 0 -1 0 0 -1 0 0 -1 0 0 -1 0 0 -1 0 0 -1 0 0 -1 0 0 -1 0 0 -1 0 0 -1 0 0 -1 0 0 -1 0 0 -1 0 0 -1 0 0 -1 0 0 -1 0 0 -1 0 0 -1 0 0 -1 0 0 -1 0 0 -1 0 0 -1 0 0 -1 0 0 -1 0 0 -1 0 0 -1 0 0 -1 0 0 -1 0 0 -1 0 0 -1 0 0 -1 0 0 -1 0 0 -1 0 0 -1 0 0 -1 0 0 -1 0 0 -1 0 0 -1 0 0 -1 0 0 -1 0 0 -1 0 0 -1 0 0 -1 0 0 -1 0 0 -1 0 0 -1 0 0 -1 0 0 -1 0 0 -1 0 0 -1 0 0 -1 0 0 -1 0 0 -1 0 0 -1 0 0 -1 0 0 -1 0 0 -1 0 0 -1 0 0 -1 0 0 -1 0 0 -1 0 0 -1 0 0 -1 0 0 -1 0 0 -1 0 0 -1 0 0 -1 0 0 -1 0 0 -1 0 0 -1 0 0 -1 0 0 -1 0 0 -1 0 0 -1 0 0 -1 0 0 -1 0 0 -1 0 0 -1 0 0 -1 0 0 -1 0 0 -1 0 0 -1 0 0 1 0 0 1 0 0 1 0 0 1 0 0 1 0 0 1 0 0 1 0 0 1 0 0 1 0 0 1 0 0 1 0 0 1 0 0 1 0 0 1 0 0 1 0 0 1 0 0 1 0 0 1 0 0 1 0 0 1 0 0 1 0 0 1 0 0 1 0 0 1 0 0 1 0 0 1 0 0 1 0 0 1 0 0 1 0 0 1 0 0 1 0 0 1 0 0 1 0 0 1 0 0 1 0 0 1 0 0 1 0 0 1 0 0 1 0 0 1 0 0 1 0 0 1 0 0 1 0 0 1 0 0 1 0 0 1 0 0 0 0.1490416 0.9888309 0 0.2947605 0.9555712 0 0.2947605 0.9555712 0 0.4338799 0.9009708 0 0.4338799 0.9009708 0 0.5633236 0.8262364 0 0.5633236 0.8262364 0 0.6801694 0.733055 0 0.6801694 0.733055 0 0.7818343 0.6234863 0 0.7818343 0.6234863 0 0.866019 0.5000113 0 0.866019 0.5000113 0 0.9308781 0.3653299 0 0.9308781 0.3653299 0 0.9749256 0.2225314 0 0.9749256 0.2225314 0 0.9972036 0.07473355 0 0.9972036 0.07473355 0 0.1490416 0.9888309 0 0 1 0 0 1 0 -0.1490415 0.9888309 0 -0.1490415 0.9888309 0 -0.2947605 0.9555712 0 -0.2947605 0.9555712 0 -0.4338702 0.9009754 0 -0.4338702 0.9009754 0 -0.5633232 0.8262367 0 -0.5633232 0.8262367 0 -0.6801825 0.7330428 0 -0.6801825 0.7330428 0 -0.7818219 0.6235019 0 -0.7818219 0.6235019 0 -0.8660296 0.4999927 0 -0.8660296 0.4999927 0 -0.9308695 0.3653519 0 -0.9308695 0.3653519 0 -0.9749311 0.2225072 0 -0.9749311 0.2225072 0 -0.9972036 0.07473355 0 -0.9972036 0.07473355 0 -0.1490419 -0.9888309 0 -0.2947599 -0.9555714 0 -0.2947599 -0.9555714 0 -0.4338703 -0.9009753 0 -0.4338703 -0.9009753 0 -0.5633233 -0.8262366 0 -0.5633233 -0.8262366 0 -0.6801826 -0.7330427 0 -0.6801826 -0.7330427 0 -0.7818217 -0.6235021 0 -0.7818217 -0.6235021 0 -0.8660296 -0.4999928 0 -0.8660296 -0.4999928 0 -0.9308695 -0.3653518 0 -0.9308695 -0.3653518 0 -0.9749308 -0.2225086 0 -0.9749308 -0.2225086 0 -0.9972037 -0.07473307 0 -0.9972037 -0.07473307 0 -0.1490419 -0.9888309 0 0 -1 0 0 -1 0 0.149042 -0.9888309 0 0.149042 -0.9888309 0 0.2947599 -0.9555714 0 0.2947599 -0.9555714 0 0.43388 -0.9009706 0 0.43388 -0.9009706 0 0.5633237 -0.8262363 0 0.5633237 -0.8262363 0 0.6801695 -0.7330549 0 0.6801695 -0.7330549 0 0.7818341 -0.6234865 0 0.7818341 -0.6234865 0 0.8660189 -0.5000113 0 0.8660189 -0.5000113 0 0.9308781 -0.3653298 0 0.9308781 -0.3653298 0 0.9749253 -0.2225328 0 0.9749253 -0.2225328 0 0.9972037 -0.07473307 0 0.9972037 -0.07473307 -1 0 0 -1 0 0 -1 0 0 -1 0 0 -1 0 0 -1 0 0 -1 0 0 -1 0 0 -1 0 0 -1 0 0 -1 0 0 -1 0 0 -1 0 0 -1 0 0 -1 0 0 -1 0 0 -1 0 0 -1 0 0 -1 0 0 -1 0 0 -1 0 0 -1 0 0 -1 0 0 -1 0 0 -1 0 0 -1 0 0 -1 0 0 -1 0 0 -1 0 0 -1 0 0 -1 0 0 -1 0 0 -1 0 0 -1 0 0 -1 0 0 -1 0 0 -1 0 0 -1 0 0 -1 0 0 -1 0 0 -1 0 0 -1 0 0 -1 0 0 -1 0 0 -1 0 0 -1 0 0 -1 0 0 -1 0 0 -1 0 0 -1 0 0 -1 0 0 -1 0 0 -1 0 0 -1 0 0 -1 0 0 -1 0 0 -1 0 0 -1 0 0 -1 0 0 -1 0 0 -1 0 0 -1 0 0 -1 0 0 -1 0 0 -1 0 0 -1 0 0 -1 0 0 -1 0 0 -1 0 0 -1 0 0 -1 0 0 -1 0 0 -1 0 0 -1 0 0 -1 0 0 -1 0 0 -1 0 0 -1 0 0 -1 0 0 -1 0 0 -1 0 0 -1 0 0 -1 0 0 -1 0 0 -1 0 0 -1 0 0 -1 0 0 -1 0 0 -1 0 0 -1 0 0 -1 0 0 -1 0 0 -1 0 0 -1 0 0 -1 0 0 -1 0 0 -1 0 0 -1 0 0 -1 0 0 -1 0 0 -1 0 0 -1 0 0 -1 0 0 -1 0 0 -1 0 0 -1 0 0 -1 0 0 -1 0 0 -1 0 0 -1 0 0 -1 0 0 -1 0 0 -1 0 0 -1 0 0 -1 0 0 -1 0 0 -1 0 0 -1 0 0 -1 0 0 -1 0 0 -1 0 0 -1 0 0 -1 0 0 -1 0 0 -1 0 0 -1 0 0 -1 0 0 -1 0 0 -1 0 0 -1 0 0 -1 0 0 -1 0 0 -1 0 0 -1 0 0 -1 0 0 -1 0 0 -1 0 0 -1 0 0 -1 0 0 -1 0 0 -1 0 0 -1 0 0 -1 0 0 -1 0 0 -1 0 0 -1 0 0 -1 0 0 -1 0 0 -1 0 0 -1 0 0 -1 0 0 -1 0 0 -1 0 0 -1 0 0 0 0.08715933 -0.9961944 0 0.2588177 -0.9659262 0 0.2588177 -0.9659262 0 0.4226142 -0.9063097 0 0.4226142 -0.9063097 0 0.5735821 -0.8191481 0 0.5735821 -0.8191481 0 0.7071062 -0.7071073 0 0.7071062 -0.7071073 0 0.819153 -0.5735751 0 0.819153 -0.5735751 0 0.9063087 -0.4226164 0 0.9063087 -0.4226164 0 0.9659218 -0.2588343 0 0.9659218 -0.2588343 0 0.9961934 -0.08717119 0 0.9961934 -0.08717119 0 0.08715933 -0.9961944 0 -0.08715808 -0.9961945 0 -0.08715808 -0.9961945 0 -0.2588177 -0.9659262 0 -0.2588177 -0.9659262 0 -0.4226142 -0.9063097 0 -0.4226142 -0.9063097 0 -0.5735821 -0.8191481 0 -0.5735821 -0.8191481 0 -0.7071205 -0.7070931 0 -0.7071205 -0.7070931 0 -0.8191329 -0.5736038 0 -0.8191329 -0.5736038 0 -0.9063141 -0.4226047 0 -0.9063141 -0.4226047 0 -0.9659218 -0.2588343 0 -0.9659218 -0.2588343 0 -0.9961934 -0.08717119 0 -0.9961934 -0.08717119 0 -0.08715862 0.9961944 0 -0.2588106 0.9659281 0 -0.2588106 0.9659281 0 -0.422614 0.9063097 0 -0.422614 0.9063097 0 -0.5735821 0.8191481 0 -0.5735821 0.8191481 0 -0.7071205 0.707093 0 -0.7071205 0.707093 0 -0.819133 0.5736036 0 -0.819133 0.5736036 0 -0.9063153 0.4226021 0 -0.9063153 0.4226021 0 -0.9659213 0.258836 0 -0.9659213 0.258836 0 -0.9961934 0.08717119 0 -0.9961934 0.08717119 0 -0.08715862 0.9961944 0 0.08715987 0.9961944 0 0.08715987 0.9961944 0 0.2588106 0.9659281 0 0.2588106 0.9659281 0 0.422614 0.9063097 0 0.422614 0.9063097 0 0.5735821 0.8191481 0 0.5735821 0.8191481 0 0.7071063 0.7071072 0 0.7071063 0.7071072 0 0.8191531 0.573575 0 0.8191531 0.573575 0 0.9063099 0.4226138 0 0.9063099 0.4226138 0 0.9659213 0.258836 0 0.9659213 0.258836 0 0.9961934 0.08717119 0 0.9961934 0.08717119 0 0.08715683 -0.9961946 0 0.2588177 -0.9659262 0 0.2588177 -0.9659262 0 0.4226142 -0.9063097 0 0.4226142 -0.9063097 0 0.5735821 -0.8191481 0 0.5735821 -0.8191481 0 0.7071062 -0.7071073 0 0.7071062 -0.7071073 0 0.8191395 -0.5735943 0 0.8191395 -0.5735943 0 0.9063196 -0.4225929 0 0.9063196 -0.4225929 0 0.9659218 -0.2588343 0 0.9659218 -0.2588343 0 0.9961946 -0.08715707 0 0.9961946 -0.08715707 0 0.08715683 -0.9961946 0 -0.08715683 -0.9961946 0 -0.08715683 -0.9961946 0 -0.2588248 -0.9659243 0 -0.2588248 -0.9659243 0 -0.4226197 -0.9063072 0 -0.4226197 -0.9063072 0 -0.573562 -0.8191622 0 -0.573562 -0.8191622 0 -0.7071205 -0.7070931 0 -0.7071205 -0.7070931 0 -0.8191395 -0.5735943 0 -0.8191395 -0.5735943 0 -0.9063087 -0.4226164 0 -0.9063087 -0.4226164 0 -0.9659289 -0.2588077 0 -0.9659289 -0.2588077 0 -0.9961946 -0.08715707 0 -0.9961946 -0.08715707 0 -0.08715736 0.9961946 0 -0.2588177 0.9659262 0 -0.2588177 0.9659262 0 -0.4226195 0.9063072 0 -0.4226195 0.9063072 0 -0.573562 0.8191622 0 -0.573562 0.8191622 0 -0.7071205 0.707093 0 -0.7071205 0.707093 0 -0.8191397 0.5735941 0 -0.8191397 0.5735941 0 -0.9063099 0.4226138 0 -0.9063099 0.4226138 0 -0.9659284 0.2588095 0 -0.9659284 0.2588095 0 -0.9961946 0.08715707 0 -0.9961946 0.08715707 0 -0.08715736 0.9961946 0 0.08715736 0.9961946 0 0.08715736 0.9961946 0 0.2588106 0.9659281 0 0.2588106 0.9659281 0 0.422614 0.9063097 0 0.422614 0.9063097 0 0.5735821 0.8191481 0 0.5735821 0.8191481 0 0.7071063 0.7071072 0 0.7071063 0.7071072 0 0.8191397 0.5735941 0 0.8191397 0.5735941 0 0.9063208 0.4225904 0 0.9063208 0.4225904 0 0.9659213 0.258836 0 0.9659213 0.258836 0 0.9961946 0.08715707 0 0.9961946 0.08715707 0 -0.08715862 0.9961944 0 -0.2588106 0.9659281 0 -0.2588106 0.9659281 0 -0.422614 0.9063097 0 -0.422614 0.9063097 0 -0.5735753 0.8191528 0 -0.5735753 0.8191528 0 -0.7071205 0.707093 0 -0.7071205 0.707093 0 -0.8191464 0.5735846 0 -0.8191464 0.5735846 0 -0.9063044 0.4226255 0 -0.9063044 0.4226255 0 -0.9659248 0.2588228 0 -0.9659248 0.2588228 0 -0.9961958 0.08714288 0 -0.9961958 0.08714288 0 -0.08715862 0.9961944 0 0.08715736 0.9961946 0 0.08715736 0.9961946 0 0.2588142 0.9659272 0 0.2588142 0.9659272 0 0.4226195 0.9063072 0 0.4226195 0.9063072 0 0.5735687 0.8191576 0 0.5735687 0.8191576 0 0.7071205 0.707093 0 0.7071205 0.707093 0 0.8191464 0.5735846 0 0.8191464 0.5735846 0 0.9063099 0.4226138 0 0.9063099 0.4226138 0 0.9659248 0.2588228 0 0.9659248 0.2588228 0 0.9961934 0.08717119 0 0.9961934 0.08717119 0 0.08715683 -0.9961946 0 0.2588213 -0.9659253 0 0.2588213 -0.9659253 0 0.4226197 -0.9063072 0 0.4226197 -0.9063072 0 0.5735687 -0.8191576 0 0.5735687 -0.8191576 0 0.7071205 -0.7070931 0 0.7071205 -0.7070931 0 0.8191463 -0.5735847 0 0.8191463 -0.5735847 0 0.9063087 -0.4226164 0 0.9063087 -0.4226164 0 0.9659253 -0.258821 0 0.9659253 -0.258821 0 0.9961934 -0.08717119 0 0.9961934 -0.08717119 0 0.08715683 -0.9961946 0 -0.08715808 -0.9961945 0 -0.08715808 -0.9961945 0 -0.2588177 -0.9659262 0 -0.2588177 -0.9659262 0 -0.4226142 -0.9063097 0 -0.4226142 -0.9063097 0 -0.5735753 -0.8191528 0 -0.5735753 -0.8191528 0 -0.7071205 -0.7070931 0 -0.7071205 -0.7070931 0 -0.8191463 -0.5735847 0 -0.8191463 -0.5735847 0 -0.9063032 -0.4226281 0 -0.9063032 -0.4226281 0 -0.9659253 -0.258821 0 -0.9659253 -0.258821 0 -0.9961958 -0.08714294 0 -0.9961958 -0.08714294 0 -0.08715927 0.9961944 0 -0.2588106 0.9659281 0 -0.2588106 0.9659281 0 -0.422614 0.9063097 0 -0.422614 0.9063097 0 -0.573572 0.8191552 0 -0.573572 0.8191552 0 -0.707117 0.7070966 0 -0.707117 0.7070966 0 -0.8191431 0.5735893 0 -0.8191431 0.5735893 0 -0.9063126 0.422608 0 -0.9063126 0.422608 0 -0.9659248 0.2588228 0 -0.9659248 0.2588228 0 -0.9961953 0.08714997 0 -0.9961953 0.08714997 0 -0.08715927 0.9961944 0 0.08715736 0.9961946 0 0.08715736 0.9961946 0 0.2588142 0.9659272 0 0.2588142 0.9659272 0 0.4226113 0.906311 0 0.4226113 0.906311 0 0.5735787 0.8191505 0 0.5735787 0.8191505 0 0.7071135 0.7071 0 0.7071135 0.7071 0 0.8191397 0.5735941 0 0.8191397 0.5735941 0 0.9063153 0.4226021 0 0.9063153 0.4226021 0 0.9659248 0.2588228 0 0.9659248 0.2588228 0 0.996194 0.0871641 0 0.996194 0.0871641 0 0.08715683 -0.9961946 0 0.2588213 -0.9659253 0 0.2588213 -0.9659253 0 0.4226115 -0.9063109 0 0.4226115 -0.9063109 0 0.5735787 -0.8191505 0 0.5735787 -0.8191505 0 0.7071134 -0.7071002 0 0.7071134 -0.7071002 0 0.8191395 -0.5735943 0 0.8191395 -0.5735943 0 0.9063141 -0.4226047 0 0.9063141 -0.4226047 0 0.9659253 -0.258821 0 0.9659253 -0.258821 0 0.996194 -0.08716416 0 0.996194 -0.08716416 0 0.08715683 -0.9961946 0 -0.08715867 -0.9961945 0 -0.08715867 -0.9961945 0 -0.2588177 -0.9659262 0 -0.2588177 -0.9659262 0 -0.4226142 -0.9063097 0 -0.4226142 -0.9063097 0 -0.573572 -0.8191552 0 -0.573572 -0.8191552 0 -0.707117 -0.7070967 0 -0.707117 -0.7070967 0 -0.8191429 -0.5735895 0 -0.8191429 -0.5735895 0 -0.9063114 -0.4226105 0 -0.9063114 -0.4226105 0 -0.9659253 -0.258821 0 -0.9659253 -0.258821 0 -0.9961953 -0.08714997 0 -0.9961953 -0.08714997 0.4392542 -0.783665 -0.4392321 0.5380244 -0.6494516 -0.5373477 0.5569006 -0.6161871 -0.5569338 0.5888214 -0.5537331 -0.5887862 0.6172941 -0.4894634 -0.615933 0.6029326 -0.5224682 -0.6029091 0.7061097 -0.05309957 -0.7061088 0.7052369 -0.0784325 -0.70462 0.6980562 -0.1581028 -0.6983703 0.683269 -0.2600344 -0.6822944 0.6875662 -0.2334543 -0.6875694 0.6631625 -0.3470372 -0.6631596 0.6536266 -0.3826944 -0.6529297 0.6416998 -0.4200352 -0.6417102 0.4595645 -0.7604032 -0.4588981 0.4820144 -0.7316311 -0.4820561 0.5213066 -0.6756668 -0.5212617 0.3740119 -0.848646 -0.3740523 0.369572 -0.8526273 -0.3693822 0.3032146 -0.903364 -0.3033058 0.2509561 -0.9351882 -0.2498881 0.2706446 -0.9238907 -0.2705132 0.1964125 -0.9606345 -0.1964776 0.05547833 -0.9969174 -0.05547827 0.05598348 -0.9968597 -0.05600607 0.1650741 -0.9723728 -0.1650505 0.1401047 -0.9803422 -0.1389238 0.7071073 0 -0.7071063 0.7071073 0 -0.7071063 0.7049286 -0.07843667 0.7049279 0.706563 -0.05313301 0.7056525 0.6980562 -0.1581023 0.6983705 0.6878862 -0.2334513 0.6872503 0.682814 -0.2598608 0.6828159 0.65328 -0.3826968 0.6532752 0.6637563 -0.3473484 0.6624022 0.6416996 -0.4200357 0.6417099 0.6029329 -0.5224673 0.6029095 0.6172941 -0.4894634 0.6159331 0.5888214 -0.553733 0.5887863 0.5376491 -0.6494538 0.5377203 0.5573569 -0.616692 0.5559174 0.5213066 -0.6756668 0.5212616 0.4591881 -0.7604017 0.4592772 0.482352 -0.7321434 0.4809393 0.4392542 -0.7836651 0.4392321 0.3694552 -0.852627 0.3694998 0.3740468 -0.8487252 0.3738375 0.3032149 -0.9033638 0.3033061 0.2708929 -0.9238914 0.270262 0.2508936 -0.9349567 0.2508152 0.1964125 -0.9606345 0.1964775 0.1653763 -0.9723722 0.164751 0.1400819 -0.9801825 0.140069 0.05546689 -0.9969174 0.05548965 0.05598354 -0.9968609 0.05598348 0.704929 0.0784319 -0.7049281 0.7065631 0.05313193 -0.7056525 0.6980558 0.1581055 -0.69837 0.6878857 0.2334548 -0.6872498 0.682815 0.2598555 -0.6828168 0.6532807 0.3826946 -0.6532757 0.6637588 0.3473397 -0.6624042 0.6416927 0.4200567 -0.6417032 0.6029325 0.5224682 -0.6029093 0.617299 0.4894515 -0.6159376 0.5888087 0.5537594 -0.5887741 0.5376538 0.6494457 -0.5377256 0.5573717 0.6166657 -0.5559319 0.5213066 0.6756668 -0.5212619 0.4591758 0.7604163 -0.4592653 0.482352 0.7321435 -0.480939 0.4392423 0.7836784 -0.4392202 0.3694489 0.8526325 -0.3694934 0.3740544 0.848719 -0.3738443 0.3032149 0.9033641 -0.3033053 0.2709108 0.9238811 -0.2702795 0.2509103 0.934948 -0.2508314 0.1963785 0.9606485 -0.1964433 0.165375 0.9723726 -0.1647501 0.1400819 0.9801824 -0.1400694 0.05545717 0.9969184 -0.05548036 -0.7228102 0.003067493 0.6910399 0.05546855 0.9969185 0.05546855 0.05598348 0.9968597 0.05600649 0.165075 0.9723724 0.1650518 0.1401047 0.9803421 0.1389243 0.1963785 0.9606485 0.1964432 0.2706598 0.923882 0.2705278 0.2509725 0.9351795 0.249904 0.3032149 0.9033641 0.3033053 0.3695654 0.8526333 0.3693749 0.3740193 0.8486394 0.3740597 0.4592422 0.7604157 0.4591999 0.4394841 0.7841097 0.4382075 0.4820143 0.7316309 0.4820563 0.5377311 0.6494459 0.537648 0.5216376 0.6760957 0.5203738 0.556915 0.6161605 0.5569488 0.6029544 0.5224685 0.6028869 0.5892624 0.5541861 0.5879181 0.616786 0.4890448 0.616774 0.6532666 0.3826962 0.653289 0.6422906 0.4204481 0.6408481 0.6631647 0.3470289 0.6631618 0.6875668 0.2334512 0.68757 0.6832699 0.2600286 0.6822956 0.6980558 0.1581055 0.69837 0.7065631 0.05313193 0.7056525 0.7049287 0.07843559 0.7049279 0.2142282 0.9699805 0.1150828 0.5387357 0.6494448 0.5366427 0.5505319 0.7324806 0.4004833 0.664936 0.5071047 0.5483658 0.5188156 0.5190995 0.6792394 0.6602658 0.3826779 0.646225 0.6070203 0.2320799 0.7600429 0.438501 0.7600962 0.4795526 0.9969043 0.07838153 0.006180286 0.9969043 0.07645446 0.01834774 0.9969043 0.07263797 0.03009378 0.9969043 0.06704616 0.04106831 0.9969044 0.05978322 0.05106532 0.9969043 0.05106198 0.05978679 0.9969043 0.04107642 0.06704223 0.9969042 0.03008776 0.07264125 0.9969042 0.01836419 0.07645058 0.9969043 0.006159305 0.07838368 0.9722052 0.2334061 0.01840388 0.9722035 0.2334154 0.0183739 0.9234232 0.3825998 0.03011727 0.9234233 0.3825994 0.0301181 0.8518917 0.5221029 0.04109978 0.8518851 0.5221152 0.04107701 0.7594359 0.6485781 0.0510264 0.7594534 0.6485543 0.05106627 0.6483623 0.7589828 0.05976128 0.6483289 0.7590159 0.05970567 0.5212957 0.850748 0.06692153 0.5213144 0.8507348 0.0669462 0.3816099 0.9214748 0.07251286 0.3816478 0.9214557 0.07255613 0.2221362 0.972007 0.07653659 0.232376 0.967849 0.09627944 0.07839936 0.9963927 0.03248286 0.4251543 0.8498693 0.3113937 0.4905244 0.8471766 0.2041512 0.1438798 0.9098778 0.3891285 0.9722048 0.01834142 0.2334125 0.9722037 0.01836198 0.2334154 0.9234231 0.03009796 0.3826015 0.9234203 0.03011709 0.3826066 0.851876 0.04109966 0.5221285 0.8518849 0.04106593 0.5221165 0.759465 0.05100989 0.6485452 0.7594483 0.05105096 0.6485616 0.3819736 0.07252115 0.9213234 0.9722036 0.2276728 0.05463755 0.9722046 0.2276642 0.05465501 0.9234226 0.3731815 0.08958905 0.9234231 0.3731799 0.08959162 0.851879 0.5092681 0.1222632 0.8518897 0.5092419 0.1222974 0.7594537 0.6325753 0.1519166 0.7594366 0.632604 0.1518821 0.6483672 0.7402903 0.1777365 0.6483604 0.7402987 0.1777264 0.5212903 0.8298015 0.1992136 0.5212975 0.8297947 0.1992224 0.3816282 0.8987755 0.2157837 0.3816103 0.8987875 0.2157651 0.2923647 0.9298876 0.223231 0.9722052 0.2163015 0.08961331 0.972204 0.2163153 0.08959376 0.9234189 0.354583 0.1468617 0.9234225 0.354566 0.1468806 0.851887 0.4838524 0.2004381 0.85188 0.4838729 0.2004187 0.7594531 0.6010445 0.2489508 0.7594512 0.6010483 0.2489475 0.6483471 0.7033972 0.2913393 0.6483665 0.703369 0.291364 0.5213296 0.7883901 0.3265832 0.5212932 0.7884299 0.3265452 0.3816277 0.8539695 0.3536898 0.972203 0.19966 0.1222994 0.972205 0.1996341 0.1223261 0.9234219 0.327239 0.2005161 0.9234201 0.327248 0.2005088 0.8518769 0.4465812 0.2736258 0.8518862 0.4465501 0.2736472 0.759461 0.554687 0.3399138 0.759454 0.5547025 0.339904 0.6483193 0.6491829 0.3977985 0.648346 0.6491394 0.397826 0.521328 0.7275894 0.4459043 0.9722045 0.1780281 0.1520673 0.9722039 0.1780369 0.1520607 0.9234198 0.291835 0.2492552 0.9234218 0.2918229 0.2492623 0.8518851 0.3982316 0.340152 0.8518776 0.398259 0.340139 0.7594556 0.4946928 0.4224998 0.7594608 0.4946804 0.4225051 0.6483466 0.5789268 0.4944598 0.6483227 0.5789691 0.4944416 0.6050929 0.6054241 0.5170342 0.9722034 0.1520589 0.1780407 0.9722039 0.1520516 0.1780446 0.9234237 0.2492342 0.2918404 0.9234208 0.2492548 0.2918325 0.8518807 0.3401443 0.3982478 0.8518832 0.3401343 0.3982507 0.759456 0.4225013 0.4946912 0.7594563 0.4225003 0.4946914 0.6483444 0.4944514 0.5789365 0.9722058 0.1223163 0.1996363 0.9722039 0.1223483 0.1996256 0.92342 0.2005511 0.3272226 0.9234232 0.2005292 0.3272273 0.8518785 0.2736572 0.4465587 0.8518798 0.2736521 0.4465594 0.759453 0.339918 0.5546953 0.7594562 0.3399095 0.5546962 0.6695771 0.3880746 0.6332965 0.9722053 0.08959448 0.2163091 0.9722053 0.08959633 0.2163088 0.9234219 0.1468663 0.3545733 0.9234213 0.1468705 0.3545731 0.8518763 0.2004296 0.4838747 0.8518782 0.2004219 0.4838746 0.7594603 0.2489503 0.6010355 0.7594541 0.2489667 0.6010366 0.7074479 0.270476 0.6529626 0.9722033 0.05468684 0.2276622 0.9722049 0.05465555 0.2276626 0.9234203 0.08959192 0.3731865 0.9234216 0.08958244 0.3731855 0.8518874 0.1222464 0.509258 0.8518784 0.1222819 0.5092646 0.7594469 0.1518939 0.6325889 0.7594575 0.1518666 0.6325827 0.7758074 0.1472941 0.6135368 0.9969232 0 0.07838517 0.9969232 0 0.07838517 0.9723684 0 0.2334517 0.9723684 0 0.2334517 0.9238416 0 0.3827749 0.9238416 0 0.3827749 0.8525964 0 0.52257 0.8525964 0 0.52257 0.760455 0 0.6493906 0.760455 0 0.6493906 0.6070203 -0.2320799 0.7600429 0.6602553 -0.382678 0.6462357 0.5387122 -0.6494516 0.5366579 0.4251911 -0.8498601 0.3113684 0.2192267 -0.9714367 0.09083133 0.2142027 -0.969983 0.1151092 0.07841295 -0.9963915 0.03248852 0.9969043 -0.006159305 0.07838368 0.9969043 -0.0183658 0.07645028 0.9969041 -0.03008788 0.07264167 0.9969041 -0.04107993 0.06704103 0.9969043 -0.05105566 0.05979317 0.9969043 -0.05979061 0.05105787 0.9969042 -0.0670408 0.04107886 0.9969043 -0.07264089 0.03008812 0.9969041 -0.07645547 0.01834797 0.9969042 -0.07838261 0.006180405 0.9722031 -0.1520397 0.1780592 0.9722048 -0.1520593 0.1780328 0.9234221 -0.2492537 0.2918292 0.9234197 -0.2492449 0.2918442 0.8518804 -0.3401289 0.3982614 0.8518856 -0.3401378 0.3982427 0.7594568 -0.4225082 0.4946841 0.7594522 -0.4225035 0.4946951 0.6483444 -0.4944513 0.5789365 0.664936 -0.5071047 0.5483658 0.5188156 -0.5190995 0.6792393 0.972205 -0.1996347 0.122325 0.972204 -0.1996284 0.1223434 0.9234191 -0.3272294 0.2005443 0.9234235 -0.3272361 0.2005131 0.8518837 -0.4465645 0.2736313 0.8518781 -0.4465616 0.2736542 0.7594583 -0.5546897 0.3399154 0.7594607 -0.5546903 0.3399091 0.6483541 -0.6491511 0.3977938 0.6483283 -0.6491464 0.3978433 0.5213105 -0.7275921 0.4459204 0.5505061 -0.7324829 0.4005143 0.4385353 -0.7600833 0.4795415 0.9722046 -0.2163112 0.08959686 0.9722049 -0.216312 0.08959239 0.9234231 -0.3545737 0.1468578 0.9234196 -0.3545724 0.1468833 0.8518756 -0.4838696 0.2004452 0.8518826 -0.4838689 0.200417 0.759451 -0.6010468 0.2489517 0.7594578 -0.6010457 0.2489338 0.6483756 -0.7033799 0.2913174 0.6483553 -0.7033824 0.2913566 0.521301 -0.7884113 0.3265774 0.5213103 -0.788411 0.3265636 0.3816053 -0.8539679 0.3537176 0.4906624 -0.8471472 0.2039412 0.1440794 -0.9099338 0.3889237 0.972203 -0.2334153 0.0184046 0.9722041 -0.2334123 0.01838403 0.9234229 -0.3825993 0.03013426 0.9234269 -0.3825917 0.03010588 0.8518849 -0.5221151 0.04108488 0.8518838 -0.5221167 0.04108923 0.7594487 -0.648562 0.05104029 0.7594481 -0.6485626 0.05104172 0.6483436 -0.759001 0.05973321 0.6483528 -0.7589945 0.05971693 0.5213248 -0.8507293 0.06693452 0.5213071 -0.8507381 0.06695955 0.3816254 -0.9214673 0.07252651 0.381622 -0.9214683 0.0725305 0.2327798 -0.9695308 0.07631361 0.9722033 -0.01834195 0.2334188 0.9722044 -0.01836252 0.2334123 0.9234198 -0.03009986 0.3826091 0.9234225 -0.03011757 0.3826012 0.8518859 -0.0410996 0.5221125 0.851877 -0.04106885 0.5221291 0.7594477 -0.05101382 0.6485652 0.7594635 -0.05104953 0.648544 0.3819583 -0.07252168 0.9213297 0.9722056 -0.05468922 0.2276518 0.9722037 -0.0546568 0.2276678 0.9234224 -0.08959078 0.3731818 0.9234206 -0.08958035 0.3731885 0.8518779 -0.1222464 0.5092738 0.8518856 -0.1222708 0.5092551 0.7594553 -0.1518813 0.6325818 0.7594505 -0.1518713 0.63259 0.7757987 -0.1472994 0.6135465 0.9722055 -0.08959424 0.2163085 0.9722054 -0.08959239 0.2163098 0.923421 -0.1468611 0.3545777 0.9234226 -0.1468694 0.3545703 0.8518756 -0.20043 0.4838758 0.8518775 -0.2004354 0.4838703 0.7594587 -0.2489671 0.6010307 0.7594555 -0.2489616 0.601037 0.7074416 -0.2704736 0.6529706 0.9722047 -0.1223276 0.1996343 0.9722056 -0.12234 0.1996223 0.9234203 -0.2005432 0.3272268 0.9234203 -0.2005431 0.3272268 0.8518845 -0.2736662 0.4465419 0.8518752 -0.2736452 0.4465724 0.7594528 -0.3399046 0.5547038 0.759459 -0.3399134 0.5546898 0.6695773 -0.388081 0.6332925 0.9722042 -0.1780491 0.1520441 0.9722036 -0.178043 0.1520555 0.923424 -0.2918357 0.2492388 0.9234215 -0.2918291 0.249256 0.8518769 -0.3982495 0.3401514 0.8518813 -0.3982543 0.340135 0.7594612 -0.4946879 0.4224956 0.7594562 -0.4946845 0.4225087 0.6483271 -0.5789394 0.4944705 0.6483453 -0.578948 0.4944364 0.6050887 -0.6054198 0.517044 0.9722042 -0.2276703 0.05463695 0.9722042 -0.2276703 0.0546357 0.923428 -0.3731767 0.08955389 0.9234228 -0.3731806 0.08959186 0.8518837 -0.5092605 0.1222614 0.8518763 -0.509266 0.1222909 0.759447 -0.6325863 0.1519041 0.7594527 -0.632583 0.1518896 0.6483517 -0.7402998 0.1777536 0.6483739 -0.7402903 0.1777114 0.5213081 -0.8297941 0.1991974 0.5212998 -0.8297964 0.1992096 0.3816215 -0.8987814 0.2157709 0.3816055 -0.8987834 0.2157907 0.292342 -0.929888 0.2232587 0.07845437 -0.9969177 0 0.07845437 -0.9969177 0 0.2334606 -0.9723662 0 0.2334606 -0.9723662 0 0.382633 -0.9239004 0 0.382633 -0.9239004 0 0.5224965 -0.8526414 0 0.5224965 -0.8526414 0 0.6495034 -0.7603588 0 0.6495034 -0.7603588 0 0.7604399 -0.6494084 0 0.7604399 -0.6494084 0 0.8526048 -0.5225563 0 0.8526048 -0.5225563 0 0.9238424 -0.3827731 0 0.9238424 -0.3827731 0 0.9723677 -0.2334548 0 0.9723677 -0.2334548 0 0.9969233 -0.0783841 0 0.9969233 -0.0783841 0 0.214203 -0.9699831 -0.1151077 0.5387121 -0.6494509 -0.536659 0.5505061 -0.7324829 -0.4005143 0.6649369 -0.5071054 -0.548364 0.5188167 -0.5191006 -0.6792377 0.6602517 -0.382676 -0.6462405 0.6070313 -0.232084 -0.760033 0.4385353 -0.7600833 -0.4795415 0.9969041 -0.07838261 -0.006180405 0.9969041 -0.07645547 -0.01834797 0.9969043 -0.07264089 -0.03008812 0.9969042 -0.0670408 -0.04107886 0.9969043 -0.05979061 -0.05105787 0.9969043 -0.05105382 -0.05979502 0.9969042 -0.04108256 -0.06703972 0.9969041 -0.03008788 -0.07264167 0.9969042 -0.01836258 -0.07645136 0.9969043 -0.006162762 -0.07838368 0.9722044 -0.2334092 -0.01840412 0.9722033 -0.2334154 -0.01838427 0.9234277 -0.3825876 -0.03013336 0.9234236 -0.3825995 -0.03010654 0.8518836 -0.5221172 -0.04108506 0.8518847 -0.5221149 -0.04108917 0.7594481 -0.6485627 -0.05104035 0.7594487 -0.6485619 -0.05104166 0.648353 -0.758993 -0.05973255 0.6483442 -0.7590017 -0.05971795 0.5213066 -0.8507402 -0.06693595 0.5213239 -0.8507279 -0.06695878 0.3816219 -0.9214687 -0.07252663 0.3816252 -0.9214671 -0.07253038 0.2221218 -0.9720125 -0.07650893 0.232376 -0.967849 -0.09627944 0.07841295 -0.9963915 -0.03248852 0.4251911 -0.8498601 -0.3113684 0.4906557 -0.8471482 -0.2039527 0.1440581 -0.9099279 -0.3889455 0.9722047 -0.01835167 -0.2334124 0.972204 -0.01836264 -0.233414 0.9234231 -0.03009927 -0.3826014 0.9234204 -0.03011798 -0.3826064 0.8518764 -0.0411008 -0.5221278 0.8518843 -0.04107087 -0.5221171 0.7594626 -0.05101627 -0.6485476 0.7594504 -0.05104607 -0.6485595 0.3819283 -0.07251596 -0.9213426 0.9722043 -0.2276699 -0.05463683 0.9722042 -0.2276704 -0.0546357 0.9234217 -0.3731914 -0.0895574 0.9234271 -0.3731707 -0.08958947 0.8518753 -0.5092739 -0.1222646 0.8518828 -0.5092556 -0.1222885 0.7594538 -0.6325786 -0.1519023 0.7594476 -0.6325891 -0.1518896 0.6483745 -0.7402813 -0.1777473 0.6483523 -0.7403087 -0.1777143 0.5212994 -0.8297998 -0.199197 0.5213088 -0.8297911 -0.1992084 0.3816064 -0.8987874 -0.2157724 0.381621 -0.8987775 -0.2157877 0.2923433 -0.9298881 -0.223257 0.972205 -0.21631 -0.08959639 0.9722047 -0.2163127 -0.08959263 0.9234189 -0.354583 -0.1468617 0.9234225 -0.354566 -0.1468806 0.8518835 -0.4838576 -0.2004402 0.8518764 -0.4838781 -0.2004209 0.7594585 -0.6010388 -0.2489484 0.7594527 -0.6010503 -0.2489383 0.6483541 -0.7033958 -0.291327 0.6483728 -0.7033686 -0.2913509 0.5213107 -0.7884059 -0.3265752 0.5213015 -0.7884159 -0.3265656 0.3816075 -0.8539671 -0.3537173 0.9722036 -0.1996396 -0.1223279 0.9722047 -0.199626 -0.1223419 0.9234244 -0.3272187 -0.2005377 0.92342 -0.3272435 -0.2005176 0.8518773 -0.4465735 -0.2736369 0.8518831 -0.4465546 -0.2736499 0.759461 -0.554687 -0.3399138 0.7594586 -0.5546925 -0.3399105 0.6483265 -0.6491711 -0.3978061 0.6483523 -0.6491291 -0.3978326 0.5213105 -0.7275921 -0.4459204 0.9722035 -0.1780512 -0.1520459 0.9722042 -0.1780436 -0.1520516 0.9234201 -0.2918463 -0.2492406 0.9234235 -0.2918254 -0.2492528 0.8518818 -0.3982435 -0.3401463 0.8518776 -0.398259 -0.340139 0.7594556 -0.4946928 -0.4224998 0.7594608 -0.4946804 -0.4225051 0.648346 -0.5789272 -0.4944601 0.6483283 -0.5789585 -0.4944467 0.6050884 -0.6054193 -0.517045 0.9722058 -0.1520263 -0.1780556 0.9722039 -0.152059 -0.1780385 0.9234194 -0.2492529 -0.2918382 0.9234209 -0.2492431 -0.2918421 0.8518863 -0.3401227 -0.3982542 0.8518811 -0.3401427 -0.3982483 0.7594513 -0.4225124 -0.494689 0.7594562 -0.4224995 -0.4946922 0.6483436 -0.4944507 -0.5789379 0.9722059 -0.1223328 -0.199626 0.9722054 -0.1223406 -0.1996234 0.9234203 -0.2005432 -0.3272268 0.9234203 -0.2005431 -0.3272268 0.8518732 -0.2736758 -0.4465575 0.8518832 -0.2736362 -0.4465627 0.7594611 -0.3398968 -0.5546973 0.7594528 -0.3399183 -0.5546954 0.6695785 -0.3880817 -0.6332907 0.9722056 -0.08959394 -0.2163078 0.9722055 -0.08959662 -0.2163073 0.9234208 -0.1468686 -0.3545753 0.9234213 -0.1468657 -0.3545755 0.8518797 -0.2004207 -0.4838724 0.851875 -0.2004395 -0.4838729 0.7594537 -0.2489725 -0.6010347 0.7594595 -0.2489571 -0.6010337 0.7074378 -0.2704721 -0.6529753 0.9722036 -0.05468147 -0.2276623 0.9722052 -0.05465036 -0.2276626 0.9234206 -0.08958375 -0.373188 0.9234203 -0.08958613 -0.3731881 0.8518859 -0.1222509 -0.5092595 0.8518807 -0.1222713 -0.5092632 0.7594515 -0.1518805 -0.6325866 0.7594537 -0.151875 -0.6325853 0.7758078 -0.1473011 -0.6135346 0.7604528 0 -0.6493932 0.7604528 0 -0.6493932 0.8525968 0 -0.5225692 0.8525968 0 -0.5225692 0.9238416 0 -0.3827749 0.9238416 0 -0.3827749 0.9723684 0 -0.2334517 0.9723684 0 -0.2334517 0.9969232 0 -0.07838517 0.9969232 0 -0.07838517 0.6070313 0.232084 -0.760033 0.6602623 0.3826759 -0.6462297 0.5387355 0.6494441 -0.5366436 0.4251543 0.8498693 -0.3113937 0.2192451 0.9714319 -0.09083896 0.2142285 0.9699806 -0.1150814 0.07839936 0.9963927 -0.03248286 0.9969042 0.006162762 -0.07838368 0.9969042 0.01836103 -0.07645159 0.9969042 0.03008776 -0.07264125 0.9969042 0.04107904 -0.06704086 0.9969043 0.05106014 -0.05978864 0.9969044 0.05978322 -0.05106532 0.9969043 0.06704616 -0.04106831 0.9969042 0.07263797 -0.03009378 0.9969043 0.07645446 -0.01834774 0.9969043 0.07838153 -0.006180286 0.9722042 0.152051 -0.1780435 0.9722039 0.1520484 -0.178047 0.9234192 0.2492364 -0.291853 0.9234232 0.2492509 -0.291828 0.8518837 0.3401412 -0.3982442 0.851881 0.3401367 -0.3982535 0.7594563 0.422501 -0.4946908 0.7594555 0.4225 -0.494693 0.6483436 0.4944507 -0.5789379 0.6649369 0.5071054 -0.548364 0.5188167 0.5191007 -0.6792376 0.9722056 0.1996508 -0.1222938 0.9722037 0.1996388 -0.1223289 0.9234199 0.3272429 -0.2005186 0.9234215 0.3272454 -0.2005073 0.8518874 0.4465664 -0.2736167 0.8518781 0.4465616 -0.2736542 0.7594533 0.5546947 -0.3399184 0.7594603 0.5546963 -0.3399001 0.6483477 0.6491622 -0.3977859 0.648321 0.6491575 -0.3978371 0.521328 0.7275894 -0.4459043 0.5505319 0.7324805 -0.4004833 0.4385009 0.7600962 -0.4795526 0.9722036 0.216308 -0.08961606 0.9722049 0.216312 -0.08959239 0.9234231 0.3545737 -0.1468578 0.9234196 0.3545724 -0.1468833 0.8518791 0.4838644 -0.200443 0.851886 0.4838637 -0.2004148 0.7594521 0.6010456 -0.2489513 0.759453 0.6010454 -0.2489489 0.6483662 0.7033811 -0.2913357 0.6483484 0.7033832 -0.2913699 0.5212914 0.7884117 -0.3265921 0.5213279 0.7884103 -0.3265371 0.38163 0.8539686 -0.3536894 0.490518 0.8471775 -0.2041626 0.1438585 0.9098718 -0.3891504 0.972203 0.2334153 -0.0184046 0.9722046 0.2334108 -0.01837348 0.9234233 0.3825994 -0.03011727 0.9234232 0.3825997 -0.0301181 0.8518844 0.5221147 -0.04110068 0.8518908 0.5221061 -0.0410763 0.759455 0.6485557 -0.05102461 0.7594375 0.6485729 -0.05106776 0.6483265 0.7590132 -0.05976366 0.6483598 0.7589894 -0.05970412 0.5213153 0.8507362 -0.06692117 0.521297 0.8507453 -0.06694698 0.3816491 0.9214586 -0.07251161 0.3816111 0.9214708 -0.07255733 0.2327793 0.9695286 -0.07634145 0.9722039 0.01835191 -0.2334154 0.9722045 0.01836174 -0.2334124 0.9234198 0.03009855 -0.3826093 0.9234226 0.03011667 -0.3826013 0.8518856 0.04109841 -0.5221129 0.8518775 0.04106986 -0.5221284 0.7594483 0.05101519 -0.6485643 0.7594615 0.05104506 -0.6485466 0.3819435 0.07251548 -0.9213363 0.9722057 0.0546748 -0.2276548 0.9722043 0.05465126 -0.2276664 0.9234197 0.08958423 -0.3731899 0.9234204 0.08958864 -0.3731871 0.8518792 0.1222569 -0.509269 0.8518858 0.1222777 -0.5092532 0.7594569 0.1518893 -0.6325778 0.7594491 0.1518733 -0.6325912 0.7758165 0.1472958 -0.6135248 0.9722052 0.08959472 -0.2163096 0.9722055 0.08960026 -0.2163057 0.9234215 0.146874 -0.3545714 0.9234201 0.1468667 -0.3545779 0.8518773 0.2004222 -0.4838759 0.8518782 0.2004246 -0.4838735 0.759455 0.2489559 -0.60104 0.7594586 0.2489621 -0.601033 0.7074441 0.2704746 -0.6529674 0.9722039 0.1223279 -0.1996386 0.9722052 0.1223457 -0.1996213 0.9234237 0.2005465 -0.3272151 0.9234206 0.2005324 -0.3272324 0.85188 0.273656 -0.4465568 0.851878 0.2736515 -0.4465633 0.7594558 0.3399136 -0.5546943 0.7594544 0.3399117 -0.5546972 0.6695784 0.3880754 -0.6332948 0.9722037 0.1780306 -0.1520693 0.9722045 0.1780373 -0.1520566 0.9234223 0.2918342 -0.2492472 0.9234195 0.291827 -0.2492658 0.8518766 0.3982422 -0.340161 0.8518841 0.3982508 -0.3401321 0.7594612 0.4946879 -0.4224956 0.7594562 0.4946845 -0.4225087 0.648321 0.5789433 -0.4944738 0.6483444 0.5789545 -0.4944304 0.6050925 0.6054236 -0.5170352 0.972205 0.2276673 -0.05463624 0.9722039 0.227667 -0.05465567 0.9234231 0.3731803 -0.08958882 0.9234228 0.3731806 -0.08959186 0.8518911 0.5092489 -0.1222586 0.8518803 0.5092567 -0.122301 0.7594351 0.6325964 -0.1519217 0.7594528 0.6325861 -0.1518762 0.6483591 0.7402974 -0.1777365 0.6483657 0.7402946 -0.1777238 0.5212991 0.8297966 -0.1992107 0.5212906 0.8297989 -0.1992234 0.3816097 0.8987829 -0.2157855 0.3816289 0.8987804 -0.2157618 0.2923661 0.9298874 -0.2232293 0.9969233 0.07838302 0 0.9969233 0.07838302 0 0.9723677 0.2334548 0 0.9723677 0.2334548 0 0.9238424 0.3827731 0 0.9238424 0.3827731 0 0.8526048 0.5225563 0 0.8526048 0.5225563 0 0.7604456 0.6494016 0 0.7604456 0.6494016 0 0.6494875 0.7603724 0 0.6494875 0.7603724 0 0.5224865 0.8526476 0 0.5224865 0.8526476 0 0.3826564 0.9238907 0 0.3826564 0.9238907 0 0.2334606 0.9723662 0 0.2334606 0.9723662 0 0.07844072 0.9969187 0 0.07844072 0.9969187 0 -0.4392356 0.7836857 -0.4392139 -0.5380181 0.6494616 -0.5373417 -0.5569214 0.6161483 -0.5569559 -0.5887952 0.5537872 -0.5887614 -0.617305 0.4894365 -0.6159436 -0.6029351 0.5224618 -0.6029121 -0.7061095 0.05311328 -0.7061079 -0.7052371 0.07843142 -0.7046198 -0.6980544 0.1581187 -0.6983685 -0.6832725 0.2600148 -0.6822984 -0.6875692 0.233436 -0.6875727 -0.6631692 0.3470113 -0.6631665 -0.6536266 0.3826944 -0.6529297 -0.6416874 0.4200723 -0.6416982 -0.4595599 0.7604088 -0.4588935 -0.4820144 0.731631 -0.4820562 -0.5213066 0.6756668 -0.5212618 -0.3740289 0.8486309 -0.3740696 -0.3695624 0.8526361 -0.3693716 -0.3032037 0.9033716 -0.3032939 -0.250977 0.9351772 -0.2499086 -0.2706614 0.9238811 -0.2705295 -0.1963753 0.9606499 -0.1964399 0.6930817 0.1352855 -0.7080506 0.7072497 0.003001451 0.7069575 -0.1650757 0.9723722 -0.1650525 -0.1401047 0.9803421 -0.1389243 -0.7071076 0 -0.707106 -0.7071076 0 -0.707106 -0.7049291 0.0784344 0.7049276 -0.7065627 0.05314624 0.7056519 -0.6980543 0.1581196 0.6983684 -0.6878893 0.2334324 0.6872537 -0.6828174 0.2598417 0.6828197 -0.6532799 0.3826967 0.6532754 -0.6637632 0.3473231 0.6624085 -0.6416873 0.4200726 0.6416981 -0.6029354 0.5224609 0.6029126 -0.6173049 0.4894365 0.6159436 -0.5887951 0.5537872 0.5887615 -0.5376425 0.6494637 0.5377152 -0.5573784 0.6166539 0.5559381 -0.5213066 0.6756668 0.5212618 -0.4591833 0.7604073 0.4592726 -0.482352 0.7321435 0.4809393 -0.4392356 0.7836856 0.4392139 -0.3694444 0.8526362 0.3694893 -0.3740642 0.8487103 0.3738538 -0.3032047 0.903371 0.3032948 -0.2709097 0.9238818 0.2702783 -0.2509148 0.9349456 0.2508357 -0.196375 0.96065 0.1964396 -0.1653779 0.9723716 0.164753 -0.1400819 0.9801824 0.1400694 -0.05545639 0.9969186 0.0554797 -0.055983 0.9968611 0.055983 -0.7049294 -0.07843178 -0.7049277 -0.7065627 -0.05314731 -0.7056519 -0.6980547 -0.1581165 -0.6983687 -0.6878888 -0.2334359 -0.6872531 -0.6828165 -0.2598469 -0.6828186 -0.6532805 -0.3826945 -0.6532759 -0.6637609 -0.3473318 -0.6624064 -0.6416942 -0.4200516 -0.6417049 -0.6029351 -0.5224618 -0.602912 -0.6173002 -0.4894483 -0.615939 -0.5888078 -0.5537609 -0.5887735 -0.5376396 -0.649469 -0.5377116 -0.5573638 -0.6166803 -0.5559237 -0.5213067 -0.6756669 -0.5212615 -0.459194 -0.7603948 -0.4592828 -0.4823519 -0.7321433 -0.4809395 -0.4392475 -0.7836723 -0.4392257 -0.3694522 -0.8526294 -0.3694971 -0.3740567 -0.8487167 -0.3738471 -0.3032046 -0.9033708 -0.3032956 -0.2708941 -0.9238908 -0.2702632 -0.2508981 -0.9349544 -0.2508196 -0.1964091 -0.960636 -0.1964741 -0.1653767 -0.9723721 -0.1647514 -0.1400819 -0.9801825 -0.140069 -0.05546641 -0.9969174 -0.05548924 -0.055983 -0.9968611 -0.055983 -0.05547773 -0.9969175 0.05547773 -0.05598294 -0.9968597 0.05600553 -0.1650769 -0.9723719 0.1650534 -0.1401047 -0.9803422 0.1389238 -0.1964091 -0.960636 0.196474 -0.2706435 -0.9238914 0.270512 -0.2509602 -0.935186 0.2498924 -0.3032046 -0.9033708 0.3032956 -0.3695693 -0.8526298 0.3693792 -0.3740217 -0.8486372 0.3740624 -0.4592599 -0.7603941 0.459218 -0.4394894 -0.7841039 0.4382123 -0.4820145 -0.7316311 0.4820559 -0.5377172 -0.6494693 0.5376336 -0.5216374 -0.6760955 0.5203742 -0.5569069 -0.6161749 0.5569409 -0.6029574 -0.5224611 0.6028903 -0.5892617 -0.5541877 0.5879173 -0.6167872 -0.4890417 0.6167753 -0.6532663 -0.3826971 0.6532887 -0.642292 -0.420443 0.6408498 -0.6631667 -0.3470208 0.6631641 -0.6875698 -0.2334324 0.6875734 -0.6832716 -0.2600201 0.6822973 -0.6980547 -0.1581165 0.6983687 -0.7065627 -0.05314731 0.7056519 -0.7049291 -0.07843548 0.7049276 -0.2142044 -0.9699823 0.1151115 -0.538695 -0.6494684 0.5366548 -0.5504868 -0.7324846 0.4005377 -0.6649557 -0.5071014 0.5483448 -0.5188857 -0.5190986 0.6791865 -0.6602917 -0.3826778 0.6461985 -0.6070563 -0.2320648 0.7600188 -0.4385552 -0.7600759 0.4795351 -0.9969031 -0.0783962 0.006181478 -0.9969031 -0.07646876 0.01835119 -0.9969032 -0.07265353 0.03009331 -0.9969032 -0.06705248 0.04108595 -0.9969033 -0.05980104 0.05106675 -0.9969031 -0.05106455 0.05980354 -0.9969031 -0.04108709 0.06705272 -0.9969031 -0.03009313 0.0726543 -0.9969032 -0.01836901 0.07646358 -0.9969032 -0.006160378 0.07839733 -0.9722076 -0.2333962 0.01840311 -0.9722064 -0.2334024 0.0183832 -0.9234325 -0.3825759 0.03013247 -0.9234285 -0.3825879 0.03010559 -0.8518897 -0.5221073 0.04108428 -0.8518909 -0.522105 0.04108846 -0.7594344 -0.6485784 0.0510416 -0.7594351 -0.6485778 0.05104291 -0.6483669 -0.7589813 0.05973166 -0.6483577 -0.7589902 0.05971652 -0.5213001 -0.8507443 0.06693565 -0.5213178 -0.8507316 0.06695908 -0.3816219 -0.9214687 0.07252663 -0.3816252 -0.9214671 0.07253038 -0.222124 -0.9720119 0.07650887 -0.2323761 -0.9678494 0.09627497 -0.07841295 -0.9963915 0.03248697 -0.4252079 -0.8498612 0.3113428 -0.4906624 -0.8471472 0.2039412 -0.1440793 -0.9099338 0.3889236 -0.9722079 -0.0183404 0.2333995 -0.9722068 -0.0183618 0.2334026 -0.9234279 -0.03009837 0.3825898 -0.9234253 -0.03011703 0.3825948 -0.8518821 -0.04110008 0.5221185 -0.8518908 -0.04106712 0.5221068 -0.7594514 -0.05101352 0.648561 -0.7594357 -0.05105215 0.6485763 -0.3819583 -0.07252168 0.9213297 -0.9722075 -0.2276573 0.05463385 -0.9722074 -0.2276578 0.05463272 -0.9234266 -0.37318 0.08955466 -0.9234318 -0.3731592 0.08958667 -0.8518815 -0.5092642 0.1222623 -0.851889 -0.5092459 0.1222862 -0.7594395 -0.6325947 0.1519061 -0.759434 -0.6326043 0.1518948 -0.6483891 -0.7402688 0.1777461 -0.6483667 -0.7402964 0.1777129 -0.5212934 -0.8298029 0.1991995 -0.5213016 -0.8297954 0.1992095 -0.381605 -0.898788 0.2157725 -0.381621 -0.8987772 0.2157892 -0.292342 -0.929888 0.2232587 -0.9722082 -0.2162981 0.08959138 -0.9722078 -0.2163006 0.08958762 -0.9234238 -0.3545722 0.1468572 -0.9234272 -0.3545553 0.1468761 -0.8518896 -0.4838485 0.2004364 -0.8518826 -0.4838689 0.200417 -0.7594449 -0.6010534 0.2489545 -0.759438 -0.6010668 0.2489426 -0.6483675 -0.7033863 0.29132 -0.6483879 -0.7033568 0.291346 -0.5213046 -0.7884094 0.3265767 -0.5212954 -0.7884193 0.3265671 -0.3816053 -0.8539679 0.3537176 -0.9722067 -0.1996285 0.1223211 -0.9722078 -0.1996149 0.1223351 -0.9234293 -0.3272087 0.2005316 -0.9234248 -0.3272334 0.2005115 -0.8518834 -0.446565 0.2736317 -0.8518891 -0.4465461 0.2736447 -0.7594474 -0.5547005 0.3399221 -0.759445 -0.554706 0.3399187 -0.6483401 -0.6491612 0.3978 -0.6483659 -0.6491192 0.3978266 -0.5213044 -0.7275953 0.4459223 -0.9722065 -0.1780421 0.1520382 -0.9722071 -0.1780317 0.1520459 -0.9234259 -0.2918324 0.2492359 -0.9234285 -0.2918165 0.2492452 -0.851888 -0.3982359 0.3401398 -0.8518836 -0.3982514 0.3401325 -0.7594421 -0.4947049 0.4225101 -0.7594473 -0.4946925 0.4225154 -0.6483601 -0.578918 0.4944522 -0.648342 -0.5789503 0.4944384 -0.6051411 -0.6053895 0.5170182 -0.9722085 -0.152025 0.178042 -0.9722068 -0.152054 0.1780267 -0.9234241 -0.2492505 0.2918255 -0.9234266 -0.2492343 0.2918317 -0.8518924 -0.3401162 0.3982465 -0.8518872 -0.3401361 0.3982406 -0.7594382 -0.4225222 0.4947005 -0.7594428 -0.4225106 0.4947035 -0.648358 -0.4944438 0.5789277 -0.9722091 -0.1223182 0.1996189 -0.9722082 -0.1223345 0.1996134 -0.9234251 -0.2005371 0.3272168 -0.9234251 -0.200537 0.3272168 -0.8518802 -0.2736699 0.4465478 -0.8518894 -0.2736331 0.4465527 -0.7594461 -0.3399087 0.5547105 -0.7594399 -0.3399251 0.554709 -0.6695979 -0.3880712 0.6332767 -0.9722084 -0.08958953 0.2162971 -0.9722086 -0.08958733 0.2162975 -0.9234278 -0.1468549 0.3545628 -0.9234262 -0.146866 0.3545622 -0.8518838 -0.2004249 0.4838634 -0.8518819 -0.2004325 0.4838636 -0.7594416 -0.2489748 0.6010491 -0.7594448 -0.2489665 0.6010485 -0.7074855 -0.2704567 0.6529299 -0.9722061 -0.05468869 0.2276495 -0.9722081 -0.05465251 0.2276499 -0.9234252 -0.08958917 0.3731751 -0.9234269 -0.0895769 0.3731738 -0.8518927 -0.1222408 0.5092504 -0.851885 -0.1222711 0.509256 -0.7594364 -0.1518864 0.6326033 -0.7594413 -0.1518738 0.6326003 -0.7757987 -0.1472994 0.6135465 -0.9969221 0 0.07839882 -0.9969221 0 0.07839882 -0.9723716 0 0.2334388 -0.9723716 0 0.2334388 -0.9238465 0 0.3827632 -0.9238465 0 0.3827632 -0.8526025 0 0.5225601 -0.8526025 0 0.5225601 -0.7604416 0 0.6494065 -0.7604416 0 0.6494065 -0.6070563 0.2320648 0.7600188 -0.6603024 0.3826777 0.6461878 -0.5387185 0.6494617 0.5366395 -0.4251711 0.8498702 0.3113681 -0.2192479 0.9714315 0.09083592 -0.21423 0.9699798 0.1150851 -0.07839936 0.9963927 0.03248137 -0.9969032 0.006160378 0.07839733 -0.9969033 0.0183674 0.07646387 -0.9969031 0.03009301 0.07265388 -0.9969032 0.04108357 0.06705385 -0.9969033 0.05107086 0.05979722 -0.9969033 0.05979359 0.0510742 -0.9969033 0.06705778 0.04107546 -0.9969032 0.07265061 0.03009903 -0.9969032 0.07646775 0.01835095 -0.9969032 0.07839518 0.006181359 -0.9722072 0.1520489 0.178029 -0.9722067 0.1520439 0.1780356 -0.923425 0.2492322 0.2918381 -0.9234281 0.2492433 0.291819 -0.8518897 0.3401347 0.3982365 -0.8518871 0.3401302 0.3982459 -0.7594428 0.4225113 0.4947029 -0.7594424 0.4225109 0.4947038 -0.648358 0.4944438 0.5789276 -0.6649557 0.5071014 0.5483448 -0.5188857 0.5190986 0.6791864 -0.9722088 0.1996397 0.122287 -0.9722068 0.1996277 0.1223222 -0.9234248 0.327233 0.2005124 -0.9234263 0.3272354 0.2005012 -0.8518936 0.4465579 0.2736116 -0.8518842 0.446553 0.273649 -0.7594398 0.5547081 0.3399267 -0.7594467 0.5547097 0.3399084 -0.6483613 0.6491524 0.3977799 -0.6483346 0.6491476 0.3978312 -0.5213218 0.7275926 0.4459062 -0.5505125 0.7324824 0.4005066 -0.4385207 0.7600888 0.4795462 -0.9722068 0.216296 0.08961105 -0.972208 0.2163 0.08958745 -0.923428 0.3545629 0.1468533 -0.9234244 0.3545616 0.1468788 -0.8518851 0.4838552 0.2004392 -0.8518922 0.4838545 0.200411 -0.7594375 0.6010614 0.2489578 -0.7594394 0.6010611 0.2489528 -0.6483814 0.7033701 0.2913281 -0.6483619 0.7033725 0.2913654 -0.5212852 0.7884151 0.3265935 -0.5213218 0.7884138 0.3265385 -0.3816277 0.8539695 0.3536898 -0.4905244 0.8471766 0.2041512 -0.1438798 0.9098778 0.3891286 -0.9722061 0.2334023 0.01840358 -0.9722077 0.2333978 0.01837247 -0.9234282 0.3825877 0.03011637 -0.923428 0.382588 0.03011721 -0.8518905 0.5221047 0.0410999 -0.851897 0.5220962 0.04107552 -0.7594415 0.6485716 0.05102586 -0.7594239 0.6485887 0.05106902 -0.6483401 0.7590016 0.05976277 -0.6483737 0.7589777 0.05970269 -0.5213092 0.8507398 0.06692087 -0.5212906 0.8507491 0.06694728 -0.3816491 0.9214586 0.07251161 -0.3816111 0.9214708 0.07255733 -0.2327793 0.9695286 0.07634145 -0.9722065 0.01834088 0.2334056 -0.9722077 0.01836079 0.2333994 -0.9234247 0.03009766 0.3825976 -0.9234275 0.03011572 0.3825896 -0.8518922 0.04109758 0.5221021 -0.8518832 0.04106616 0.5221192 -0.7594332 0.05101281 0.6485823 -0.7594498 0.05105084 0.6485598 -0.3819736 0.07252115 0.9213234 -0.9722087 0.05468165 0.2276406 -0.972207 0.05465364 0.2276545 -0.9234268 0.08958828 0.3731715 -0.9234254 0.08958035 0.3731766 -0.8518834 0.1222479 0.5092644 -0.8518923 0.1222766 0.5092425 -0.7594448 0.1518945 0.6325911 -0.7594344 0.1518729 0.6326091 -0.7758074 0.1472941 0.6135367 -0.9722083 0.08958971 0.2162976 -0.9722085 0.08959126 0.2162966 -0.9234261 0.1468625 0.354564 -0.9234267 0.1468656 0.3545612 -0.8518846 0.2004244 0.4838623 -0.8518826 0.2004191 0.4838678 -0.75944 0.2489594 0.6010575 -0.7594463 0.2489703 0.6010451 -0.7074918 0.2704592 0.652922 -0.9722065 0.1223146 0.1996337 -0.9722083 0.1223388 0.1996101 -0.9234285 0.2005404 0.3272051 -0.9234255 0.2005262 0.3272224 -0.8518861 0.2736508 0.4465482 -0.8518849 0.2736479 0.4465524 -0.7594429 0.3399241 0.5547054 -0.7594398 0.3399196 0.5547126 -0.6695978 0.3880649 0.6332807 -0.9722068 0.1780207 0.1520609 -0.9722074 0.1780259 0.1520512 -0.923427 0.2918219 0.249244 -0.9234251 0.2918168 0.2492572 -0.8518827 0.3982346 0.3401545 -0.8518902 0.3982432 0.3401256 -0.7594477 0.4946999 0.4225059 -0.7594426 0.4946966 0.4225189 -0.6483346 0.5789346 0.4944663 -0.6483585 0.5789459 0.4944217 -0.6051454 0.6053937 0.5170083 -0.9722082 0.2276546 0.0546332 -0.9722071 0.2276544 0.05465263 -0.923428 0.3731689 0.08958607 -0.9234276 0.3731692 0.08958911 -0.8518972 0.5092392 0.1222563 -0.8518864 0.509247 0.1222987 -0.7594215 0.6326118 0.1519254 -0.7594385 0.6326018 0.1518815 -0.6483735 0.7402851 0.1777353 -0.6483803 0.7402822 0.1777223 -0.5212919 0.8298005 0.1992134 -0.5212845 0.8298025 0.1992242 -0.3816097 0.8987829 0.2157855 -0.3816276 0.8987806 0.2157634 -0.2923647 0.9298876 0.223231 -0.07844072 0.9969187 0 -0.07844072 0.9969187 0 -0.2334606 0.9723662 0 -0.2334606 0.9723662 0 -0.3826564 0.9238907 0 -0.3826564 0.9238907 0 -0.5224804 0.8526513 0 -0.5224804 0.8526513 0 -0.649501 0.7603607 0 -0.649501 0.7603607 0 -0.7604321 0.6494175 0 -0.7604321 0.6494175 0 -0.8526109 0.5225463 0 -0.8526109 0.5225463 0 -0.9238473 0.3827614 0 -0.9238473 0.3827614 0 -0.9723708 0.2334419 0 -0.9723708 0.2334419 0 -0.9969223 0.07839667 0 -0.9969223 0.07839667 0 -0.2142302 0.96998 -0.1150838 -0.5387184 0.649461 -0.5366405 -0.5505125 0.7324823 -0.4005066 -0.6649567 0.5071022 -0.548343 -0.5188868 0.5190997 -0.6791848 -0.6602988 0.3826757 -0.6461925 -0.6070672 0.2320689 -0.7600088 -0.4385208 0.7600888 -0.4795461 -0.9969032 0.07839518 -0.006181359 -0.9969032 0.07646775 -0.01835095 -0.9969032 0.07265061 -0.03009903 -0.9969033 0.06705778 -0.04107546 -0.9969033 0.05979359 -0.0510742 -0.9969033 0.05106902 -0.05979907 -0.9969031 0.04108619 -0.06705254 -0.9969031 0.03009301 -0.07265388 -0.9969032 0.01836419 -0.07646489 -0.9969031 0.006163835 -0.07839733 -0.9722083 0.2333931 -0.01840287 -0.9722067 0.2334025 -0.01837283 -0.9234281 0.3825881 -0.03011637 -0.9234282 0.3825877 -0.03011721 -0.8518978 0.5220929 -0.04109895 -0.8518914 0.5221053 -0.04107624 -0.7594223 0.6485939 -0.05102759 -0.7594399 0.6485701 -0.05106753 -0.6483757 0.7589715 -0.05976039 -0.6483424 0.7590042 -0.05970525 -0.5212901 0.8507515 -0.06692236 -0.5213083 0.8507384 -0.0669465 -0.3816099 0.9214748 -0.07251286 -0.3816478 0.9214557 -0.07255613 -0.2221385 0.9720065 -0.07653653 -0.2323761 0.9678494 -0.09627497 -0.07839936 0.9963927 -0.03248137 -0.4251711 0.8498702 -0.3113681 -0.490518 0.8471775 -0.2041626 -0.1438585 0.9098718 -0.3891504 -0.9722079 0.01835066 -0.2333995 -0.9722071 0.01836079 -0.233401 -0.9234279 0.030097 -0.3825898 -0.9234253 0.03011614 -0.3825949 -0.8518826 0.04109877 -0.5221178 -0.8518908 0.04106819 -0.5221069 -0.7594491 0.05101507 -0.6485635 -0.759436 0.05104744 -0.6485763 -0.3819435 0.07251548 -0.9213363 -0.9722068 0.2276602 -0.05463451 -0.9722078 0.2276516 -0.05465197 -0.9234275 0.3731701 -0.08958637 -0.9234279 0.3731685 -0.08958894 -0.8518851 0.5092585 -0.1222609 -0.8518958 0.5092322 -0.122295 -0.7594408 0.6325899 -0.1519201 -0.7594231 0.6326197 -0.1518843 -0.6483798 0.7402803 -0.1777324 -0.6483731 0.7402886 -0.1777224 -0.5212841 0.8298055 -0.1992129 -0.5212926 0.8297976 -0.1992231 -0.3816295 0.8987749 -0.2157836 -0.3816103 0.8987878 -0.2157635 -0.2923661 0.9298875 -0.2232294 -0.9722084 0.2162895 -0.08960837 -0.9722071 0.2163033 -0.08958882 -0.9234238 0.3545722 -0.1468572 -0.9234272 0.3545553 -0.1468761 -0.8518931 0.4838432 -0.2004343 -0.851886 0.4838637 -0.2004148 -0.7594395 0.6010592 -0.2489569 -0.7594386 0.6010609 -0.2489553 -0.6483607 0.7033853 -0.2913374 -0.6483786 0.7033596 -0.29136 -0.5213235 0.7883935 -0.3265845 -0.521287 0.7884334 -0.3265466 -0.38163 0.8539686 -0.3536894 -0.9722061 0.199649 -0.1222926 -0.9722082 0.1996231 -0.1223193 -0.9234268 0.3272291 -0.20051 -0.9234251 0.327238 -0.2005028 -0.851883 0.4465728 -0.2736206 -0.8518924 0.4465416 -0.273642 -0.7594474 0.5547005 -0.3399221 -0.7594404 0.5547161 -0.3399122 -0.6483328 0.649173 -0.3977925 -0.6483595 0.6491295 -0.3978201 -0.5213218 0.7275926 -0.4459062 -0.9722079 0.1780175 -0.1520581 -0.9722071 0.178029 -0.1520495 -0.9234239 0.2918312 -0.2492447 -0.9234267 0.291814 -0.2492547 -0.8518912 0.3982241 -0.3401455 -0.8518836 0.3982514 -0.3401325 -0.7594421 0.4947049 -0.4225101 -0.7594473 0.4946925 -0.4225154 -0.6483595 0.5789185 -0.4944526 -0.6483362 0.5789597 -0.4944348 -0.6051449 0.6053933 -0.5170093 -0.9722071 0.1520434 -0.1780346 -0.9722073 0.1520395 -0.1780366 -0.9234288 0.2492215 -0.2918354 -0.9234249 0.2492484 -0.291825 -0.8518868 0.3401378 -0.3982402 -0.8518893 0.3401278 -0.3982431 -0.7594418 0.422512 -0.4947037 -0.7594427 0.4225097 -0.4947043 -0.6483572 0.4944432 -0.5789291 -0.9722087 0.1223173 -0.1996213 -0.9722074 0.1223407 -0.1996133 -0.9234249 0.200545 -0.3272126 -0.9234281 0.2005231 -0.3272173 -0.8518838 0.2736526 -0.4465513 -0.8518859 0.2736448 -0.4465523 -0.7594408 0.3399227 -0.5547093 -0.7594421 0.3399192 -0.5547095 -0.669599 0.3880656 -0.6332789 -0.9722089 0.08958899 -0.2162958 -0.9722085 0.08959573 -0.2162947 -0.9234247 0.146871 -0.3545641 -0.9234261 0.1468612 -0.3545646 -0.8518844 0.2004178 -0.4838654 -0.8518835 0.2004212 -0.4838654 -0.7594453 0.2489603 -0.6010504 -0.7594417 0.2489696 -0.601051 -0.7074881 0.2704577 -0.6529268 -0.972207 0.05467355 -0.2276497 -0.9722083 0.05464732 -0.22765 -0.9234254 0.08958101 -0.3731765 -0.9234247 0.08958625 -0.3731771 -0.8518928 0.1222518 -0.5092477 -0.8518862 0.1222774 -0.5092524 -0.7594348 0.1518954 -0.6326031 -0.7594428 0.151875 -0.6325985 -0.7758165 0.1472958 -0.6135248 -0.7604392 0 -0.649409 -0.7604392 0 -0.649409 -0.852603 0 -0.5225592 -0.852603 0 -0.5225592 -0.9238465 0 -0.3827632 -0.9238465 0 -0.3827632 -0.9723716 0 -0.2334388 -0.9723716 0 -0.2334388 -0.9969221 0 -0.07839882 -0.9969221 0 -0.07839882 -0.6070672 -0.2320689 -0.7600088 -0.6602882 -0.3826758 -0.6462033 -0.5386949 -0.6494678 -0.5366558 -0.4252079 -0.8498612 -0.3113428 -0.2192295 -0.9714363 -0.09082829 -0.2142047 -0.9699825 -0.1151101 -0.07841295 -0.9963915 -0.03248697 -0.9969031 -0.006163835 -0.07839733 -0.9969031 -0.0183658 -0.07646465 -0.9969031 -0.03009313 -0.0726543 -0.9969031 -0.04108971 -0.06705135 -0.9969031 -0.0510627 -0.05980539 -0.9969033 -0.05980104 -0.05106675 -0.9969032 -0.06705248 -0.04108595 -0.9969032 -0.07265353 -0.03009331 -0.9969031 -0.07646876 -0.01835119 -0.9969031 -0.0783962 -0.006181478 -0.9722064 -0.1520249 -0.178054 -0.9722083 -0.1520469 -0.1780244 -0.923426 -0.2492427 -0.2918262 -0.9234246 -0.2492374 -0.2918353 -0.8518865 -0.3401225 -0.3982539 -0.8518917 -0.3401314 -0.3982351 -0.7594432 -0.4225185 -0.4946961 -0.7594381 -0.4225132 -0.4947084 -0.6483572 -0.4944432 -0.5789291 -0.6649567 -0.5071022 -0.548343 -0.5188868 -0.5190998 -0.6791847 -0.9722081 -0.1996236 -0.1223182 -0.9722071 -0.1996174 -0.1223366 -0.923424 -0.3272195 -0.2005382 -0.9234284 -0.3272261 -0.200507 -0.8518899 -0.446556 -0.2736262 -0.8518842 -0.446553 -0.273649 -0.7594447 -0.5547032 -0.3399237 -0.7594471 -0.5547037 -0.3399174 -0.6483676 -0.6491413 -0.3977878 -0.6483418 -0.6491366 -0.3978373 -0.5213044 -0.7275953 -0.4459223 -0.5504867 -0.7324847 -0.4005377 -0.4385551 -0.7600759 -0.4795351 -0.9722077 -0.2162992 -0.08959192 -0.972208 -0.2163 -0.08958745 -0.923428 -0.3545629 -0.1468533 -0.9234244 -0.3545616 -0.1468788 -0.8518817 -0.4838604 -0.2004414 -0.8518887 -0.4838597 -0.2004132 -0.7594386 -0.6010602 -0.2489573 -0.7594443 -0.6010592 -0.248942 -0.6483876 -0.7033694 -0.291316 -0.6483688 -0.7033717 -0.2913522 -0.521295 -0.7884148 -0.3265789 -0.5213041 -0.7884144 -0.326565 -0.3816075 -0.8539671 -0.3537173 -0.4906557 -0.8471482 -0.2039527 -0.1440581 -0.9099279 -0.3889455 -0.9722061 -0.2334023 -0.01840358 -0.9722072 -0.2333993 -0.01838296 -0.9234277 -0.3825876 -0.03013336 -0.9234318 -0.38258 -0.03010499 -0.8518911 -0.5221051 -0.04108411 -0.8518899 -0.5221067 -0.04108846 -0.7594351 -0.6485778 -0.05104154 -0.7594345 -0.6485784 -0.05104297 -0.6483571 -0.7589895 -0.05973231 -0.6483659 -0.7589832 -0.05971652 -0.5213186 -0.8507329 -0.06693536 -0.5213013 -0.8507416 -0.06695979 -0.3816254 -0.9214673 -0.07252651 -0.381622 -0.9214683 -0.0725305 -0.2327798 -0.9695308 -0.07631361 -0.972207 -0.01835089 -0.2334027 -0.9722076 -0.01836156 -0.2333994 -0.9234247 -0.03009897 -0.3825975 -0.9234274 -0.03011661 -0.3825896 -0.8518915 -0.04109889 -0.5221033 -0.8518835 -0.04107099 -0.5221183 -0.7594357 -0.05101871 -0.6485788 -0.7594479 -0.05104625 -0.6485624 -0.3819283 -0.07251596 -0.9213426 -0.9722089 -0.05467635 -0.2276408 -0.9722073 -0.05464845 -0.2276545 -0.9234251 -0.08958119 -0.3731774 -0.9234254 -0.08958321 -0.3731762 -0.8518862 -0.1222507 -0.5092589 -0.8518914 -0.1222673 -0.5092464 -0.7594403 -0.1518836 -0.6325993 -0.7594381 -0.1518791 -0.6326029 -0.7758078 -0.1473011 -0.6135346 -0.9722086 -0.08958929 -0.2162965 -0.9722088 -0.0895915 -0.216295 -0.9234262 -0.1468636 -0.3545634 -0.9234257 -0.1468615 -0.3545653 -0.8518805 -0.2004202 -0.4838711 -0.8518853 -0.2004331 -0.4838575 -0.7594466 -0.2489758 -0.6010424 -0.7594407 -0.2489656 -0.6010541 -0.7074816 -0.2704553 -0.6529346 -0.9722083 -0.1223272 -0.199617 -0.9722087 -0.1223331 -0.1996113 -0.9234251 -0.200537 -0.3272168 -0.9234251 -0.200537 -0.3272168 -0.8518906 -0.273661 -0.4465333 -0.8518807 -0.2736383 -0.4465663 -0.7594386 -0.3399106 -0.5547198 -0.7594467 -0.339922 -0.5547015 -0.6695991 -0.388072 -0.6332749 -0.9722074 -0.1780392 -0.1520357 -0.9722068 -0.1780348 -0.152044 -0.923429 -0.2918301 -0.2492268 -0.9234257 -0.2918214 -0.2492494 -0.8518831 -0.3982419 -0.3401449 -0.8518874 -0.3982467 -0.3401286 -0.7594477 -0.4946999 -0.4225059 -0.7594426 -0.4946966 -0.4225189 -0.6483407 -0.5789307 -0.494463 -0.6483583 -0.578939 -0.4944301 -0.6051407 -0.605389 -0.5170192 -0.9722074 -0.2276576 -0.05463391 -0.9722074 -0.2276576 -0.05463266 -0.9234329 -0.3731653 -0.08955115 -0.9234276 -0.3731692 -0.08958911 -0.8518899 -0.5092508 -0.1222591 -0.8518823 -0.5092563 -0.1222887 -0.7594335 -0.6326017 -0.1519078 -0.7594397 -0.6325981 -0.1518917 -0.6483643 -0.7402898 -0.1777493 -0.6483866 -0.7402802 -0.1777074 -0.5213032 -0.8297974 -0.1991965 -0.5212938 -0.8298 -0.1992105 -0.3816215 -0.8987814 -0.2157709 -0.3816068 -0.8987832 -0.2157891 -0.2923433 -0.9298881 -0.223257 -0.9969221 -0.07839775 0 -0.9969221 -0.07839775 0 -0.9723708 -0.2334419 0 -0.9723708 -0.2334419 0 -0.9238473 -0.3827614 0 -0.9238473 -0.3827614 0 -0.8526109 -0.5225463 0 -0.8526109 -0.5225463 0 -0.7604263 -0.6494243 0 -0.7604263 -0.6494243 0 -0.6495169 -0.7603471 0 -0.6495169 -0.7603471 0 -0.5224904 -0.8526452 0 -0.5224904 -0.8526452 0 -0.382633 -0.9239004 0 -0.382633 -0.9239004 0 -0.2334606 -0.9723662 0 -0.2334606 -0.9723662 0 -0.07845437 -0.9969177 0 -0.07845437 -0.9969177 0 0.2708105 -0.9239087 -0.2702857 0.6872961 -0.234538 -0.6874707 0.03780651 -0.998305 -0.04424834 0.8013264 -0.1290257 -0.5841475 0.6217045 -0.4762928 -0.6217947 0.658021 -0.3671284 -0.6574383 0.6534894 -0.3825824 -0.6531327 0.3220509 -0.8901703 -0.3223044 0.446902 -0.7752107 -0.4464603 0.4304727 -0.7933061 -0.430533 0.5556005 -0.6186063 -0.5555487 0.5610871 -0.6087916 -0.5608511 0.1897653 -0.9632565 -0.1900688 0.09253764 -0.9914447 -0.09205496 0.06092858 -0.9962808 -0.06092858 0.7933962 0.6087055 0 0.923883 0.3826749 0 0.923883 0.3826749 0 0.9914295 0.1306431 0 0.9914295 0.1306431 0 0.7933962 0.6087055 0 0.6087642 0.7933512 0 0.6087642 0.7933512 0 0.3826611 0.9238888 0 0.3826611 0.9238888 0 0.1305101 0.991447 0 0.1305101 0.991447 0 0.2708253 0.9239 -0.2703008 0.3220686 0.8901574 -0.3223223 0.189723 0.963273 -0.1900272 -0.7043763 0.001127123 0.7098259 -0.6854467 0.1479099 -0.7129414 0.6217045 0.4762928 -0.6217947 0.5556731 0.6186643 -0.5554114 0.5609981 0.6087914 -0.5609405 0.4467793 0.7750709 -0.4468261 0.4306751 0.7933067 -0.4303294 0.6872993 0.234519 -0.6874739 0.6578937 0.3670781 -0.6575938 0.6535527 0.3825936 -0.6530628 0.03782767 0.9989038 -0.02757543 0.7013196 0.1305642 -0.7007879 0.9203708 0.3812202 0.08711361 0.791611 0.6073359 -0.06704491 0.2310535 0.5578508 0.7971304 0.1303199 0.9900019 -0.05397135 0.4324705 0.8950576 -0.1088168 0.7128202 0.1305461 -0.68909 0.7368512 0.1214376 -0.6650588 0.7577033 0.1044058 -0.6441934 0.7747073 0.08036208 -0.6271927 0.7868558 0.05062264 -0.6150571 0.7932773 0.01671636 -0.6086309 0.6051746 0.7886733 0.1084346 0.7469166 0.6443496 -0.164101 0.770592 0.6315662 -0.08551186 0.822566 0.4856558 -0.2958438 0.8223901 0.4857351 -0.2962023 0.8180997 0.3060386 -0.4868811 0.8184815 0.3058323 -0.4863688 0.3005318 0.945616 -0.1244637 0.3540384 0.9170936 -0.1832926 0.3540605 0.9171292 -0.1830719 0.5017338 0.7890463 -0.3544984 0.5016922 0.7889989 -0.3546628 0.6157045 0.6068819 -0.5025955 0.615662 0.6068515 -0.5026843 0.6880313 0.3821921 -0.6168811 0.687796 0.3821101 -0.6171941 0.9161229 0.1207198 0.3822898 0.9882751 0.07970416 -0.1302291 0.9883102 0.07950782 -0.130083 0.9227332 0.04995357 -0.3821884 0.9227778 0.04977422 -0.3821042 0.9613422 0.2450534 -0.1255788 0.958967 0.2344427 -0.1594328 0.9590958 0.2341464 -0.1590937 0.9043198 0.1473754 -0.4006073 0.9041277 0.1477574 -0.4009003 0.893204 0.4432425 -0.07564926 0.9026674 0.3724516 -0.2155727 0.9025012 0.3726421 -0.2159385 0.8686304 0.2346628 -0.4363651 0.8685246 0.2347797 -0.436513 0.5680856 0.8181601 -0.08884203 0.6434247 0.7353703 -0.2126852 0.6433924 0.7353647 -0.2128022 0.7247771 0.5653849 -0.3937487 0.725057 0.5654175 -0.3931863 0.7570487 0.3560153 -0.5478417 0.7570737 0.3560131 -0.5478085 0.9914293 0 -0.1306447 0.9914293 0 -0.1306447 0.9238867 0 -0.3826662 0.9238867 0 -0.3826662 0.7933883 0 -0.608716 0.7933883 0 -0.608716 0.5893776 -0.3811451 -0.7122939 0.6074264 -0.6074075 -0.5119466 -0.4009619 -0.5569667 -0.7273359 0.1303441 -0.9899982 -0.05398136 0.3826298 -0.895153 -0.2286823 0.9912825 -0.130627 -0.01718997 0.9912825 -0.1217196 -0.05043309 0.9912824 -0.1045311 -0.08020305 0.9912824 -0.0802043 -0.1045293 0.9912828 -0.0504356 -0.1217151 0.9912828 -0.01718688 -0.1306254 0.3509755 -0.7886017 -0.5048996 0.6441797 -0.6441596 -0.412421 0.6054603 -0.6314004 -0.4845117 0.7908596 -0.4855225 -0.3725708 0.7908645 -0.4855255 -0.3725566 0.9227156 -0.3058233 -0.2346663 0.9227177 -0.3058282 -0.2346513 0.300632 -0.9455786 -0.1245052 0.3798524 -0.9171311 -0.1207596 0.379839 -0.9171344 -0.1207759 0.6054745 -0.7890524 -0.103909 0.6054681 -0.7890558 -0.1039196 0.790849 -0.6067716 -0.0799126 0.790861 -0.6067605 -0.07987868 0.9227145 -0.3821862 -0.05031394 0.9227175 -0.3821819 -0.05029362 0.3796749 -0.1207513 -0.9172056 0.7908528 -0.07988214 -0.6067707 0.7908584 -0.07989615 -0.6067616 0.9227161 -0.05032426 -0.3821813 0.9227103 -0.05028748 -0.3822 0.7690767 -0.2445961 -0.590503 0.7908587 -0.2342032 -0.5654125 0.7908496 -0.234185 -0.5654328 0.9227098 -0.1475093 -0.356157 0.9227196 -0.1475625 -0.3561092 0.6854234 -0.443257 -0.5776835 0.7908505 -0.3725597 -0.4855458 0.7908585 -0.3725704 -0.4855247 0.9227178 -0.2346687 -0.3058145 0.9227154 -0.2346593 -0.3058289 0.4645143 -0.8181622 -0.3388763 0.6054589 -0.7352997 -0.3045553 0.605476 -0.735298 -0.3045251 0.7908642 -0.565419 -0.2341693 0.7908461 -0.5654219 -0.2342233 0.9227176 -0.3561301 -0.1475252 0.9227131 -0.3561283 -0.1475577 0.6087642 -0.7933512 0 0.38264 -0.9238975 0 0.38264 -0.9238975 0 0.1305344 -0.9914438 0 0.1305344 -0.9914438 0 0.6087642 -0.7933512 0 0.7933962 -0.6087055 0 0.7933962 -0.6087055 0 0.9238867 -0.3826662 0 0.9238867 -0.3826662 0 0.991429 -0.1306463 0 0.991429 -0.1306463 0 0.3510011 -0.7886046 0.5048771 0.6074264 -0.6074075 0.5119466 0.644185 -0.6441648 0.4124045 0.5893776 -0.3811451 0.7122939 0.1303441 -0.9899982 0.05398136 0.9912827 -0.01719313 0.1306254 0.9912828 -0.05043053 0.1217181 0.9912825 -0.0802043 0.1045293 0.9912824 -0.1045311 0.08020305 0.9912825 -0.1217196 0.05043309 0.9912825 -0.130627 0.01718997 0.379675 -0.1207513 0.9172056 0.7908574 -0.07988137 0.6067647 0.7908519 -0.07989728 0.60677 0.9227139 -0.05032485 0.3821862 0.922717 -0.05030351 0.3821817 0.3006355 -0.9455773 0.1245067 0.3798396 -0.917136 0.1207618 0.3798518 -0.9171292 0.1207753 0.6054688 -0.7890567 0.1039096 0.6054751 -0.7890506 0.103919 0.7908589 -0.6067589 0.07991093 0.790847 -0.6067785 0.07988107 0.9227165 -0.3821815 0.05031335 0.9227137 -0.382191 0.05029481 -0.4008156 -0.5571347 0.727288 0.3826271 -0.895155 0.2286788 0.4645171 -0.8181589 0.3388802 0.605474 -0.7352874 0.3045549 0.6054541 -0.7353134 0.3045315 0.7908492 -0.5654369 0.2341768 0.7908694 -0.5653918 0.2342171 0.9227142 -0.3561359 0.1475315 0.9227183 -0.3561167 0.1475529 0.6054555 -0.6314032 0.4845139 0.7908665 -0.4855154 0.3725654 0.7908582 -0.4855375 0.3725542 0.9227161 -0.3058256 0.2346608 0.9227148 -0.3058336 0.2346554 0.6854234 -0.443257 0.5776835 0.790857 -0.3725546 0.4855391 0.7908536 -0.3725647 0.4855369 0.9227158 -0.2346656 0.3058229 0.9227171 -0.2346568 0.3058257 0.7690767 -0.2445961 0.590503 0.7908555 -0.2342048 0.5654164 0.7908594 -0.2341931 0.5654157 0.9227153 -0.1475124 0.3561415 0.9227092 -0.1475565 0.3561391 0.7933883 0 0.608716 0.7933883 0 0.608716 0.9238867 0 0.3826662 0.9238867 0 0.3826662 0.9914293 0 0.1306447 0.9914293 0 0.1306447 0.6051746 0.7886733 -0.1084346 0.791611 0.6073359 0.06704491 0.7469166 0.6443496 0.1641009 0.9203708 0.3812202 -0.08711361 0.1303199 0.9900019 0.05397135 0.7932773 0.01671636 0.6086309 0.7868558 0.05062264 0.6150571 0.7747073 0.08036208 0.6271927 0.7577033 0.1044059 0.6441934 0.7368512 0.1214377 0.6650588 0.7128202 0.1305461 0.68909 0.9160976 0.1207165 -0.3823517 0.9882881 0.07971751 0.130123 0.9882918 0.07949233 0.1302313 0.9227517 0.04995954 0.382143 0.922742 0.04976272 0.3821921 0.3005317 0.945616 0.1244637 0.3539496 0.9171476 0.1831936 0.3541597 0.9170688 0.1831822 0.5017836 0.7889874 0.3545591 0.501633 0.78907 0.3545882 0.615722 0.6068471 0.5026162 0.615639 0.6069018 0.5026518 0.6880496 0.3821029 0.6169159 0.6877607 0.3822823 0.6171267 0.2310535 0.5578508 -0.7971304 0.4324705 0.8950576 0.1088168 0.5680857 0.81816 0.08884209 0.643452 0.7353322 0.2127349 0.6433625 0.7354085 0.2127423 0.7247208 0.5655817 0.3935694 0.7251396 0.5651417 0.3934304 0.7570484 0.3560239 0.5478364 0.7570741 0.3559963 0.5478187 0.7705914 0.6315665 0.08551365 0.8225789 0.4855511 0.2959796 0.8223674 0.4858904 0.296011 0.8181201 0.3061583 0.4867717 0.8184421 0.305601 0.4865804 0.8932039 0.4432425 0.07564926 0.9026652 0.3723596 0.2157402 0.9025042 0.3727721 0.2157016 0.8686175 0.2346332 0.4364067 0.8685495 0.2348368 0.4364326 0.9613425 0.2450494 0.1255846 0.9589847 0.2345011 0.1592407 0.9590721 0.2340608 0.1593621 0.904278 0.1473308 0.4007179 0.9042081 0.1478435 0.4006869 -0.869598 -0.4937604 0 -0.9520611 -0.3059077 0 -0.9520611 -0.3059077 0 -0.9946134 -0.1036548 0 -0.9946134 -0.1036548 0 -0.869598 -0.4937604 0 -0.739315 -0.6733597 0 -0.739315 -0.6733598 0 -0.5579892 -0.8298482 0 -0.5579892 -0.8298482 0 -0.3482876 -0.9373877 0 -0.3482876 -0.9373877 0 -0.118958 -0.9928993 0 -0.118958 -0.9928992 0 -0.2464137 -0.9374271 -0.245989 -0.3220302 -0.8901574 -0.3223605 -0.3947255 -0.8298972 -0.3942872 -0.4467516 -0.7749287 -0.4471002 -0.5229176 -0.673459 -0.5225037 -0.5554868 -0.6184798 -0.5558033 -0.1897713 -0.9632607 -0.1900416 -0.06092894 -0.9963106 -0.06043809 -0.08411443 -0.9928995 -0.08411449 -0.6873 -0.2345393 -0.6874663 -0.6580963 -0.3672075 -0.6573187 -0.6731218 -0.305916 -0.6732922 -0.6217904 -0.47632 -0.6216881 -0.6150572 -0.4937152 -0.6147763 -0.7050335 -0.07943761 -0.7047109 -0.703296 -0.1036813 -0.7032958 -0.5058853 0.8626008 0 -0.3140171 0.9494172 0 -0.3140172 0.9494173 0 -0.1070865 0.9942497 0 -0.1070865 0.9942497 0 -0.5058853 0.8626008 0 -0.6820192 0.7313342 0 -0.6820193 0.7313343 0 -0.8310292 0.5562287 0 -0.8310292 0.5562287 0 -0.9373173 0.3484771 0 -0.9373173 0.3484771 0 -0.9929212 0.1187744 0 -0.9929213 0.1187744 0 -0.4824135 0.7313678 -0.4820564 -0.6872912 0.2345163 -0.687483 -0.7051709 0.07945382 -0.7045716 -0.7021028 0.1187577 -0.7021028 -0.5554859 0.6184558 -0.5558309 -0.6222451 0.4766683 -0.6209657 -0.5874747 0.5562205 -0.587786 -0.6578356 0.3670828 -0.6576493 -0.6629709 0.3485028 -0.6625825 -0.4467366 0.7749744 -0.4470358 -0.3578212 0.8626334 -0.3575298 -0.3220553 0.8901662 -0.3223111 -0.2221314 0.9494378 -0.221868 -0.01376307 -0.9998472 -0.0107721 -0.08200281 0.994783 -0.06068193 0.8081617 0.001293241 0.5889592 0 0 1 -0.1361644 0 0.9906863 -0.2697959 0 0.9629175 -0.2697959 0 0.9629175 -0.3984072 0 0.9172087 -0.3984072 0 0.9172087 -0.5195891 0 0.8544163 -0.5195891 0 0.8544163 -0.6310837 0 0.7757146 -0.6310837 0 0.7757146 -0.7308385 0 0.6825504 -0.7308385 0 0.6825504 -0.816968 0 0.5766831 -0.816968 0 0.5766831 -0.8878753 0 0.4600843 -0.8878753 0 0.4600843 -0.9422634 0 0.3348727 -0.9422634 0 0.3348727 -0.9790821 0 0.2034658 -0.9790821 0 0.2034658 -0.9976705 0 0.06821614 -0.9976705 0 0.06821614 -0.1361644 0 0.9906863 0 0 1 0 0 1 0 1 0 0 1 0 0 1 0 0 1 0 0 -1 0 0 -1 0 0 -1 0 0 -1 0 0 1 0 0 1 0 0 1 0 0 1 0 0 1 0 0 1 0 0 -1 0 0 -1 0 0 1 0 0 1 0 0 1 0 0 1 0 0 1 0 0 1 0 0 1 0 0 1 0 0 1 0 0 1 0 0 -1 0 0 -1 0 0 -1 0 0 -1 0 0 1 0 0 1 0 0 1 0 0 1 0 0 -1 0 0 -1 0 0 -1 0 0 -1 0 0 -1 0 0 -1 0 0 -1 0 0 -1 0 0 -1 0 0 -1 0 0 -1 0 0 -1 0 0 -1 0 0 -1 0 0 1 0 0 1 0 0 -1 0 0 -1 0 -0.3984072 0 0.9172087 -0.5195891 0 0.8544163 -0.5195891 0 0.8544163 -0.6310837 0 0.7757146 -0.6310837 0 0.7757146 -0.7308385 0 0.6825504 -0.7308385 0 0.6825504 -0.816968 0 0.5766831 -0.816968 0 0.5766831 -0.8878753 0 0.4600843 -0.8878753 0 0.4600843 -0.9422634 0 0.3348727 -0.9422634 0 0.3348727 -0.9790821 0 0.2034658 -0.9790821 0 0.2034658 -0.9976705 0 0.06821614 -0.9976705 0 0.06821614 0 -0.05429559 -0.9985249 0 -0.05429559 -0.9985249 0 1 0 0 1 0 0 -1 0 0 -1 0 0 -1 0 0 -1 0 0 -1 0 0 -1 0 0 -1 0 0 -1 0 0 -1 0 0 -1 0 0 1 0 0 1 0 0 -1 0 0 -1 0 0 -1 0 0 -1 0 0 -1 0 0 -1 0 0 -1 0 0 -1 0 0 -1 0 0 -1 0 0 -1 0 0 -1 0 0 -1 0 0 -1 0 0 1 0 0 1 0 0 1 0 0 1 0 0 1 0 0 1 0 0 1 0 0 1 0 0 1 0 0 1 0 0 1 0 0 1 0 0 1 0 0 1 0 0 1 0 0 1 0 0 1 0 0 1 0 0 1 0 0 1 0 0 -1 0 0 -1 0 0 -1 0 0 -1 0 0 -1 0 0 -1 0 0 -1 0 0 -1 0 0 -1 0 0 -1 0 0 -1 0 0 -1 0 0 1 0 0 1 0 0 -1 0 0 -1 0 0 1 0 0 1 0 0 -1 0 0 -1 0 0 1 0 0 1 0 0 0 -1 0 0 -1 0 1 0 0 1 0 0 1 0 0 1 0 0 0 1 0 0 1 0 -1 0 0 -1 0 0 -1 0 0 -1 0 0 1 0 0 1 0 0 1 0 0 1 0 0 1 0 0 1 0 0 1 0 0 1 0 0 -1 0 0 -1 0 0 0 -1 0 0 -1 -0.136164 0 -0.9906863 -0.136164 0 -0.9906863 -0.2697955 0 -0.9629177 -0.2697955 0 -0.9629177 -0.3984075 0 -0.9172086 -0.3984075 0 -0.9172086 -0.5195889 0 -0.8544164 -0.5195889 0 -0.8544164 -0.6310839 0 -0.7757145 -0.6310839 0 -0.7757145 -0.7308385 0 -0.6825505 -0.7308385 0 -0.6825505 -0.8169679 0 -0.5766832 -0.8169679 0 -0.5766832 -0.8878753 0 -0.4600841 -0.8878753 0 -0.4600841 -0.9422627 0 -0.3348746 -0.9422627 0 -0.3348746 -0.9790822 0 -0.2034646 -0.9790822 0 -0.2034646 -0.9976707 0 -0.06821608 -0.9976707 0 -0.06821608 0.136164 0 -0.9906863 0.2697986 0 -0.9629168 0.2697986 0 -0.9629168 0.3984031 0 -0.9172104 0.3984031 0 -0.9172104 0.5195889 0 -0.8544164 0.5195889 0 -0.8544164 0 0 1 0 0 1 0 1 0 0 1 0 0 1 0 0 1 0 0 1 0 0 1 0 0 -1 0 0 -1 0 0 -1 0 0 -1 0 0 0 1 0 0 1 -1 0 0 -1 0 0 0 1 0 0 1 0 0 -1 0 0 -1 0 0 1 0 0 1 0 0 1 0 0 1 0 0 1 0 0 1 0 0 -1 0 0 -1 0 0.136164 0 -0.9906863 0 0 -1 0 0 -1 -0.136164 0 -0.9906863 -0.136164 0 -0.9906863 -0.2697955 0 -0.9629177 -0.2697955 0 -0.9629177 -0.3984075 0 -0.9172086 -0.3984075 0 -0.9172086 -0.5195889 0 -0.8544164 -0.5195889 0 -0.8544164 -0.6310839 0 -0.7757145 -0.6310839 0 -0.7757145 -0.7308385 0 -0.6825505 -0.7308385 0 -0.6825505 -0.8169679 0 -0.5766832 -0.8169679 0 -0.5766832 -0.8878753 0 -0.4600841 -0.8878753 0 -0.4600841 -0.9422627 0 -0.3348746 -0.9422627 0 -0.3348746 -0.9790822 0 -0.2034646 -0.9790822 0 -0.2034646 -0.9976707 0 -0.06821608 -0.9976707 0 -0.06821608 0.8046848 0 0.5937023 0.6522691 0 0.7579875 0.6522691 0 0.7579875 0.4672588 0 0.8841207 0.4672588 0 0.8841207 0.2588155 0 0.9659268 0.2588155 0 0.9659268 0.03738993 0 0.9993008 0.03738993 0 0.9993008 -0.1859099 0 0.9825668 -0.1859099 0 0.9825668 -0.3998833 0 0.9165661 -0.3998833 0 0.9165661 0.8046848 0 0.5937023 0.9164806 0 0.4000791 0.9164806 0 0.4000791 0.9825904 0 0.185785 0.9825904 0 0.185785 0.9992966 0 -0.03750222 0.9992966 0 -0.03750222 0.9659571 0 -0.2587023 0.9659571 0 -0.2587023 0.8841828 0 -0.4671412 0.8841828 0 -0.4671412 0.7578182 0 -0.6524658 0.7578182 0 -0.6524658 0.5938878 0 -0.8045479 0.5938878 0 -0.8045479 0.8046848 0 0.5937023 0.6522691 0 0.7579875 0.6522691 0 0.7579875 0.4672588 0 0.8841207 0.4672588 0 0.8841207 0.2588155 0 0.9659268 0.2588155 0 0.9659268 0.03738993 0 0.9993008 0.03738993 0 0.9993008 -0.1859099 0 0.9825668 -0.1859099 0 0.9825668 -0.3998833 0 0.9165661 -0.3998833 0 0.9165661 0.8046848 0 0.5937023 0.9164806 0 0.4000791 0.9164806 0 0.4000791 0.9825904 0 0.185785 0.9825904 0 0.185785 0.9992966 0 -0.03750222 0.9992966 0 -0.03750222 0.9659571 0 -0.2587023 0.9659571 0 -0.2587023 0.8841828 0 -0.4671412 0.8841828 0 -0.4671412 0.7578182 0 -0.6524658 0.7578182 0 -0.6524658 0.5938878 0 -0.8045479 0.5938878 0 -0.8045479 -0.8046122 0 -0.5938007 -0.6522936 0 -0.7579664 -0.6522936 0 -0.7579664 -0.4672489 0 -0.8841258 -0.4672489 0 -0.8841258 -0.2588209 0 -0.9659253 -0.2588209 0 -0.9659253 -0.03739809 0 -0.9993005 -0.03739809 0 -0.9993005 0.1859181 0 -0.9825652 0.1859181 0 -0.9825652 0.3998864 0 -0.9165647 0.3998864 0 -0.9165647 -0.8046122 0 -0.5938007 -0.9165792 0 -0.3998532 -0.9165792 0 -0.3998532 -0.9825584 0 -0.1859541 -0.9825584 0 -0.1859541 -0.9993008 0 0.03738671 -0.9993008 0 0.03738671 -0.9659289 0 0.2588074 -0.9659289 0 0.2588074 -0.8841098 0 0.4672793 -0.8841098 0 0.4672793 -0.7579597 0 0.6523014 -0.7579597 0 0.6523014 -0.5938434 0 0.8045806 -0.5938434 0 0.8045806 -0.8046122 0 -0.5938007 -0.6522936 0 -0.7579664 -0.6522936 0 -0.7579664 -0.4672489 0 -0.8841258 -0.4672489 0 -0.8841258 -0.2588209 0 -0.9659253 -0.2588209 0 -0.9659253 -0.03739809 0 -0.9993005 -0.03739809 0 -0.9993005 0.1859181 0 -0.9825652 0.1859181 0 -0.9825652 0.3998864 0 -0.9165647 0.3998864 0 -0.9165647 -0.8046122 0 -0.5938007 -0.9165792 0 -0.3998532 -0.9165792 0 -0.3998532 -0.9825584 0 -0.1859541 -0.9825584 0 -0.1859541 -0.9993008 0 0.03738671 -0.9993008 0 0.03738671 -0.9659289 0 0.2588074 -0.9659289 0 0.2588074 -0.8841098 0 0.4672793 -0.8841098 0 0.4672793 -0.7579597 0 0.6523014 -0.7579597 0 0.6523014 -0.5938434 0 0.8045806 -0.5938434 0 0.8045806 0.9164807 0 -0.4000787 0.9825904 0 -0.1857852 0.9825904 0 -0.1857852 0.9992966 0 0.03750222 0.9992966 0 0.03750222 0.9659571 0 0.2587023 0.9659571 0 0.2587023 0.8841831 0 0.4671407 0.8841831 0 0.4671407 0.7578177 0 0.6524664 0.7578177 0 0.6524664 0.5938885 0 0.8045473 0.5938885 0 0.8045473 0.9164807 0 -0.4000787 0.8046852 0 -0.5937018 0.8046852 0 -0.5937018 0.6522753 0 -0.7579821 0.6522753 0 -0.7579821 0.4672494 0 -0.8841256 0.4672494 0 -0.8841256 0.2588155 0 -0.9659268 0.2588155 0 -0.9659268 0.03738993 0 -0.9993008 0.03738993 0 -0.9993008 -0.1859099 0 -0.9825668 -0.1859099 0 -0.9825668 -0.3998833 0 -0.9165661 -0.3998833 0 -0.9165661 0.9164807 0 -0.4000787 0.9825904 0 -0.1857852 0.9825904 0 -0.1857852 0.9992966 0 0.03750222 0.9992966 0 0.03750222 0.9659571 0 0.2587023 0.9659571 0 0.2587023 0.8841831 0 0.4671407 0.8841831 0 0.4671407 0.7578177 0 0.6524664 0.7578177 0 0.6524664 0.5938885 0 0.8045473 0.5938885 0 0.8045473 0.9164807 0 -0.4000787 0.8046852 0 -0.5937018 0.8046852 0 -0.5937018 0.6522753 0 -0.7579821 0.6522753 0 -0.7579821 0.4672494 0 -0.8841256 0.4672494 0 -0.8841256 0.2588155 0 -0.9659268 0.2588155 0 -0.9659268 0.03738993 0 -0.9993008 0.03738993 0 -0.9993008 -0.1859099 0 -0.9825668 -0.1859099 0 -0.9825668 -0.3998833 0 -0.9165661 -0.3998833 0 -0.9165661 -0.9165794 0 0.3998527 -0.9825588 0 0.1859521 -0.9825588 0 0.1859521 -0.9993008 0 -0.03738713 -0.9993008 0 -0.03738713 -0.9659289 0 -0.2588074 -0.9659289 0 -0.2588074 -0.8841094 0 -0.4672798 -0.8841094 0 -0.4672798 -0.7579602 0 -0.6523008 -0.7579602 0 -0.6523008 -0.5938434 0 -0.8045806 -0.5938434 0 -0.8045806 -0.9165794 0 0.3998527 -0.8046118 0 0.5938013 -0.8046118 0 0.5938013 -0.6522936 0 0.7579664 -0.6522936 0 0.7579664 -0.4672499 0 0.8841252 -0.4672499 0 0.8841252 -0.2588209 0 0.9659253 -0.2588209 0 0.9659253 -0.03738731 0 0.9993008 -0.03738731 0 0.9993008 0.1859088 0 0.9825671 0.1859088 0 0.9825671 0.3998864 0 0.9165647 0.3998864 0 0.9165647 -0.9165794 0 0.3998527 -0.9825588 0 0.1859521 -0.9825588 0 0.1859521 -0.9993008 0 -0.03738713 -0.9993008 0 -0.03738713 -0.9659289 0 -0.2588074 -0.9659289 0 -0.2588074 -0.8841094 0 -0.4672798 -0.8841094 0 -0.4672798 -0.7579602 0 -0.6523008 -0.7579602 0 -0.6523008 -0.5938434 0 -0.8045806 -0.5938434 0 -0.8045806 -0.9165794 0 0.3998527 -0.8046118 0 0.5938013 -0.8046118 0 0.5938013 -0.6522936 0 0.7579664 -0.6522936 0 0.7579664 -0.4672499 0 0.8841252 -0.4672499 0 0.8841252 -0.2588209 0 0.9659253 -0.2588209 0 0.9659253 -0.03738731 0 0.9993008 -0.03738731 0 0.9993008 0.1859088 0 0.9825671 0.1859088 0 0.9825671 0.3998864 0 0.9165647 0.3998864 0 0.9165647 0.1119686 0 -0.9937117 0.330276 0 -0.9438844 0.330276 0 -0.9438844 0.5320474 0 -0.8467146 0.5320474 0 -0.8467146 0.7071284 0 -0.7070852 0.7071284 0 -0.7070852 0.8466852 0 -0.5320942 0.8466852 0 -0.5320942 0.9438913 0 -0.3302562 0.9438913 0 -0.3302562 0.9937117 0 -0.1119688 0.9937117 0 -0.1119688 0.1119686 0 -0.9937117 -0.1119707 0 -0.9937115 -0.1119707 0 -0.9937115 -0.3302699 0 -0.9438865 -0.3302699 0 -0.9438865 -0.5320474 0 -0.8467146 -0.5320474 0 -0.8467146 -0.7071284 0 -0.7070852 -0.7071284 0 -0.7070852 -0.8466852 0 -0.5320942 -0.8466852 0 -0.5320942 -0.9438913 0 -0.3302562 -0.9438913 0 -0.3302562 -0.9937117 0 -0.1119688 -0.9937117 0 -0.1119688 0.1119686 0 -0.9937117 0.330276 0 -0.9438844 0.330276 0 -0.9438844 0.5320474 0 -0.8467146 0.5320474 0 -0.8467146 0.7071284 0 -0.7070852 0.7071284 0 -0.7070852 0.8466852 0 -0.5320942 0.8466852 0 -0.5320942 0.9438913 0 -0.3302562 0.9438913 0 -0.3302562 0.9937117 0 -0.1119688 0.9937117 0 -0.1119688 0.1119686 0 -0.9937117 -0.1119707 0 -0.9937115 -0.1119707 0 -0.9937115 -0.3302699 0 -0.9438865 -0.3302699 0 -0.9438865 -0.5320474 0 -0.8467146 -0.5320474 0 -0.8467146 -0.7071284 0 -0.7070852 -0.7071284 0 -0.7070852 -0.8466852 0 -0.5320942 -0.8466852 0 -0.5320942 -0.9438913 0 -0.3302562 -0.9438913 0 -0.3302562 -0.9937117 0 -0.1119688 -0.9937117 0 -0.1119688 -0.1119707 0 0.9937115 -0.3302699 0 0.9438865 -0.3302699 0 0.9438865 -0.5320474 0 0.8467146 -0.5320474 0 0.8467146 -0.7071128 0 0.7071008 -0.7071128 0 0.7071008 -0.846692 0 0.5320835 -0.846692 0 0.5320835 -0.9438924 0 0.3302533 -0.9438924 0 0.3302533 -0.9937117 0 0.1119691 -0.9937117 0 0.1119691 -0.1119707 0 0.9937115 0.1119686 0 0.9937117 0.1119686 0 0.9937117 0.330276 0 0.9438844 0.330276 0 0.9438844 0.5320474 0 0.8467146 0.5320474 0 0.8467146 0.7071128 0 0.7071008 0.7071128 0 0.7071008 0.846692 0 0.5320835 0.846692 0 0.5320835 0.9438924 0 0.3302533 0.9438924 0 0.3302533 0.9937117 0 0.1119691 0.9937117 0 0.1119691 -0.1119707 0 0.9937115 -0.3302699 0 0.9438865 -0.3302699 0 0.9438865 -0.5320474 0 0.8467146 -0.5320474 0 0.8467146 -0.7071128 0 0.7071008 -0.7071128 0 0.7071008 -0.846692 0 0.5320835 -0.846692 0 0.5320835 -0.9438924 0 0.3302533 -0.9438924 0 0.3302533 -0.9937117 0 0.1119691 -0.9937117 0 0.1119691 -0.1119707 0 0.9937115 0.1119686 0 0.9937117 0.1119686 0 0.9937117 0.330276 0 0.9438844 0.330276 0 0.9438844 0.5320474 0 0.8467146 0.5320474 0 0.8467146 0.7071128 0 0.7071008 0.7071128 0 0.7071008 0.846692 0 0.5320835 0.846692 0 0.5320835 0.9438924 0 0.3302533 0.9438924 0 0.3302533 0.9937117 0 0.1119691 0.9937117 0 0.1119691 -0.8046026 0 -0.5938137 -0.6522943 0 -0.7579659 -0.6522943 0 -0.7579659 -0.4672732 0 -0.884113 -0.4672732 0 -0.884113 -0.2588155 0 -0.9659268 -0.2588155 0 -0.9659268 -0.03738993 0 -0.9993008 -0.03738993 0 -0.9993008 0.1859134 0 -0.9825661 0.1859134 0 -0.9825661 0.3998763 0 -0.9165691 0.3998763 0 -0.9165691 -0.8046026 0 -0.5938137 -0.9165582 0 -0.3999012 -0.9165582 0 -0.3999012 -0.9825693 0 -0.1858965 -0.9825693 0 -0.1858965 -0.9993008 0 0.03738713 -0.9993008 0 0.03738713 -0.9659283 0 0.2588098 -0.9659283 0 0.2588098 -0.8841195 0 0.4672608 -0.8841195 0 0.4672608 -0.7579697 0 0.6522898 -0.7579697 0 0.6522898 -0.5938151 0 0.8046016 -0.5938151 0 0.8046016 -0.8046026 0 -0.5938137 -0.6522943 0 -0.7579659 -0.6522943 0 -0.7579659 -0.4672732 0 -0.884113 -0.4672732 0 -0.884113 -0.2588155 0 -0.9659268 -0.2588155 0 -0.9659268 -0.03738993 0 -0.9993008 -0.03738993 0 -0.9993008 0.1859134 0 -0.9825661 0.1859134 0 -0.9825661 0.3998763 0 -0.9165691 0.3998763 0 -0.9165691 -0.8046026 0 -0.5938137 -0.9165582 0 -0.3999012 -0.9165582 0 -0.3999012 -0.9825693 0 -0.1858965 -0.9825693 0 -0.1858965 -0.9993008 0 0.03738713 -0.9993008 0 0.03738713 -0.9659283 0 0.2588098 -0.9659283 0 0.2588098 -0.8841195 0 0.4672608 -0.8841195 0 0.4672608 -0.7579697 0 0.6522898 -0.7579697 0 0.6522898 -0.5938151 0 0.8046016 -0.5938151 0 0.8046016 0.8046118 0 0.5938013 0.6522936 0 0.7579664 0.6522936 0 0.7579664 0.4672499 0 0.8841252 0.4672499 0 0.8841252 0.2588209 0 0.9659253 0.2588209 0 0.9659253 0.03738659 0 0.9993009 0.03738659 0 0.9993009 -0.1859123 0 0.9825664 -0.1859123 0 0.9825664 -0.3998934 0 0.9165616 -0.3998934 0 0.9165616 0.8046118 0 0.5938013 0.9165794 0 0.3998527 0.9165794 0 0.3998527 0.9825553 0 0.1859707 0.9825553 0 0.1859707 0.9993001 0 -0.03740632 0.9993001 0 -0.03740632 0.9659338 0 -0.2587895 0.9659338 0 -0.2587895 0.8840937 0 -0.4673098 0.8840937 0 -0.4673098 0.7579697 0 -0.6522898 0.7579697 0 -0.6522898 0.5938434 0 -0.8045806 0.5938434 0 -0.8045806 0.8046118 0 0.5938013 0.6522936 0 0.7579664 0.6522936 0 0.7579664 0.4672499 0 0.8841252 0.4672499 0 0.8841252 0.2588209 0 0.9659253 0.2588209 0 0.9659253 0.03738659 0 0.9993009 0.03738659 0 0.9993009 -0.1859123 0 0.9825664 -0.1859123 0 0.9825664 -0.3998934 0 0.9165616 -0.3998934 0 0.9165616 0.8046118 0 0.5938013 0.9165794 0 0.3998527 0.9165794 0 0.3998527 0.9825553 0 0.1859707 0.9825553 0 0.1859707 0.9993001 0 -0.03740632 0.9993001 0 -0.03740632 0.9659338 0 -0.2587895 0.9659338 0 -0.2587895 0.8840937 0 -0.4673098 0.8840937 0 -0.4673098 0.7579697 0 -0.6522898 0.7579697 0 -0.6522898 0.5938434 0 -0.8045806 0.5938434 0 -0.8045806 -0.9165581 0 0.3999016 -0.9825693 0 0.1858963 -0.9825693 0 0.1858963 -0.9993008 0 -0.03738707 -0.9993008 0 -0.03738707 -0.9659283 0 -0.2588098 -0.9659283 0 -0.2588098 -0.8841193 0 -0.4672613 -0.8841193 0 -0.4672613 -0.7579702 0 -0.6522892 -0.7579702 0 -0.6522892 -0.5938143 0 -0.8046022 -0.5938143 0 -0.8046022 -0.9165581 0 0.3999016 -0.8046022 0 0.5938143 -0.8046022 0 0.5938143 -0.6522881 0 0.7579712 -0.6522881 0 0.7579712 -0.4672826 0 0.8841081 -0.4672826 0 0.8841081 -0.2588155 0 0.9659268 -0.2588155 0 0.9659268 -0.03738993 0 0.9993008 -0.03738993 0 0.9993008 0.1859134 0 0.9825661 0.1859134 0 0.9825661 0.3998763 0 0.9165691 0.3998763 0 0.9165691 -0.9165581 0 0.3999016 -0.9825693 0 0.1858963 -0.9825693 0 0.1858963 -0.9993008 0 -0.03738707 -0.9993008 0 -0.03738707 -0.9659283 0 -0.2588098 -0.9659283 0 -0.2588098 -0.8841193 0 -0.4672613 -0.8841193 0 -0.4672613 -0.7579702 0 -0.6522892 -0.7579702 0 -0.6522892 -0.5938143 0 -0.8046022 -0.5938143 0 -0.8046022 -0.9165581 0 0.3999016 -0.8046022 0 0.5938143 -0.8046022 0 0.5938143 -0.6522881 0 0.7579712 -0.6522881 0 0.7579712 -0.4672826 0 0.8841081 -0.4672826 0 0.8841081 -0.2588155 0 0.9659268 -0.2588155 0 0.9659268 -0.03738993 0 0.9993008 -0.03738993 0 0.9993008 0.1859134 0 0.9825661 0.1859134 0 0.9825661 0.3998763 0 0.9165691 0.3998763 0 0.9165691 0.9165792 0 -0.3998532 0.9825549 0 -0.1859726 0.9825549 0 -0.1859726 0.9993002 0 0.0374059 0.9993002 0 0.0374059 0.9659338 0 0.2587895 0.9659338 0 0.2587895 0.8840939 0 0.4673094 0.8840939 0 0.4673094 0.7579692 0 0.6522904 0.7579692 0 0.6522904 0.5938434 0 0.8045806 0.5938434 0 0.8045806 0.9165792 0 -0.3998532 0.8046122 0 -0.5938007 0.8046122 0 -0.5938007 0.6522936 0 -0.7579664 0.6522936 0 -0.7579664 0.4672489 0 -0.8841258 0.4672489 0 -0.8841258 0.2588209 0 -0.9659253 0.2588209 0 -0.9659253 0.03739738 0 -0.9993005 0.03739738 0 -0.9993005 -0.1859216 0 -0.9825646 -0.1859216 0 -0.9825646 -0.3998934 0 -0.9165616 -0.3998934 0 -0.9165616 0.9165792 0 -0.3998532 0.9825549 0 -0.1859726 0.9825549 0 -0.1859726 0.9993002 0 0.0374059 0.9993002 0 0.0374059 0.9659338 0 0.2587895 0.9659338 0 0.2587895 0.8840939 0 0.4673094 0.8840939 0 0.4673094 0.7579692 0 0.6522904 0.7579692 0 0.6522904 0.5938434 0 0.8045806 0.5938434 0 0.8045806 0.9165792 0 -0.3998532 0.8046122 0 -0.5938007 0.8046122 0 -0.5938007 0.6522936 0 -0.7579664 0.6522936 0 -0.7579664 0.4672489 0 -0.8841258 0.4672489 0 -0.8841258 0.2588209 0 -0.9659253 0.2588209 0 -0.9659253 0.03739738 0 -0.9993005 0.03739738 0 -0.9993005 -0.1859216 0 -0.9825646 -0.1859216 0 -0.9825646 -0.3998934 0 -0.9165616 -0.3998934 0 -0.9165616 0 1 0 0 1 0 0 1 0 0 1 0 0 1 0 0 1 0 0 -1 0 0 -1 0 0 1 0 0 1 0 0 1 0 0 1 0 0 -1 0 0 -1 0 0 1 0 0 1 0 0 1 0 0 1 0 0 -1 0 0 -1 0 0 -1 0 0 -1 0 0 1 0 0 1 0 0 -1 0 0 -1 0 0 1 0 0 1 0 0 1 0 0 1 0 0 1 0 0 1 0 0 -1 0 0 -1 0 0 -1 0 0 -1 0 0 -1 0 0 -1 0 0 1 0 0 1 0 -0.981376 0 0.1920967 -0.981376 0 0.1920967 0 1 0 0 1 0 0 -1 0 0 -1 0 0 -1 0 0 -1 0 0 -1 0 0 -1 0 0 1 0 0 1 0 0 1 0 0 1 0 0 1 0 0 1 0 0 1 0 0 1 0 0 -1 0 0 -1 0 0 -1 0 0 -1 0 0 -1 0 0 -1 0 0 -1 0 0 -1 0 0 1 0 0 1 0 0 -1 0 0 -1 0 0 -1 0 0 -1 0 0 1 0 0 1 0 0 -1 0 0 -1 0 0 -1 0 0 -1 0 0 1 0 0 1 0 0 1 0 0 1 0 0 -1 0 0 -1 0 0 -1 0 0 -1 0 0 -1 0 0 -1 0 0 -1 0 0 -1 0 0 -1 0 0 -1 0 0 -1 0 0 -1 0 0 -1 0 0 -1 0 0 1 0 0 1 0 0 1 0 0 1 0 0 1 0 0 1 0 0 -1 0 0 -1 0 0 1 0 0 1 0 0 1 0 0 1 0 0 1 0 0 1 0 0 -1 0 0 -1 0 0.05607044 0 -0.9984268 0.1675101 0 -0.9858704 0.1675101 0 -0.9858704 0.2768259 0 -0.9609201 0.2768259 0 -0.9609201 0.382688 0 -0.9238776 0.382688 0 -0.9238776 0.4837203 0 -0.8752226 0.4837203 0 -0.8752226 0.57867 0 -0.8155617 0.57867 0 -0.8155617 0.666344 0 -0.7456445 0.666344 0 -0.7456445 0.7456508 0 -0.6663369 0.7456508 0 -0.6663369 0.8155599 0 -0.5786726 0.8155599 0 -0.5786726 0.87522 0 -0.4837252 0.87522 0 -0.4837252 0.9238826 0 -0.3826761 0.9238826 0 -0.3826761 0.9609168 0 -0.2768374 0.9609168 0 -0.2768374 0.9858689 0 -0.1675186 0.9858689 0 -0.1675186 0.9984272 0 -0.05606353 0.9984272 0 -0.05606353 0.05607044 0 -0.9984268 -0.05606991 0 -0.9984269 -0.05606991 0 -0.9984269 -0.1675117 0 -0.9858701 -0.1675117 0 -0.9858701 -0.2768259 0 -0.9609201 -0.2768259 0 -0.9609201 0 -1 0 0 -1 0 0 1 0 0 1 0 0 1 0 0 1 0 0 1 0 0 1 0 0 -1 0 0 -1 0 0 -1 0 0 -1 0 0 1 0 0 1 0 0 -1 0 0 -1 0 0 1 0 0 1 0 0 1 0 0 1 0 0 -1 0 0 -1 0 0 1 0 0 1 0 0 -1 0 0 -1 0 0 1 0 0 1 0 0 -1 0 0 -1 0 0 -1 0 0 -1 0 0 1 0 0 1 0 0 -1 0 0 -1 0 0 1 0 0 1 0 0 1 0 0 1 0 0 -1 0 0 -1 0 0 1 0 0 1 0 -0.1119707 0 0.9937115 -0.3302657 0 0.943888 -0.3302657 0 0.943888 -0.5320474 0 0.8467146 -0.5320474 0 0.8467146 -0.7071284 0 0.7070852 -0.7071284 0 0.7070852 -0.8466865 0 0.532092 -0.8466865 0 0.532092 -0.9438913 0 0.3302562 -0.9438913 0 0.3302562 -0.9937117 0 0.1119691 -0.9937117 0 0.1119691 -0.1119707 0 0.9937115 0.1119686 0 0.9937117 0.1119686 0 0.9937117 0.3302717 0 0.9438859 0.3302717 0 0.9438859 0.5320474 0 0.8467146 0.5320474 0 0.8467146 0.7071284 0 0.7070852 0.7071284 0 0.7070852 0.8466865 0 0.532092 0.8466865 0 0.532092 0.9438913 0 0.3302562 0.9438913 0 0.3302562 0.9937117 0 0.1119691 0.9937117 0 0.1119691 -0.1119707 0 0.9937115 -0.3302657 0 0.943888 -0.3302657 0 0.943888 -0.5320474 0 0.8467146 -0.5320474 0 0.8467146 -0.7071284 0 0.7070852 -0.7071284 0 0.7070852 -0.8466865 0 0.532092 -0.8466865 0 0.532092 -0.9438913 0 0.3302562 -0.9438913 0 0.3302562 -0.9937117 0 0.1119691 -0.9937117 0 0.1119691 -0.1119707 0 0.9937115 0.1119686 0 0.9937117 0.1119686 0 0.9937117 0.3302717 0 0.9438859 0.3302717 0 0.9438859 0.5320474 0 0.8467146 0.5320474 0 0.8467146 0.7071284 0 0.7070852 0.7071284 0 0.7070852 0.8466865 0 0.532092 0.8466865 0 0.532092 0.9438913 0 0.3302562 0.9438913 0 0.3302562 0.9937117 0 0.1119691 0.9937117 0 0.1119691 0.1119733 0 -0.9937112 0.3302717 0 -0.9438859 0.3302717 0 -0.9438859 0.5320474 0 -0.8467146 0.5320474 0 -0.8467146 0.707114 0 -0.7070996 0.707114 0 -0.7070996 0.846692 0 -0.5320835 0.846692 0 -0.5320835 0.9438924 0 -0.3302533 0.9438924 0 -0.3302533 0.9937117 0 -0.1119691 0.9937117 0 -0.1119691 0.1119733 0 -0.9937112 -0.1119754 0 -0.9937109 -0.1119754 0 -0.9937109 -0.3302657 0 -0.943888 -0.3302657 0 -0.943888 -0.5320474 0 -0.8467146 -0.5320474 0 -0.8467146 -0.707114 0 -0.7070996 -0.707114 0 -0.7070996 -0.846692 0 -0.5320835 -0.846692 0 -0.5320835 -0.9438924 0 -0.3302533 -0.9438924 0 -0.3302533 -0.9937117 0 -0.1119691 -0.9937117 0 -0.1119691 0.1119733 0 -0.9937112 0.3302717 0 -0.9438859 0.3302717 0 -0.9438859 0.5320474 0 -0.8467146 0.5320474 0 -0.8467146 0.707114 0 -0.7070996 0.707114 0 -0.7070996 0.846692 0 -0.5320835 0.846692 0 -0.5320835 0.9438924 0 -0.3302533 0.9438924 0 -0.3302533 0.9937117 0 -0.1119691 0.9937117 0 -0.1119691 0.1119733 0 -0.9937112 -0.1119754 0 -0.9937109 -0.1119754 0 -0.9937109 -0.3302657 0 -0.943888 -0.3302657 0 -0.943888 -0.5320474 0 -0.8467146 -0.5320474 0 -0.8467146 -0.707114 0 -0.7070996 -0.707114 0 -0.7070996 -0.846692 0 -0.5320835 -0.846692 0 -0.5320835 -0.9438924 0 -0.3302533 -0.9438924 0 -0.3302533 -0.9937117 0 -0.1119691 -0.9937117 0 -0.1119691 -0.05607044 0 0.9984268 -0.167509 0 0.9858705 -0.167509 0 0.9858705 -0.2768306 0 0.9609187 -0.2768306 0 0.9609187 -0.3826846 0 0.923879 -0.3826846 0 0.923879 -0.4837196 0 0.875223 -0.4837196 0 0.875223 -0.5786699 0 0.8155619 -0.5786699 0 0.8155619 -0.6663442 0 0.7456444 -0.6663442 0 0.7456444 -0.7456551 0 0.6663321 -0.7456551 0 0.6663321 -0.8155518 0 0.5786842 -0.8155518 0 0.5786842 -0.8752284 0 0.4837098 -0.8752284 0 0.4837098 -0.9238819 0 0.3826779 -0.9238819 0 0.3826779 -0.9609144 0 0.2768455 -0.9609144 0 0.2768455 -0.9858704 0 0.1675097 -0.9858704 0 0.1675097 -0.9984272 0 0.05606359 -0.9984272 0 0.05606359 0.4837196 0 0.875223 0.4837196 0 0.875223 0.5786699 0 0.8155619 0.5786699 0 0.8155619 0.6663442 0 0.7456444 0.6663442 0 0.7456444 0.7456505 0 0.6663372 0.7456505 0 0.6663372 0.8155562 0 0.578678 0.8155562 0 0.578678 0.8752246 0 0.4837169 0.8752246 0 0.4837169 0.9238819 0 0.3826779 0.9238819 0 0.3826779 0.9609169 0 0.276837 0.9609169 0 0.276837 0.9858689 0 0.1675187 0.9858689 0 0.1675187 0.9984267 0 0.05607271 0.9984267 0 0.05607271 0.05606991 0 -0.9984269 0.1675117 0 -0.9858701 0.1675117 0 -0.9858701 0.2768253 0 -0.9609202 0.2768253 0 -0.9609202 0.3826885 0 -0.9238774 0.3826885 0 -0.9238774 0.4837196 0 -0.875223 0.4837196 0 -0.875223 0.5786706 0 -0.8155614 0.5786706 0 -0.8155614 0.6663442 0 -0.7456444 0.6663442 0 -0.7456444 0.7456505 0 -0.6663372 0.7456505 0 -0.6663372 0.8155558 0 -0.5786785 0.8155558 0 -0.5786785 0.875224 0 -0.4837179 0.875224 0 -0.4837179 0.9238825 0 -0.3826763 0.9238825 0 -0.3826763 0.9609167 0 -0.2768377 0.9609167 0 -0.2768377 0.9858689 0 -0.1675187 0.9858689 0 -0.1675187 0.9984267 0 -0.05607259 0.9984267 0 -0.05607259 0.05606991 0 -0.9984269 -0.05607044 0 -0.9984268 -0.05607044 0 -0.9984268 -0.1675101 0 -0.9858704 -0.1675101 0 -0.9858704 -0.2768253 0 -0.9609202 -0.2768253 0 -0.9609202 -0.3826885 0 -0.9238774 -0.3826885 0 -0.9238774 -0.4837196 0 -0.875223 -0.4837196 0 -0.875223 -0.5786706 0 -0.8155614 -0.5786706 0 -0.8155614 -0.6663442 0 -0.7456444 -0.6663442 0 -0.7456444 -0.7456551 0 -0.6663321 -0.7456551 0 -0.6663321 -0.8155514 0 -0.5786847 -0.8155514 0 -0.5786847 -0.8752279 0 -0.4837108 -0.8752279 0 -0.4837108 -0.9238825 0 -0.3826763 -0.9238825 0 -0.3826763 -0.9609143 0 -0.2768461 -0.9609143 0 -0.2768461 -0.9858704 0 -0.1675097 -0.9858704 0 -0.1675097 -0.9984272 0 -0.05606341 -0.9984272 0 -0.05606341 0 -1 0 0 -1 0 0 1 0 0 1 0 -0.1675107 0 0.9858703 -0.1675107 0 0.9858703 -0.2768301 0 0.9609189 -0.2768301 0 0.9609189 -0.3826836 0 0.9238795 -0.3826836 0 0.9238795 -0.4837205 0 0.8752225 -0.4837205 0 0.8752225 -0.5786699 0 0.8155619 -0.5786699 0 0.8155619 -0.6663442 0 0.7456444 -0.6663442 0 0.7456444 -0.7456554 0 0.6663318 -0.7456554 0 0.6663318 -0.8155556 0 0.5786788 -0.8155556 0 0.5786788 -0.875225 0 0.4837161 -0.875225 0 0.4837161 -0.9238819 0 0.3826778 -0.9238819 0 0.3826778 -0.9609143 0 0.2768459 -0.9609143 0 0.2768459 -0.9858689 0 0.1675186 -0.9858689 0 0.1675186 -0.9984277 0 0.05605435 -0.9984277 0 0.05605435 -0.382688 0 -0.9238776 -0.382688 0 -0.9238776 -0.4837201 0 -0.8752228 -0.4837201 0 -0.8752228 -0.5786703 0 -0.8155617 -0.5786703 0 -0.8155617 -0.6663438 0 -0.7456446 -0.6663438 0 -0.7456446 -0.7456556 0 -0.6663315 -0.7456556 0 -0.6663315 -0.8155555 0 -0.5786789 -0.8155555 0 -0.5786789 -0.8752239 0 -0.4837181 -0.8752239 0 -0.4837181 -0.9238826 0 -0.3826761 -0.9238826 0 -0.3826761 -0.9609143 0 -0.2768459 -0.9609143 0 -0.2768459 -0.9858689 0 -0.1675186 -0.9858689 0 -0.1675186 -0.9984277 0 -0.05605435 -0.9984277 0 -0.05605435 0 -1 0 0 -1 0 0 1 0 0 1 0 -0.1361612 0 0.9906867 -0.269802 0 0.9629158 -0.269802 0 0.9629158 -0.3983985 0 0.9172124 -0.1361612 0 0.9906867 0 0 1 0 0 1 0.1361644 0 0.9906863 0.1361644 0 0.9906863 0.2697959 0 0.9629175 0.2697959 0 0.9629175 0.3984072 0 0.9172087 0.3984072 0 0.9172087 0.5195891 0 0.8544163 0.5195891 0 0.8544163 0.6310896 0 0.77571 0.6310896 0 0.77571 0.7308326 0 0.6825566 0.7308326 0 0.6825566 0.816968 0 0.5766831 0.816968 0 0.5766831 0.88788 0 0.460075 0.88788 0 0.460075 0.9422634 0 0.3348727 0.9422634 0 0.3348727 0.9790797 0 0.2034771 0.9790797 0 0.2034771 0.9976705 0 0.06821614 0.9976705 0 0.06821614 0.6310898 0 -0.7757099 0.6310898 0 -0.7757099 0.7308326 0 -0.6825567 0.7308326 0 -0.6825567 0.8169679 0 -0.5766832 0.8169679 0 -0.5766832 0.8878801 0 -0.4600749 0.8878801 0 -0.4600749 0.9422627 0 -0.3348746 0.9422627 0 -0.3348746 0.97908 0 -0.2034759 0.97908 0 -0.2034759 0.9976707 0 -0.06821608 0.9976707 0 -0.06821608 0 1 0 0 1 0 0 -1 0 0 -1 0 0 0 1 0 0 1 1 0 0 1 0 0 0 -1 0 0 -1 0 0 1 0 0 1 0 0.1361612 0 0.9906867 0.1361612 0 0.9906867 0.269802 0 0.9629158 0.269802 0 0.9629158 0.3983985 0 0.9172124 0.3983985 0 0.9172124 0.5195891 0 0.8544163 0.5195891 0 0.8544163 0.6310896 0 0.77571 0.6310896 0 0.77571 0.7308444 0 0.6825441 0.7308444 0 0.6825441 0.8169624 0 0.576691 0.8169624 0 0.576691 0.88788 0 0.460075 0.88788 0 0.460075 0.9422634 0 0.3348727 0.9422634 0 0.3348727 0.9790797 0 0.2034771 0.9790797 0 0.2034771 0.9976705 0 0.06821614 0.9976705 0 0.06821614 0.1361608 0 -0.9906867 0.2698017 0 -0.962916 0.2698017 0 -0.962916 0.3983988 0 -0.9172123 0.3983988 0 -0.9172123 0.5195889 0 -0.8544164 0.5195889 0 -0.8544164 0.6310898 0 -0.7757099 0.6310898 0 -0.7757099 0.7308444 0 -0.6825441 0.7308444 0 -0.6825441 0.8169623 0 -0.5766912 0.8169623 0 -0.5766912 0.8878801 0 -0.4600749 0.8878801 0 -0.4600749 0.9422627 0 -0.3348746 0.9422627 0 -0.3348746 0.97908 0 -0.2034759 0.97908 0 -0.2034759 0.9976707 0 -0.06821608 0.9976707 0 -0.06821608 0.1361608 0 -0.9906867 0 1 0 0 1 0 0 -1 0 0 -1 0 0.994806 0 0.1017881 0.994806 0 0.1017881 0.9537596 0 0.3005707 0.9537596 0 0.3005707 0.8742505 0 0.485475 0.8742505 0 0.485475 0.7609697 0 0.6487873 0.7609697 0 0.6487873 0.6198749 0 0.7847006 0.6198749 0 0.7847006 0.4575002 0 0.8892095 0.4575002 0 0.8892095 0.28029 0 0.9599154 0.28029 0 0.9599154 0.09438073 0 0.9955362 0.09438073 0 0.9955362 -0.09438073 0 0.9955362 -0.09438073 0 0.9955362 -0.28029 0 0.9599154 -0.28029 0 0.9599154 -0.4574967 0 0.8892113 -0.4574967 0 0.8892113 -0.6198791 0 0.7846974 -0.6198791 0 0.7846974 -0.7609697 0 0.6487873 -0.7609697 0 0.6487873 -0.8742505 0 0.485475 -0.8742505 0 0.485475 -0.9537599 0 0.3005694 -0.9537599 0 0.3005694 -0.9948061 0 0.1017886 -0.9948061 0 0.1017886 -0.994806 0 -0.1017886 -0.994806 0 -0.1017886 -0.9537596 0 -0.3005708 -0.9537596 0 -0.3005708 -0.8742517 0 -0.485473 -0.8742517 0 -0.485473 -0.7609697 0 -0.6487874 -0.7609697 0 -0.6487874 -0.6198792 0 -0.7846974 -0.6198792 0 -0.7846974 -0.457497 0 -0.8892112 -0.457497 0 -0.8892112 -0.2802897 0 -0.9599155 -0.2802897 0 -0.9599155 -0.09438049 0 -0.9955363 -0.09438049 0 -0.9955363 0.09438049 0 -0.9955363 0.09438049 0 -0.9955363 0.2802897 0 -0.9599155 0.2802897 0 -0.9599155 0.4575005 0 -0.8892094 0.4575005 0 -0.8892094 0.619875 0 -0.7847006 0.619875 0 -0.7847006 0.7609697 0 -0.6487874 0.7609697 0 -0.6487874 0.8742517 0 -0.485473 0.8742517 0 -0.485473 0 1 0 0 1 0 0 1 0 0 1 0 0 1 0 0 1 0 0 1 0 0 1 0 0 1 0 0 1 0 0 1 0 0 1 0 0 1 0 0 1 0 0 1 0 0 1 0 0 1 0 0 1 0 0 1 0 0 1 0 0 1 0 0 1 0 0 1 0 0 1 0 0 1 0 0 1 0 0 1 0 0 1 0 0 1 0 0 1 0 0.9537596 0 -0.3005708 0.9537596 0 -0.3005708 0.994806 0 -0.1017886 0.994806 0 -0.1017886 0 -1 0 0 -1 0 0 -1 0 0 -1 0 0 -1 0 0 -1 0 0 -1 0 0 -1 0 0 -1 0 0 -1 0 0 -1 0 0 -1 0 0 -1 0 0 -1 0 0 -1 0 0 -1 0 0 -1 0 0 -1 0 0 -1 0 0 -1 0 0 -1 0 0 -1 0 0 -1 0 0 -1 0 0 -1 0 0 -1 0 0 -1 0 0 -1 0 0 -1 0 0 -1 0 0.994807 0 0.1017794 0.994807 0 0.1017794 0.9537544 0 0.3005868 0.9537544 0 0.3005868 0.8742581 0 0.4854615 0.8742581 0 0.4854615 0.7609654 0 0.6487925 0.7609654 0 0.6487925 0.6198834 0 0.784694 0.6198834 0 0.784694 0.4575002 0 0.8892095 0.4575002 0 0.8892095 0.280283 0 0.9599174 0.280283 0 0.9599174 0.09438234 0 0.995536 0.09438234 0 0.995536 -0.09437996 0 0.9955363 -0.09437996 0 0.9955363 -0.2802923 0 0.9599148 -0.2802923 0 0.9599148 -0.4575002 0 0.8892095 -0.4575002 0 0.8892095 -0.6198664 0 0.7847073 -0.6198664 0 0.7847073 -0.7609784 0 0.6487773 -0.7609784 0 0.6487773 -0.8742431 0 0.4854884 -0.8742431 0 0.4854884 -0.953765 0 0.3005533 -0.953765 0 0.3005533 -0.9948051 0 0.1017974 -0.9948051 0 0.1017974 -0.9948051 0 -0.1017974 -0.9948051 0 -0.1017974 -0.9537646 0 -0.3005547 -0.9537646 0 -0.3005547 -0.8742442 0 -0.4854865 -0.8742442 0 -0.4854865 -0.7609784 0 -0.6487774 -0.7609784 0 -0.6487774 -0.6198665 0 -0.7847073 -0.6198665 0 -0.7847073 -0.4575005 0 -0.8892094 -0.4575005 0 -0.8892094 -0.280292 0 -0.9599149 -0.280292 0 -0.9599149 -0.09437966 0 -0.9955363 -0.09437966 0 -0.9955363 0.0943821 0 -0.9955361 0.0943821 0 -0.9955361 0.2802827 0 -0.9599175 0.2802827 0 -0.9599175 0.4575005 0 -0.8892094 0.4575005 0 -0.8892094 0.6198834 0 -0.784694 0.6198834 0 -0.784694 0.7609654 0 -0.6487925 0.7609654 0 -0.6487925 0.8742592 0 -0.4854595 0.8742592 0 -0.4854595 0 1 0 0 1 0 0 1 0 0 1 0 0 1 0 0 1 0 0 1 0 0 1 0 0 1 0 0 1 0 0 1 0 0 1 0 0 1 0 0 1 0 0 1 0 0 1 0 0 1 0 0 1 0 0 1 0 0 1 0 0 1 0 0 1 0 0 1 0 0 1 0 0 1 0 0 1 0 0 1 0 0 1 0 0 1 0 0 1 0 0.9537544 0 -0.3005869 0.9537544 0 -0.3005869 0.9948069 0 -0.1017798 0.9948069 0 -0.1017798 0 -1 0 0 -1 0 0 -1 0 0 -1 0 0 -1 0 0 -1 0 0 -1 0 0 -1 0 0 -1 0 0 -1 0 0 -1 0 0 -1 0 0 -1 0 0 -1 0 0 -1 0 0 -1 0 0 -1 0 0 -1 0 0 -1 0 0 -1 0 0 -1 0 0 -1 0 0 -1 0 0 -1 0 0 -1 0 0 -1 0 0 -1 0 0 -1 0 0 -1 0 0 -1 0 0.994807 0 0.1017794 0.994807 0 0.1017794 0.9537544 0 0.3005868 0.9537544 0 0.3005868 0.8742581 0 0.4854615 0.8742581 0 0.4854615 0.7609654 0 0.6487925 0.7609654 0 0.6487925 0.6198834 0 0.784694 0.6198834 0 0.784694 0.4575002 0 0.8892095 0.4575002 0 0.8892095 0.280283 0 0.9599174 0.280283 0 0.9599174 0.09438234 0 0.995536 0.09438234 0 0.995536 -0.09437996 0 0.9955363 -0.09437996 0 0.9955363 -0.2802923 0 0.9599148 -0.2802923 0 0.9599148 -0.4575002 0 0.8892095 -0.4575002 0 0.8892095 -0.6198664 0 0.7847073 -0.6198664 0 0.7847073 -0.7609784 0 0.6487773 -0.7609784 0 0.6487773 -0.8742431 0 0.4854884 -0.8742431 0 0.4854884 -0.953765 0 0.3005533 -0.953765 0 0.3005533 -0.9948051 0 0.1017974 -0.9948051 0 0.1017974 -0.9948051 0 -0.1017974 -0.9948051 0 -0.1017974 -0.9537646 0 -0.3005547 -0.9537646 0 -0.3005547 -0.8742442 0 -0.4854865 -0.8742442 0 -0.4854865 -0.7609784 0 -0.6487774 -0.7609784 0 -0.6487774 -0.6198665 0 -0.7847073 -0.6198665 0 -0.7847073 -0.4575005 0 -0.8892094 -0.4575005 0 -0.8892094 -0.280292 0 -0.9599149 -0.280292 0 -0.9599149 -0.09437966 0 -0.9955363 -0.09437966 0 -0.9955363 0.0943821 0 -0.9955361 0.0943821 0 -0.9955361 0.2802827 0 -0.9599175 0.2802827 0 -0.9599175 0.4575005 0 -0.8892094 0.4575005 0 -0.8892094 0.6198834 0 -0.784694 0.6198834 0 -0.784694 0.7609654 0 -0.6487925 0.7609654 0 -0.6487925 0.8742592 0 -0.4854595 0.8742592 0 -0.4854595 0 1 0 0 1 0 0 1 0 0 1 0 0 1 0 0 1 0 0 1 0 0 1 0 0 1 0 0 1 0 0 1 0 0 1 0 0 1 0 0 1 0 0 1 0 0 1 0 0 1 0 0 1 0 0 1 0 0 1 0 0 1 0 0 1 0 0 1 0 0 1 0 0 1 0 0 1 0 0 1 0 0 1 0 0 1 0 0 1 0 0.9537544 0 -0.3005869 0.9537544 0 -0.3005869 0.9948069 0 -0.1017798 0.9948069 0 -0.1017798 0 -1 0 0 -1 0 0 -1 0 0 -1 0 0 -1 0 0 -1 0 0 -1 0 0 -1 0 0 -1 0 0 -1 0 0 -1 0 0 -1 0 0 -1 0 0 -1 0 0 -1 0 0 -1 0 0 -1 0 0 -1 0 0 -1 0 0 -1 0 0 -1 0 0 -1 0 0 -1 0 0 -1 0 0 -1 0 0 -1 0 0 -1 0 0 -1 0 0 -1 0 0 -1 0 0.9948069 0 0.1017798 0.9948069 0 0.1017798 0.9537544 0 0.3005868 0.9537544 0 0.3005868 0.8742581 0 0.4854615 0.8742581 0 0.4854615 0.7609654 0 0.6487925 0.7609654 0 0.6487925 0.6198861 0 0.7846919 0.6198861 0 0.7846919 0.4574968 0 0.8892113 0.4574968 0 0.8892113 0.2802871 0 0.9599162 0.2802871 0 0.9599162 0.09437799 0 0.9955364 0.09437799 0 0.9955364 -0.09437555 0 0.9955366 -0.09437555 0 0.9955366 -0.2802963 0 0.9599135 -0.2802963 0 0.9599135 -0.4574968 0 0.8892113 -0.4574968 0 0.8892113 -0.6198692 0 0.7847052 -0.6198692 0 0.7847052 -0.7609784 0 0.6487773 -0.7609784 0 0.6487773 -0.8742431 0 0.4854884 -0.8742431 0 0.4854884 -0.9537676 0 0.3005453 -0.9537676 0 0.3005453 -0.9948051 0 0.1017978 -0.9948051 0 0.1017978 -0.9948051 0 -0.1017969 -0.9948051 0 -0.1017969 -0.9537671 0 -0.3005467 -0.9537671 0 -0.3005467 -0.8742442 0 -0.4854865 -0.8742442 0 -0.4854865 -0.7609784 0 -0.6487774 -0.7609784 0 -0.6487774 -0.6198665 0 -0.7847073 -0.6198665 0 -0.7847073 -0.4575005 0 -0.8892094 -0.4575005 0 -0.8892094 -0.2802881 0 -0.959916 -0.2802881 0 -0.959916 -0.09438389 0 -0.9955359 -0.09438389 0 -0.9955359 0.09438633 0 -0.9955357 0.09438633 0 -0.9955357 0.2802788 0 -0.9599186 0.2802788 0 -0.9599186 0.4575005 0 -0.8892094 0.4575005 0 -0.8892094 0.6198834 0 -0.784694 0.6198834 0 -0.784694 0.7609654 0 -0.6487925 0.7609654 0 -0.6487925 0.8742592 0 -0.4854595 0.8742592 0 -0.4854595 0 1 0 0 1 0 0 1 0 0 1 0 0 1 0 0 1 0 0 1 0 0 1 0 0 1 0 0 1 0 0 1 0 0 1 0 0 1 0 0 1 0 0 1 0 0 1 0 0 1 0 0 1 0 0 1 0 0 1 0 0 1 0 0 1 0 0 1 0 0 1 0 0 1 0 0 1 0 0 1 0 0 1 0 0 1 0 0 1 0 0.9537544 0 -0.3005869 0.9537544 0 -0.3005869 0.994807 0 -0.1017794 0.994807 0 -0.1017794 0 -1 0 0 -1 0 0 -1 0 0 -1 0 0 -1 0 0 -1 0 0 -1 0 0 -1 0 0 -1 0 0 -1 0 0 -1 0 0 -1 0 0 -1 0 0 -1 0 0 -1 0 0 -1 0 0 -1 0 0 -1 0 0 -1 0 0 -1 0 0 -1 0 0 -1 0 0 -1 0 0 -1 0 0 -1 0 0 -1 0 0 -1 0 0 -1 0 0 -1 0 0 -1 0</float_array>
          <technique_common>
            <accessor source="#body_001-mesh-normals-array" count="14403" stride="3">
              <param name="X" type="float"/>
              <param name="Y" type="float"/>
              <param name="Z" type="float"/>
            </accessor>
          </technique_common>
        </source>
        <vertices id="body_001-mesh-vertices">
          <input semantic="POSITION" source="#body_001-mesh-positions"/>
        </vertices>
        <triangles count="14403">
          <input semantic="VERTEX" source="#body_001-mesh-vertices" offset="0"/>
          <input semantic="NORMAL" source="#body_001-mesh-normals" offset="1"/>
          <p>0 0 1 0 2 0 3 1 4 1 5 1 6 2 7 2 8 2 6 3 8 3 9 3 6 4 9 4 10 4 6 5 10 5 11 5 6 6 11 6 12 6 6 7 12 7 13 7 6 8 13 8 14 8 6 9 14 9 15 9 6 10 15 10 16 10 6 11 16 11 17 11 6 12 17 12 18 12 6 13 18 13 19 13 6 14 19 14 20 14 21 15 22 15 23 15 21 16 23 16 24 16 21 17 24 17 25 17 21 18 25 18 26 18 21 19 26 19 27 19 21 20 27 20 28 20 21 21 28 21 29 21 21 22 29 22 30 22 21 23 30 23 31 23 21 24 31 24 32 24 21 25 32 25 33 25 21 26 33 26 34 26 21 27 34 27 35 27 36 28 37 28 38 28 36 29 38 29 39 29 36 30 39 30 40 30 36 31 40 31 41 31 36 32 41 32 42 32 36 33 42 33 43 33 36 34 43 34 44 34 36 35 44 35 45 35 36 36 45 36 46 36 36 37 46 37 47 37 36 38 47 38 48 38 36 39 48 39 49 39 36 40 49 40 50 40 51 41 52 41 53 41 51 42 53 42 54 42 51 43 54 43 55 43 51 44 55 44 56 44 51 45 56 45 57 45 51 46 57 46 58 46 51 47 58 47 59 47 51 48 59 48 60 48 51 49 60 49 61 49 51 50 61 50 62 50 51 51 62 51 63 51 51 52 63 52 64 52 51 53 64 53 65 53 66 54 67 54 68 54 66 55 68 55 69 55 66 56 69 56 70 56 66 57 70 57 71 57 66 58 71 58 72 58 66 59 72 59 73 59 66 60 73 60 74 60 66 61 74 61 75 61 66 62 75 62 76 62 66 63 76 63 77 63 66 64 77 64 78 64 66 65 78 65 79 65 66 66 79 66 80 66 66 67 80 67 81 67 66 68 81 68 82 68 66 69 82 69 83 69 66 70 83 70 84 70 66 71 84 71 85 71 66 72 85 72 86 72 66 73 86 73 87 73 66 74 87 74 88 74 66 75 88 75 89 75 66 76 89 76 90 76 66 77 90 77 91 77 66 78 91 78 92 78 66 79 92 79 93 79 66 80 93 80 94 80 95 81 96 81 97 81 95 82 97 82 98 82 95 83 98 83 99 83 95 84 99 84 100 84 95 85 100 85 101 85 95 86 101 86 102 86 95 87 102 87 103 87 95 88 103 88 104 88 95 89 104 89 105 89 95 90 105 90 106 90 95 91 106 91 107 91 95 92 107 92 108 92 95 93 108 93 109 93 95 94 109 94 110 94 95 95 110 95 111 95 95 96 111 96 112 96 95 97 112 97 113 97 95 98 113 98 78 98 95 99 78 99 77 99 114 100 115 100 116 100 114 101 116 101 117 101 114 102 117 102 118 102 114 103 118 103 119 103 114 104 119 104 120 104 114 105 120 105 121 105 114 106 121 106 122 106 114 107 122 107 123 107 114 108 123 108 124 108 114 109 124 109 125 109 114 110 125 110 126 110 114 111 126 111 127 111 114 112 127 112 128 112 114 113 128 113 129 113 114 114 129 114 130 114 114 115 130 115 131 115 114 116 131 116 132 116 114 117 132 117 133 117 114 118 133 118 134 118 114 119 134 119 135 119 114 120 135 120 136 120 114 121 136 121 137 121 114 122 137 122 138 122 114 123 138 123 0 123 114 124 0 124 2 124 139 125 140 125 132 125 139 126 132 126 131 126 139 127 131 127 141 127 139 128 141 128 142 128 139 129 142 129 143 129 139 130 143 130 144 130 139 131 144 131 145 131 139 132 145 132 146 132 139 133 146 133 147 133 139 134 147 134 148 134 139 135 148 135 149 135 139 136 149 136 150 136 139 137 150 137 151 137 139 138 151 138 152 138 139 139 152 139 153 139 139 140 153 140 154 140 139 141 154 141 155 141 139 142 155 142 156 142 139 143 156 143 157 143 139 144 157 144 158 144 68 145 67 145 159 145 68 146 159 146 160 146 68 147 160 147 161 147 68 148 161 148 162 148 68 149 162 149 163 149 68 150 163 150 164 150 68 151 164 151 165 151 68 152 165 152 166 152 68 153 166 153 167 153 68 154 167 154 168 154 68 155 168 155 169 155 68 156 169 156 170 156 68 157 170 157 171 157 68 158 171 158 172 158 68 159 172 159 173 159 68 160 173 160 174 160 68 161 174 161 175 161 68 162 175 162 176 162 68 163 176 163 177 163 68 164 177 164 178 164 68 165 178 165 179 165 68 166 179 166 180 166 68 167 180 167 181 167 68 168 181 168 182 168 68 169 182 169 183 169 68 170 183 170 184 170 68 171 184 171 185 171 68 172 185 172 186 172 68 173 186 173 187 173 188 174 37 174 36 174 188 175 36 175 189 175 188 176 189 176 190 176 188 177 190 177 191 177 188 178 191 178 192 178 188 179 192 179 193 179 188 180 193 180 194 180 174 181 188 181 194 181 174 182 194 182 195 182 174 183 195 183 175 183 196 184 52 184 51 184 196 185 51 185 197 185 196 186 197 186 198 186 196 187 198 187 199 187 196 188 199 188 200 188 196 189 200 189 201 189 196 190 201 190 202 190 183 191 196 191 202 191 183 192 202 192 203 192 183 193 203 193 204 193 183 194 204 194 205 194 183 195 205 195 206 195 183 196 206 196 207 196 183 197 207 197 208 197 183 198 208 198 184 198 209 199 210 199 68 199 209 200 68 200 187 200 209 201 187 201 211 201 209 202 211 202 212 202 209 203 212 203 213 203 209 204 213 204 214 204 209 205 214 205 215 205 209 206 215 206 216 206 209 207 216 207 217 207 209 208 217 208 218 208 209 209 218 209 219 209 209 210 219 210 220 210 209 211 220 211 221 211 209 212 221 212 222 212 209 213 222 213 223 213 209 214 223 214 224 214 209 215 224 215 2 215 209 216 2 216 1 216 225 217 226 217 227 217 225 218 227 218 228 218 225 219 228 219 229 219 225 220 229 220 230 220 225 221 230 221 231 221 225 222 231 222 232 222 225 223 232 223 233 223 225 224 233 224 234 224 225 225 234 225 235 225 225 226 235 226 236 226 225 227 236 227 237 227 225 228 237 228 238 228 225 229 238 229 239 229 225 230 239 230 240 230 225 231 240 231 241 231 225 232 241 232 242 232 225 233 242 233 243 233 225 234 243 234 244 234 225 235 244 235 245 235 225 236 245 236 246 236 225 237 246 237 247 237 225 238 247 238 248 238 225 239 248 239 249 239 225 240 249 240 250 240 225 241 250 241 251 241 225 242 251 242 252 242 225 243 252 243 253 243 225 244 253 244 254 244 225 245 254 245 255 245 225 246 255 246 96 246 256 247 257 247 258 247 256 248 258 248 259 248 256 249 259 249 260 249 256 250 260 250 261 250 256 251 261 251 262 251 256 252 262 252 21 252 256 253 21 253 35 253 239 254 238 254 263 254 239 255 263 255 257 255 239 256 257 256 256 256 264 257 265 257 266 257 264 258 266 258 267 258 264 259 267 259 268 259 264 260 268 260 269 260 264 261 269 261 270 261 264 262 270 262 6 262 264 263 6 263 20 263 230 264 229 264 271 264 230 265 271 265 272 265 230 266 272 266 273 266 230 267 273 267 274 267 230 268 274 268 275 268 230 269 275 269 276 269 230 270 276 270 265 270 230 271 265 271 264 271 277 272 3 272 5 272 277 273 5 273 278 273 277 274 278 274 279 274 277 275 279 275 280 275 277 276 280 276 281 276 277 277 281 277 282 277 277 278 282 278 283 278 277 279 283 279 284 279 277 280 284 280 285 280 277 281 285 281 286 281 277 282 286 282 287 282 277 283 287 283 288 283 277 284 288 284 289 284 277 285 289 285 290 285 277 286 290 286 291 286 277 287 291 287 226 287 277 288 226 288 225 288 158 289 5 289 4 289 158 290 4 290 292 290 158 291 292 291 293 291 158 292 293 292 294 292 158 293 294 293 295 293 158 294 295 294 296 294 158 295 296 295 297 295 158 296 297 296 298 296 158 297 298 297 139 297 96 298 95 298 299 298 96 299 299 299 300 299 96 300 300 300 301 300 96 301 301 301 302 301 96 302 302 302 303 302 96 303 303 303 304 303 96 304 304 304 305 304 96 305 305 305 306 305 96 306 306 306 225 306 307 307 308 307 309 307 309 308 308 308 310 308 309 309 310 309 311 309 310 310 312 310 311 310 313 311 311 311 312 311 312 312 314 312 313 312 315 313 316 313 317 313 316 314 318 314 317 314 319 315 320 315 321 315 320 316 322 316 321 316 323 317 324 317 325 317 326 318 327 318 328 318 329 319 330 319 331 319 330 320 332 320 331 320 333 321 331 321 332 321 313 322 314 322 315 322 315 323 314 323 334 323 315 324 334 324 316 324 317 325 318 325 319 325 319 326 318 326 335 326 319 327 335 327 320 327 321 328 322 328 323 328 323 329 322 329 336 329 323 330 336 330 324 330 326 331 328 331 337 331 337 332 328 332 325 332 337 333 325 333 324 333 328 334 327 334 329 334 329 335 327 335 338 335 329 336 338 336 330 336 339 337 340 337 341 337 342 338 343 338 344 338 319 339 345 339 346 339 347 340 7 340 6 340 347 341 6 341 348 341 347 342 348 342 349 342 347 343 349 343 350 343 347 344 350 344 351 344 347 345 351 345 352 345 347 346 352 346 353 346 347 347 353 347 354 347 347 348 354 348 355 348 347 349 355 349 307 349 347 350 307 350 309 350 347 351 309 351 311 351 347 352 311 352 313 352 347 353 313 353 315 353 347 354 315 354 356 354 357 355 358 355 359 355 357 356 359 356 360 356 357 357 360 357 361 357 357 358 361 358 362 358 357 359 362 359 363 359 357 360 363 360 364 360 357 361 364 361 365 361 357 362 365 362 22 362 357 363 22 363 366 363 357 364 366 364 367 364 357 365 367 365 368 365 357 366 368 366 369 366 357 367 369 367 370 367 357 368 370 368 371 368 357 369 371 369 372 369 373 370 374 370 375 370 373 371 375 371 376 371 373 372 376 372 377 372 373 373 377 373 378 373 373 374 378 374 379 374 373 375 379 375 380 375 373 376 380 376 381 376 373 377 381 377 7 377 373 378 7 378 347 378 373 379 347 379 382 379 373 380 382 380 383 380 373 381 383 381 384 381 373 382 384 382 385 382 386 383 387 383 388 383 386 384 388 384 389 384 386 385 389 385 390 385 386 386 390 386 391 386 386 387 391 387 392 387 386 388 392 388 393 388 386 389 393 389 357 389 386 390 357 390 372 390 386 391 372 391 394 391 386 392 394 392 395 392 386 393 395 393 396 393 386 394 396 394 397 394 386 395 397 395 398 395 386 396 398 396 399 396 386 397 399 397 400 397 386 398 400 398 373 398 386 399 373 399 385 399 386 400 385 400 401 400 386 401 401 401 402 401 386 402 402 402 403 402 386 403 403 403 404 403 386 404 404 404 405 404 386 405 405 405 406 405 386 406 406 406 407 406 386 407 407 407 408 407 386 408 408 408 409 408 386 409 409 409 410 409 386 410 410 410 5 410 386 411 5 411 158 411 411 412 96 412 255 412 411 413 255 413 412 413 411 414 412 414 413 414 411 415 413 415 414 415 411 416 414 416 415 416 411 417 415 417 416 417 411 418 416 418 417 418 411 419 417 419 418 419 411 420 418 420 387 420 411 421 387 421 386 421 412 422 255 422 419 422 412 423 419 423 420 423 412 424 420 424 421 424 412 425 421 425 422 425 412 426 422 426 423 426 412 427 423 427 424 427 412 428 424 428 425 428 412 429 425 429 426 429 412 430 426 430 427 430 412 431 427 431 428 431 412 432 428 432 429 432 412 433 429 433 430 433 431 434 432 434 433 434 431 435 433 435 434 435 431 436 434 436 435 436 431 437 435 437 412 437 431 438 412 438 430 438 366 439 22 439 21 439 366 440 21 440 436 440 366 441 436 441 437 441 366 442 437 442 438 442 366 443 438 443 439 443 366 444 439 444 440 444 366 445 440 445 441 445 366 446 441 446 442 446 366 447 442 447 443 447 366 448 443 448 444 448 366 449 444 449 445 449 366 450 445 450 446 450 366 451 446 451 447 451 448 452 359 452 358 452 448 453 358 453 449 453 448 454 449 454 450 454 448 455 450 455 451 455 358 456 357 456 452 456 358 457 452 457 453 457 358 458 453 458 454 458 455 459 456 459 457 459 455 460 457 460 458 460 455 461 458 461 459 461 455 462 459 462 366 462 455 463 366 463 447 463 460 464 375 464 374 464 460 465 374 465 461 465 460 466 461 466 462 466 460 467 462 467 463 467 374 468 373 468 464 468 374 469 464 469 465 469 374 470 465 470 466 470 467 471 468 471 328 471 467 472 328 472 329 472 467 473 329 473 331 473 467 474 331 474 333 474 410 475 328 475 468 475 410 476 468 476 469 476 410 477 469 477 470 477 410 478 470 478 471 478 410 479 471 479 472 479 410 480 472 480 473 480 410 481 473 481 474 481 410 482 474 482 5 482 328 483 410 483 475 483 328 484 475 484 476 484 328 485 476 485 325 485 339 486 341 486 432 486 432 487 341 487 477 487 432 488 477 488 433 488 340 489 339 489 478 489 478 490 339 490 479 490 478 491 479 491 480 491 480 492 479 492 481 492 481 493 479 493 482 493 481 494 482 494 483 494 483 495 482 495 484 495 484 496 482 496 454 496 484 497 454 497 453 497 342 498 344 498 456 498 456 499 344 499 485 499 456 500 485 500 457 500 343 501 342 501 486 501 486 502 342 502 487 502 486 503 487 503 488 503 488 504 487 504 489 504 489 505 487 505 490 505 489 506 490 506 491 506 491 507 490 507 492 507 492 508 490 508 466 508 492 509 466 509 465 509 317 510 493 510 315 510 315 511 493 511 494 511 315 512 494 512 356 512 319 513 346 513 317 513 317 514 346 514 495 514 317 515 495 515 493 515 345 516 319 516 496 516 496 517 319 517 321 517 496 518 321 518 497 518 497 519 321 519 498 519 498 520 321 520 323 520 498 521 323 521 499 521 499 522 323 522 500 522 500 523 323 523 325 523 500 524 325 524 476 524 501 525 502 525 354 525 353 526 501 526 354 526 310 527 503 527 504 527 505 528 467 528 333 528 506 529 469 529 468 529 473 530 507 530 474 530 471 531 508 531 472 531 471 532 470 532 508 532 509 533 349 533 348 533 510 534 351 534 350 534 351 535 510 535 352 535 511 536 509 536 269 536 512 537 510 537 511 537 513 538 354 538 502 538 514 539 265 539 276 539 515 540 514 540 276 540 516 541 514 541 515 541 517 542 516 542 515 542 518 543 516 543 517 543 519 544 518 544 517 544 519 545 520 545 518 545 520 546 519 546 504 546 504 547 503 547 520 547 521 548 228 548 227 548 522 549 521 549 227 549 523 550 521 550 522 550 524 551 523 551 522 551 524 552 525 552 523 552 525 553 524 553 526 553 526 554 527 554 525 554 527 555 526 555 335 555 318 556 527 556 335 556 528 557 529 557 530 557 531 558 529 558 528 558 532 559 529 559 531 559 533 560 532 560 531 560 322 561 532 561 533 561 336 562 322 562 533 562 534 563 535 563 536 563 535 564 534 564 537 564 537 565 538 565 535 565 539 566 538 566 537 566 540 567 538 567 539 567 541 568 540 568 539 568 467 569 505 569 468 569 508 570 542 570 543 570 512 571 501 571 510 571 510 572 501 572 353 572 510 573 353 573 352 573 354 574 513 574 355 574 355 575 513 575 544 575 355 576 544 576 307 576 307 577 544 577 545 577 307 578 545 578 308 578 308 579 545 579 503 579 308 580 503 580 310 580 546 581 515 581 547 581 547 582 515 582 276 582 547 583 276 583 275 583 515 584 546 584 517 584 517 585 546 585 548 585 517 586 548 586 519 586 519 587 548 587 549 587 519 588 549 588 504 588 504 589 549 589 312 589 504 590 312 590 310 590 549 591 550 591 312 591 312 592 550 592 551 592 312 593 551 593 314 593 314 594 551 594 552 594 314 595 552 595 334 595 553 596 338 596 554 596 554 597 338 597 327 597 554 598 327 598 555 598 555 599 327 599 326 599 555 600 326 600 556 600 556 601 326 601 337 601 556 602 337 602 557 602 535 603 558 603 536 603 536 604 558 604 284 604 536 605 284 605 283 605 558 606 535 606 559 606 559 607 535 607 538 607 559 608 538 608 560 608 560 609 538 609 540 609 560 610 540 610 553 610 553 611 540 611 330 611 553 612 330 612 338 612 540 613 541 613 330 613 330 614 541 614 561 614 330 615 561 615 332 615 332 616 561 616 505 616 332 617 505 617 333 617 505 618 562 618 468 618 468 619 562 619 563 619 468 620 563 620 506 620 506 621 563 621 564 621 506 622 564 622 542 622 542 623 564 623 565 623 542 624 565 624 543 624 543 625 565 625 280 625 543 626 280 626 279 626 506 627 542 627 469 627 469 628 542 628 508 628 469 629 508 629 470 629 279 630 278 630 543 630 543 631 278 631 507 631 278 632 5 632 507 632 507 633 5 633 474 633 543 634 507 634 508 634 508 635 507 635 473 635 508 636 473 636 472 636 269 637 509 637 270 637 270 638 509 638 348 638 270 639 348 639 6 639 511 640 510 640 509 640 509 641 510 641 350 641 509 642 350 642 349 642 502 643 501 643 566 643 566 644 501 644 512 644 566 645 512 645 567 645 567 646 512 646 511 646 567 647 511 647 568 647 568 648 511 648 269 648 568 649 269 649 268 649 569 650 568 650 570 650 570 651 568 651 268 651 570 652 268 652 267 652 568 653 569 653 567 653 567 654 569 654 571 654 567 655 571 655 566 655 566 656 571 656 572 656 566 657 572 657 502 657 502 658 572 658 544 658 502 659 544 659 513 659 573 660 570 660 574 660 574 661 570 661 267 661 574 662 267 662 266 662 570 663 573 663 569 663 569 664 573 664 575 664 569 665 575 665 571 665 571 666 575 666 576 666 571 667 576 667 572 667 572 668 576 668 545 668 572 669 545 669 544 669 516 670 574 670 514 670 514 671 574 671 266 671 514 672 266 672 265 672 574 673 516 673 573 673 573 674 516 674 518 674 573 675 518 675 575 675 575 676 518 676 520 676 575 677 520 677 576 677 576 678 520 678 503 678 576 679 503 679 545 679 577 680 547 680 578 680 578 681 547 681 275 681 578 682 275 682 274 682 547 683 577 683 546 683 546 684 577 684 579 684 546 685 579 685 548 685 548 686 579 686 550 686 548 687 550 687 549 687 580 688 578 688 581 688 581 689 578 689 274 689 581 690 274 690 273 690 578 691 580 691 577 691 577 692 580 692 582 692 577 693 582 693 579 693 579 694 582 694 551 694 579 695 551 695 550 695 583 696 581 696 584 696 584 697 581 697 273 697 584 698 273 698 272 698 581 699 583 699 580 699 580 700 583 700 585 700 580 701 585 701 582 701 582 702 585 702 552 702 582 703 552 703 551 703 334 704 552 704 586 704 586 705 552 705 585 705 586 706 585 706 587 706 587 707 585 707 583 707 587 708 583 708 588 708 588 709 583 709 584 709 588 710 584 710 589 710 589 711 584 711 272 711 589 712 272 712 271 712 590 713 589 713 591 713 591 714 589 714 271 714 591 715 271 715 229 715 589 716 590 716 588 716 588 717 590 717 592 717 588 718 592 718 587 718 587 719 592 719 593 719 587 720 593 720 586 720 586 721 593 721 316 721 586 722 316 722 334 722 523 723 591 723 521 723 521 724 591 724 229 724 521 725 229 725 228 725 591 726 523 726 590 726 590 727 523 727 525 727 590 728 525 728 592 728 592 729 525 729 527 729 592 730 527 730 593 730 593 731 527 731 318 731 593 732 318 732 316 732 594 733 522 733 595 733 595 734 522 734 227 734 595 735 227 735 226 735 522 736 594 736 524 736 524 737 594 737 596 737 524 738 596 738 526 738 526 739 596 739 320 739 526 740 320 740 335 740 529 741 595 741 530 741 530 742 595 742 226 742 530 743 226 743 291 743 595 744 529 744 594 744 594 745 529 745 532 745 594 746 532 746 596 746 596 747 532 747 322 747 596 748 322 748 320 748 528 749 530 749 597 749 597 750 530 750 291 750 597 751 291 751 290 751 598 752 597 752 599 752 599 753 597 753 290 753 599 754 290 754 289 754 597 755 598 755 528 755 528 756 598 756 600 756 528 757 600 757 531 757 531 758 600 758 601 758 531 759 601 759 533 759 533 760 601 760 324 760 533 761 324 761 336 761 602 762 599 762 603 762 603 763 599 763 289 763 603 764 289 764 288 764 599 765 602 765 598 765 598 766 602 766 604 766 598 767 604 767 600 767 600 768 604 768 557 768 600 769 557 769 601 769 601 770 557 770 337 770 601 771 337 771 324 771 605 772 603 772 606 772 606 773 603 773 288 773 606 774 288 774 287 774 603 775 605 775 602 775 602 776 605 776 607 776 602 777 607 777 604 777 604 778 607 778 556 778 604 779 556 779 557 779 608 780 606 780 609 780 609 781 606 781 287 781 609 782 287 782 286 782 606 783 608 783 605 783 605 784 608 784 610 784 605 785 610 785 607 785 607 786 610 786 555 786 607 787 555 787 556 787 611 788 609 788 612 788 612 789 609 789 286 789 612 790 286 790 285 790 609 791 611 791 608 791 608 792 611 792 613 792 608 793 613 793 610 793 610 794 613 794 554 794 610 795 554 795 555 795 559 796 612 796 558 796 558 797 612 797 285 797 558 798 285 798 284 798 612 799 559 799 611 799 611 800 559 800 560 800 611 801 560 801 613 801 613 802 560 802 553 802 613 803 553 803 554 803 534 804 536 804 614 804 614 805 536 805 283 805 614 806 283 806 282 806 615 807 614 807 616 807 616 808 614 808 282 808 616 809 282 809 281 809 614 810 615 810 534 810 534 811 615 811 617 811 534 812 617 812 537 812 537 813 617 813 618 813 537 814 618 814 539 814 539 815 618 815 561 815 539 816 561 816 541 816 564 817 616 817 565 817 565 818 616 818 281 818 565 819 281 819 280 819 616 820 564 820 615 820 615 821 564 821 563 821 615 822 563 822 617 822 617 823 563 823 562 823 617 824 562 824 618 824 618 825 562 825 505 825 618 826 505 826 561 826 444 827 619 827 445 827 445 828 619 828 620 828 445 829 620 829 446 829 620 830 621 830 446 830 447 831 446 831 621 831 621 832 622 832 447 832 455 833 623 833 456 833 623 834 624 834 456 834 342 835 625 835 487 835 625 836 626 836 487 836 490 837 627 837 466 837 628 838 629 838 374 838 461 839 630 839 462 839 630 840 631 840 462 840 463 841 462 841 631 841 447 842 622 842 455 842 455 843 622 843 632 843 455 844 632 844 623 844 456 845 624 845 342 845 342 846 624 846 633 846 342 847 633 847 625 847 487 848 626 848 490 848 490 849 626 849 634 849 490 850 634 850 627 850 628 851 374 851 635 851 635 852 374 852 466 852 635 853 466 853 627 853 374 854 629 854 461 854 461 855 629 855 636 855 461 856 636 856 630 856 637 857 638 857 442 857 441 858 637 858 442 858 620 859 639 859 640 859 641 860 460 860 463 860 642 861 376 861 375 861 380 862 643 862 381 862 378 863 644 863 379 863 378 864 377 864 644 864 645 865 437 865 436 865 646 866 439 866 438 866 439 867 646 867 440 867 647 868 645 868 261 868 648 869 646 869 647 869 649 870 442 870 638 870 650 871 257 871 263 871 651 872 650 872 263 872 652 873 650 873 651 873 653 874 652 874 651 874 654 875 652 875 653 875 655 876 654 876 653 876 655 877 656 877 654 877 656 878 655 878 640 878 640 879 639 879 656 879 657 880 232 880 231 880 658 881 657 881 231 881 659 882 657 882 658 882 660 883 659 883 658 883 660 884 661 884 659 884 661 885 660 885 662 885 662 886 663 886 661 886 663 887 662 887 633 887 624 888 663 888 633 888 664 889 665 889 666 889 667 890 665 890 664 890 668 891 665 891 667 891 669 892 668 892 667 892 626 893 668 893 669 893 634 894 626 894 669 894 670 895 671 895 672 895 671 896 670 896 673 896 673 897 674 897 671 897 675 898 674 898 673 898 676 899 674 899 675 899 677 900 676 900 675 900 460 901 641 901 375 901 644 902 678 902 679 902 648 903 637 903 646 903 646 904 637 904 441 904 646 905 441 905 440 905 442 906 649 906 443 906 443 907 649 907 680 907 443 908 680 908 444 908 444 909 680 909 681 909 444 910 681 910 619 910 619 911 681 911 639 911 619 912 639 912 620 912 682 913 651 913 683 913 683 914 651 914 263 914 683 915 263 915 238 915 651 916 682 916 653 916 653 917 682 917 684 917 653 918 684 918 655 918 655 919 684 919 685 919 655 920 685 920 640 920 640 921 685 921 621 921 640 922 621 922 620 922 685 923 686 923 621 923 621 924 686 924 687 924 621 925 687 925 622 925 622 926 687 926 688 926 622 927 688 927 632 927 689 928 636 928 690 928 690 929 636 929 629 929 690 930 629 930 691 930 691 931 629 931 628 931 691 932 628 932 692 932 692 933 628 933 635 933 692 934 635 934 693 934 671 935 694 935 672 935 672 936 694 936 14 936 672 937 14 937 13 937 694 938 671 938 695 938 695 939 671 939 674 939 695 940 674 940 696 940 696 941 674 941 676 941 696 942 676 942 689 942 689 943 676 943 630 943 689 944 630 944 636 944 676 945 677 945 630 945 630 946 677 946 697 946 630 947 697 947 631 947 631 948 697 948 641 948 631 949 641 949 463 949 641 950 698 950 375 950 375 951 698 951 699 951 375 952 699 952 642 952 642 953 699 953 700 953 642 954 700 954 678 954 678 955 700 955 701 955 678 956 701 956 679 956 679 957 701 957 10 957 679 958 10 958 9 958 642 959 678 959 376 959 376 960 678 960 644 960 376 961 644 961 377 961 9 962 8 962 679 962 679 963 8 963 643 963 8 964 7 964 643 964 643 965 7 965 381 965 679 966 643 966 644 966 644 967 643 967 380 967 644 968 380 968 379 968 261 969 645 969 262 969 262 970 645 970 436 970 262 971 436 971 21 971 647 972 646 972 645 972 645 973 646 973 438 973 645 974 438 974 437 974 638 975 637 975 702 975 702 976 637 976 648 976 702 977 648 977 703 977 703 978 648 978 647 978 703 979 647 979 704 979 704 980 647 980 261 980 704 981 261 981 260 981 705 982 704 982 706 982 706 983 704 983 260 983 706 984 260 984 259 984 704 985 705 985 703 985 703 986 705 986 707 986 703 987 707 987 702 987 702 988 707 988 708 988 702 989 708 989 638 989 638 990 708 990 680 990 638 991 680 991 649 991 709 992 706 992 710 992 710 993 706 993 259 993 710 994 259 994 258 994 706 995 709 995 705 995 705 996 709 996 711 996 705 997 711 997 707 997 707 998 711 998 712 998 707 999 712 999 708 999 708 1000 712 1000 681 1000 708 1001 681 1001 680 1001 652 1002 710 1002 650 1002 650 1003 710 1003 258 1003 650 1004 258 1004 257 1004 710 1005 652 1005 709 1005 709 1006 652 1006 654 1006 709 1007 654 1007 711 1007 711 1008 654 1008 656 1008 711 1009 656 1009 712 1009 712 1010 656 1010 639 1010 712 1011 639 1011 681 1011 713 1012 683 1012 714 1012 714 1013 683 1013 238 1013 714 1014 238 1014 237 1014 683 1015 713 1015 682 1015 682 1016 713 1016 715 1016 682 1017 715 1017 684 1017 684 1018 715 1018 686 1018 684 1019 686 1019 685 1019 716 1020 714 1020 717 1020 717 1021 714 1021 237 1021 717 1022 237 1022 236 1022 714 1023 716 1023 713 1023 713 1024 716 1024 718 1024 713 1025 718 1025 715 1025 715 1026 718 1026 687 1026 715 1027 687 1027 686 1027 719 1028 717 1028 720 1028 720 1029 717 1029 236 1029 720 1030 236 1030 235 1030 717 1031 719 1031 716 1031 716 1032 719 1032 721 1032 716 1033 721 1033 718 1033 718 1034 721 1034 688 1034 718 1035 688 1035 687 1035 632 1036 688 1036 722 1036 722 1037 688 1037 721 1037 722 1038 721 1038 723 1038 723 1039 721 1039 719 1039 723 1040 719 1040 724 1040 724 1041 719 1041 720 1041 724 1042 720 1042 725 1042 725 1043 720 1043 235 1043 725 1044 235 1044 234 1044 726 1045 725 1045 727 1045 727 1046 725 1046 234 1046 727 1047 234 1047 233 1047 725 1048 726 1048 724 1048 724 1049 726 1049 728 1049 724 1050 728 1050 723 1050 723 1051 728 1051 729 1051 723 1052 729 1052 722 1052 722 1053 729 1053 623 1053 722 1054 623 1054 632 1054 659 1055 727 1055 657 1055 657 1056 727 1056 233 1056 657 1057 233 1057 232 1057 727 1058 659 1058 726 1058 726 1059 659 1059 661 1059 726 1060 661 1060 728 1060 728 1061 661 1061 663 1061 728 1062 663 1062 729 1062 729 1063 663 1063 624 1063 729 1064 624 1064 623 1064 730 1065 658 1065 731 1065 731 1066 658 1066 231 1066 731 1067 231 1067 230 1067 658 1068 730 1068 660 1068 660 1069 730 1069 732 1069 660 1070 732 1070 662 1070 662 1071 732 1071 625 1071 662 1072 625 1072 633 1072 665 1073 731 1073 666 1073 666 1074 731 1074 230 1074 666 1075 230 1075 264 1075 731 1076 665 1076 730 1076 730 1077 665 1077 668 1077 730 1078 668 1078 732 1078 732 1079 668 1079 626 1079 732 1080 626 1080 625 1080 664 1081 666 1081 733 1081 733 1082 666 1082 264 1082 733 1083 264 1083 20 1083 734 1084 733 1084 735 1084 735 1085 733 1085 20 1085 735 1086 20 1086 19 1086 733 1087 734 1087 664 1087 664 1088 734 1088 736 1088 664 1089 736 1089 667 1089 667 1090 736 1090 737 1090 667 1091 737 1091 669 1091 669 1092 737 1092 627 1092 669 1093 627 1093 634 1093 738 1094 735 1094 739 1094 739 1095 735 1095 19 1095 739 1096 19 1096 18 1096 735 1097 738 1097 734 1097 734 1098 738 1098 740 1098 734 1099 740 1099 736 1099 736 1100 740 1100 693 1100 736 1101 693 1101 737 1101 737 1102 693 1102 635 1102 737 1103 635 1103 627 1103 741 1104 739 1104 742 1104 742 1105 739 1105 18 1105 742 1106 18 1106 17 1106 739 1107 741 1107 738 1107 738 1108 741 1108 743 1108 738 1109 743 1109 740 1109 740 1110 743 1110 692 1110 740 1111 692 1111 693 1111 744 1112 742 1112 745 1112 745 1113 742 1113 17 1113 745 1114 17 1114 16 1114 742 1115 744 1115 741 1115 741 1116 744 1116 746 1116 741 1117 746 1117 743 1117 743 1118 746 1118 691 1118 743 1119 691 1119 692 1119 747 1120 745 1120 748 1120 748 1121 745 1121 16 1121 748 1122 16 1122 15 1122 745 1123 747 1123 744 1123 744 1124 747 1124 749 1124 744 1125 749 1125 746 1125 746 1126 749 1126 690 1126 746 1127 690 1127 691 1127 695 1128 748 1128 694 1128 694 1129 748 1129 15 1129 694 1130 15 1130 14 1130 748 1131 695 1131 747 1131 747 1132 695 1132 696 1132 747 1133 696 1133 749 1133 749 1134 696 1134 689 1134 749 1135 689 1135 690 1135 670 1136 672 1136 750 1136 750 1137 672 1137 13 1137 750 1138 13 1138 12 1138 751 1139 750 1139 752 1139 752 1140 750 1140 12 1140 752 1141 12 1141 11 1141 750 1142 751 1142 670 1142 670 1143 751 1143 753 1143 670 1144 753 1144 673 1144 673 1145 753 1145 754 1145 673 1146 754 1146 675 1146 675 1147 754 1147 697 1147 675 1148 697 1148 677 1148 700 1149 752 1149 701 1149 701 1150 752 1150 11 1150 701 1151 11 1151 10 1151 752 1152 700 1152 751 1152 751 1153 700 1153 699 1153 751 1154 699 1154 753 1154 753 1155 699 1155 698 1155 753 1156 698 1156 754 1156 754 1157 698 1157 641 1157 754 1158 641 1158 697 1158 427 1159 755 1159 428 1159 428 1160 755 1160 756 1160 428 1161 756 1161 429 1161 756 1162 757 1162 429 1162 430 1163 429 1163 757 1163 757 1164 758 1164 430 1164 431 1165 759 1165 432 1165 759 1166 760 1166 432 1166 339 1167 761 1167 479 1167 761 1168 762 1168 479 1168 482 1169 763 1169 454 1169 764 1170 765 1170 358 1170 449 1171 766 1171 450 1171 766 1172 767 1172 450 1172 451 1173 450 1173 767 1173 430 1174 758 1174 431 1174 431 1175 758 1175 768 1175 431 1176 768 1176 759 1176 432 1177 760 1177 339 1177 339 1178 760 1178 769 1178 339 1179 769 1179 761 1179 479 1180 762 1180 482 1180 482 1181 762 1181 770 1181 482 1182 770 1182 763 1182 764 1183 358 1183 771 1183 771 1184 358 1184 454 1184 771 1185 454 1185 763 1185 358 1186 765 1186 449 1186 449 1187 765 1187 772 1187 449 1188 772 1188 766 1188 773 1189 774 1189 425 1189 424 1190 773 1190 425 1190 756 1191 775 1191 776 1191 777 1192 448 1192 451 1192 778 1193 360 1193 359 1193 364 1194 779 1194 365 1194 362 1195 780 1195 363 1195 362 1196 361 1196 780 1196 781 1197 420 1197 419 1197 782 1198 422 1198 421 1198 422 1199 782 1199 423 1199 783 1200 781 1200 253 1200 784 1201 782 1201 783 1201 785 1202 425 1202 774 1202 786 1203 249 1203 248 1203 787 1204 786 1204 248 1204 788 1205 786 1205 787 1205 789 1206 788 1206 787 1206 790 1207 788 1207 789 1207 791 1208 790 1208 789 1208 791 1209 792 1209 790 1209 792 1210 791 1210 776 1210 776 1211 775 1211 792 1211 793 1212 241 1212 240 1212 794 1213 793 1213 240 1213 795 1214 793 1214 794 1214 796 1215 795 1215 794 1215 797 1216 795 1216 796 1216 798 1217 797 1217 796 1217 798 1218 799 1218 797 1218 799 1219 798 1219 769 1219 760 1220 799 1220 769 1220 800 1221 801 1221 802 1221 801 1222 800 1222 803 1222 803 1223 804 1223 801 1223 805 1224 804 1224 803 1224 762 1225 804 1225 805 1225 770 1226 762 1226 805 1226 806 1227 807 1227 808 1227 807 1228 806 1228 809 1228 809 1229 810 1229 807 1229 811 1230 810 1230 809 1230 812 1231 810 1231 811 1231 813 1232 812 1232 811 1232 448 1233 777 1233 359 1233 780 1234 814 1234 815 1234 784 1235 773 1235 782 1235 782 1236 773 1236 424 1236 782 1237 424 1237 423 1237 425 1238 785 1238 426 1238 426 1239 785 1239 816 1239 426 1240 816 1240 427 1240 427 1241 816 1241 817 1241 427 1242 817 1242 755 1242 755 1243 817 1243 775 1243 755 1244 775 1244 756 1244 818 1245 787 1245 819 1245 819 1246 787 1246 248 1246 819 1247 248 1247 247 1247 787 1248 818 1248 789 1248 789 1249 818 1249 820 1249 789 1250 820 1250 791 1250 791 1251 820 1251 821 1251 791 1252 821 1252 776 1252 776 1253 821 1253 757 1253 776 1254 757 1254 756 1254 821 1255 822 1255 757 1255 757 1256 822 1256 823 1256 757 1257 823 1257 758 1257 758 1258 823 1258 824 1258 758 1259 824 1259 768 1259 825 1260 772 1260 826 1260 826 1261 772 1261 765 1261 826 1262 765 1262 827 1262 827 1263 765 1263 764 1263 827 1264 764 1264 828 1264 828 1265 764 1265 771 1265 828 1266 771 1266 829 1266 807 1267 830 1267 808 1267 808 1268 830 1268 29 1268 808 1269 29 1269 28 1269 830 1270 807 1270 831 1270 831 1271 807 1271 810 1271 831 1272 810 1272 832 1272 832 1273 810 1273 812 1273 832 1274 812 1274 825 1274 825 1275 812 1275 766 1275 825 1276 766 1276 772 1276 812 1277 813 1277 766 1277 766 1278 813 1278 833 1278 766 1279 833 1279 767 1279 767 1280 833 1280 777 1280 767 1281 777 1281 451 1281 777 1282 834 1282 359 1282 359 1283 834 1283 835 1283 359 1284 835 1284 778 1284 778 1285 835 1285 836 1285 778 1286 836 1286 814 1286 814 1287 836 1287 837 1287 814 1288 837 1288 815 1288 815 1289 837 1289 25 1289 815 1290 25 1290 24 1290 778 1291 814 1291 360 1291 360 1292 814 1292 780 1292 360 1293 780 1293 361 1293 24 1294 23 1294 815 1294 815 1295 23 1295 779 1295 23 1296 22 1296 779 1296 779 1297 22 1297 365 1297 815 1298 779 1298 780 1298 780 1299 779 1299 364 1299 780 1300 364 1300 363 1300 253 1301 781 1301 254 1301 254 1302 781 1302 419 1302 254 1303 419 1303 255 1303 783 1304 782 1304 781 1304 781 1305 782 1305 421 1305 781 1306 421 1306 420 1306 774 1307 773 1307 838 1307 838 1308 773 1308 784 1308 838 1309 784 1309 839 1309 839 1310 784 1310 783 1310 839 1311 783 1311 840 1311 840 1312 783 1312 253 1312 840 1313 253 1313 252 1313 841 1314 840 1314 842 1314 842 1315 840 1315 252 1315 842 1316 252 1316 251 1316 840 1317 841 1317 839 1317 839 1318 841 1318 843 1318 839 1319 843 1319 838 1319 838 1320 843 1320 844 1320 838 1321 844 1321 774 1321 774 1322 844 1322 816 1322 774 1323 816 1323 785 1323 845 1324 842 1324 846 1324 846 1325 842 1325 251 1325 846 1326 251 1326 250 1326 842 1327 845 1327 841 1327 841 1328 845 1328 847 1328 841 1329 847 1329 843 1329 843 1330 847 1330 848 1330 843 1331 848 1331 844 1331 844 1332 848 1332 817 1332 844 1333 817 1333 816 1333 788 1334 846 1334 786 1334 786 1335 846 1335 250 1335 786 1336 250 1336 249 1336 846 1337 788 1337 845 1337 845 1338 788 1338 790 1338 845 1339 790 1339 847 1339 847 1340 790 1340 792 1340 847 1341 792 1341 848 1341 848 1342 792 1342 775 1342 848 1343 775 1343 817 1343 849 1344 819 1344 850 1344 850 1345 819 1345 247 1345 850 1346 247 1346 246 1346 819 1347 849 1347 818 1347 818 1348 849 1348 851 1348 818 1349 851 1349 820 1349 820 1350 851 1350 822 1350 820 1351 822 1351 821 1351 852 1352 850 1352 853 1352 853 1353 850 1353 246 1353 853 1354 246 1354 245 1354 850 1355 852 1355 849 1355 849 1356 852 1356 854 1356 849 1357 854 1357 851 1357 851 1358 854 1358 823 1358 851 1359 823 1359 822 1359 855 1360 853 1360 856 1360 856 1361 853 1361 245 1361 856 1362 245 1362 244 1362 853 1363 855 1363 852 1363 852 1364 855 1364 857 1364 852 1365 857 1365 854 1365 854 1366 857 1366 824 1366 854 1367 824 1367 823 1367 768 1368 824 1368 858 1368 858 1369 824 1369 857 1369 858 1370 857 1370 859 1370 859 1371 857 1371 855 1371 859 1372 855 1372 860 1372 860 1373 855 1373 856 1373 860 1374 856 1374 861 1374 861 1375 856 1375 244 1375 861 1376 244 1376 243 1376 862 1377 861 1377 863 1377 863 1378 861 1378 243 1378 863 1379 243 1379 242 1379 861 1380 862 1380 860 1380 860 1381 862 1381 864 1381 860 1382 864 1382 859 1382 859 1383 864 1383 865 1383 859 1384 865 1384 858 1384 858 1385 865 1385 759 1385 858 1386 759 1386 768 1386 795 1387 863 1387 793 1387 793 1388 863 1388 242 1388 793 1389 242 1389 241 1389 863 1390 795 1390 862 1390 862 1391 795 1391 797 1391 862 1392 797 1392 864 1392 864 1393 797 1393 799 1393 864 1394 799 1394 865 1394 865 1395 799 1395 760 1395 865 1396 760 1396 759 1396 866 1397 794 1397 867 1397 867 1398 794 1398 240 1398 867 1399 240 1399 239 1399 794 1400 866 1400 796 1400 796 1401 866 1401 868 1401 796 1402 868 1402 798 1402 798 1403 868 1403 761 1403 798 1404 761 1404 769 1404 801 1405 867 1405 802 1405 802 1406 867 1406 239 1406 802 1407 239 1407 256 1407 867 1408 801 1408 866 1408 866 1409 801 1409 804 1409 866 1410 804 1410 868 1410 868 1411 804 1411 762 1411 868 1412 762 1412 761 1412 800 1413 802 1413 869 1413 869 1414 802 1414 256 1414 869 1415 256 1415 35 1415 870 1416 869 1416 871 1416 871 1417 869 1417 35 1417 871 1418 35 1418 34 1418 869 1419 870 1419 800 1419 800 1420 870 1420 872 1420 800 1421 872 1421 803 1421 803 1422 872 1422 873 1422 803 1423 873 1423 805 1423 805 1424 873 1424 763 1424 805 1425 763 1425 770 1425 874 1426 871 1426 875 1426 875 1427 871 1427 34 1427 875 1428 34 1428 33 1428 871 1429 874 1429 870 1429 870 1430 874 1430 876 1430 870 1431 876 1431 872 1431 872 1432 876 1432 829 1432 872 1433 829 1433 873 1433 873 1434 829 1434 771 1434 873 1435 771 1435 763 1435 877 1436 875 1436 878 1436 878 1437 875 1437 33 1437 878 1438 33 1438 32 1438 875 1439 877 1439 874 1439 874 1440 877 1440 879 1440 874 1441 879 1441 876 1441 876 1442 879 1442 828 1442 876 1443 828 1443 829 1443 880 1444 878 1444 881 1444 881 1445 878 1445 32 1445 881 1446 32 1446 31 1446 878 1447 880 1447 877 1447 877 1448 880 1448 882 1448 877 1449 882 1449 879 1449 879 1450 882 1450 827 1450 879 1451 827 1451 828 1451 883 1452 881 1452 884 1452 884 1453 881 1453 31 1453 884 1454 31 1454 30 1454 881 1455 883 1455 880 1455 880 1456 883 1456 885 1456 880 1457 885 1457 882 1457 882 1458 885 1458 826 1458 882 1459 826 1459 827 1459 831 1460 884 1460 830 1460 830 1461 884 1461 30 1461 830 1462 30 1462 29 1462 884 1463 831 1463 883 1463 883 1464 831 1464 832 1464 883 1465 832 1465 885 1465 885 1466 832 1466 825 1466 885 1467 825 1467 826 1467 806 1468 808 1468 886 1468 886 1469 808 1469 28 1469 886 1470 28 1470 27 1470 887 1471 886 1471 888 1471 888 1472 886 1472 27 1472 888 1473 27 1473 26 1473 886 1474 887 1474 806 1474 806 1475 887 1475 889 1475 806 1476 889 1476 809 1476 809 1477 889 1477 890 1477 809 1478 890 1478 811 1478 811 1479 890 1479 833 1479 811 1480 833 1480 813 1480 836 1481 888 1481 837 1481 837 1482 888 1482 26 1482 837 1483 26 1483 25 1483 888 1484 836 1484 887 1484 887 1485 836 1485 835 1485 887 1486 835 1486 889 1486 889 1487 835 1487 834 1487 889 1488 834 1488 890 1488 890 1489 834 1489 777 1489 890 1490 777 1490 833 1490 486 1491 891 1491 343 1491 343 1492 891 1492 892 1492 343 1493 892 1493 344 1493 344 1494 892 1494 893 1494 344 1495 893 1495 485 1495 485 1496 893 1496 894 1496 485 1497 894 1497 457 1497 457 1498 894 1498 895 1498 457 1499 895 1499 458 1499 458 1500 895 1500 896 1500 458 1501 896 1501 459 1501 459 1502 896 1502 897 1502 459 1503 897 1503 366 1503 891 1504 486 1504 898 1504 898 1505 486 1505 488 1505 898 1506 488 1506 899 1506 899 1507 488 1507 489 1507 899 1508 489 1508 900 1508 900 1509 489 1509 491 1509 900 1510 491 1510 901 1510 901 1511 491 1511 492 1511 901 1512 492 1512 902 1512 902 1513 492 1513 465 1513 902 1514 465 1514 903 1514 903 1515 465 1515 464 1515 903 1516 464 1516 904 1516 904 1517 464 1517 373 1517 904 1518 373 1518 905 1518 496 1519 906 1519 345 1519 345 1520 906 1520 907 1520 345 1521 907 1521 346 1521 346 1522 907 1522 908 1522 346 1523 908 1523 495 1523 495 1524 908 1524 909 1524 495 1525 909 1525 493 1525 493 1526 909 1526 910 1526 493 1527 910 1527 494 1527 494 1528 910 1528 911 1528 494 1529 911 1529 356 1529 356 1530 911 1530 912 1530 356 1531 912 1531 347 1531 906 1532 496 1532 913 1532 913 1533 496 1533 497 1533 913 1534 497 1534 914 1534 914 1535 497 1535 498 1535 914 1536 498 1536 915 1536 915 1537 498 1537 499 1537 915 1538 499 1538 916 1538 916 1539 499 1539 500 1539 916 1540 500 1540 917 1540 917 1541 500 1541 476 1541 917 1542 476 1542 918 1542 918 1543 476 1543 475 1543 918 1544 475 1544 919 1544 919 1545 475 1545 410 1545 919 1546 410 1546 920 1546 478 1547 921 1547 340 1547 340 1548 921 1548 922 1548 340 1549 922 1549 341 1549 341 1550 922 1550 923 1550 341 1551 923 1551 477 1551 477 1552 923 1552 924 1552 477 1553 924 1553 433 1553 433 1554 924 1554 925 1554 433 1555 925 1555 434 1555 434 1556 925 1556 926 1556 434 1557 926 1557 435 1557 435 1558 926 1558 927 1558 435 1559 927 1559 412 1559 921 1560 478 1560 928 1560 928 1561 478 1561 480 1561 928 1562 480 1562 929 1562 929 1563 480 1563 481 1563 929 1564 481 1564 930 1564 930 1565 481 1565 483 1565 930 1566 483 1566 931 1566 931 1567 483 1567 484 1567 931 1568 484 1568 932 1568 932 1569 484 1569 453 1569 932 1570 453 1570 933 1570 933 1571 453 1571 452 1571 933 1572 452 1572 934 1572 934 1573 452 1573 357 1573 934 1574 357 1574 935 1574 896 1575 935 1575 897 1575 935 1576 936 1576 897 1576 935 1577 937 1577 938 1577 935 1578 938 1578 939 1578 935 1579 939 1579 940 1579 935 1580 940 1580 941 1580 935 1581 941 1581 936 1581 935 1582 896 1582 895 1582 935 1583 895 1583 894 1583 935 1584 894 1584 893 1584 935 1585 893 1585 892 1585 935 1586 892 1586 891 1586 935 1587 891 1587 898 1587 905 1588 942 1588 943 1588 905 1589 943 1589 944 1589 905 1590 944 1590 945 1590 905 1591 945 1591 912 1591 905 1592 912 1592 911 1592 905 1593 911 1593 910 1593 905 1594 910 1594 909 1594 905 1595 909 1595 908 1595 905 1596 908 1596 907 1596 905 1597 907 1597 906 1597 225 1598 946 1598 924 1598 225 1599 924 1599 923 1599 225 1600 923 1600 922 1600 225 1601 922 1601 921 1601 225 1602 921 1602 928 1602 225 1603 928 1603 277 1603 946 1604 947 1604 948 1604 946 1605 948 1605 949 1605 946 1606 949 1606 950 1606 946 1607 950 1607 951 1607 946 1608 951 1608 952 1608 946 1609 952 1609 953 1609 946 1610 953 1610 954 1610 946 1611 954 1611 927 1611 946 1612 927 1612 926 1612 946 1613 926 1613 925 1613 946 1614 925 1614 924 1614 947 1615 277 1615 920 1615 947 1616 920 1616 955 1616 947 1617 955 1617 956 1617 947 1618 956 1618 957 1618 947 1619 957 1619 958 1619 947 1620 958 1620 959 1620 947 1621 959 1621 960 1621 947 1622 960 1622 961 1622 947 1623 961 1623 962 1623 947 1624 962 1624 963 1624 947 1625 963 1625 942 1625 947 1626 942 1626 905 1626 947 1627 905 1627 964 1627 947 1628 964 1628 965 1628 947 1629 965 1629 966 1629 947 1630 966 1630 967 1630 947 1631 967 1631 968 1631 947 1632 968 1632 969 1632 947 1633 969 1633 970 1633 947 1634 970 1634 937 1634 947 1635 937 1635 935 1635 947 1636 935 1636 971 1636 947 1637 971 1637 972 1637 947 1638 972 1638 973 1638 947 1639 973 1639 974 1639 947 1640 974 1640 975 1640 947 1641 975 1641 976 1641 947 1642 976 1642 948 1642 277 1643 928 1643 929 1643 277 1644 929 1644 930 1644 277 1645 930 1645 931 1645 277 1646 931 1646 932 1646 277 1647 932 1647 933 1647 277 1648 933 1648 934 1648 277 1649 934 1649 935 1649 277 1650 935 1650 898 1650 277 1651 898 1651 899 1651 277 1652 899 1652 900 1652 277 1653 900 1653 901 1653 277 1654 901 1654 902 1654 277 1655 902 1655 903 1655 277 1656 903 1656 904 1656 277 1657 904 1657 905 1657 277 1658 905 1658 906 1658 277 1659 906 1659 913 1659 277 1660 913 1660 914 1660 277 1661 914 1661 915 1661 277 1662 915 1662 916 1662 277 1663 916 1663 917 1663 277 1664 917 1664 918 1664 277 1665 918 1665 919 1665 277 1666 919 1666 920 1666 387 1667 976 1667 388 1667 388 1668 976 1668 975 1668 388 1669 975 1669 389 1669 389 1670 975 1670 974 1670 389 1671 974 1671 390 1671 390 1672 974 1672 973 1672 390 1673 973 1673 391 1673 391 1674 973 1674 972 1674 391 1675 972 1675 392 1675 392 1676 972 1676 971 1676 392 1677 971 1677 393 1677 393 1678 971 1678 935 1678 393 1679 935 1679 357 1679 976 1680 387 1680 948 1680 948 1681 387 1681 418 1681 948 1682 418 1682 949 1682 949 1683 418 1683 417 1683 949 1684 417 1684 950 1684 950 1685 417 1685 416 1685 950 1686 416 1686 951 1686 951 1687 416 1687 415 1687 951 1688 415 1688 952 1688 952 1689 415 1689 414 1689 952 1690 414 1690 953 1690 953 1691 414 1691 413 1691 953 1692 413 1692 954 1692 954 1693 413 1693 412 1693 954 1694 412 1694 927 1694 403 1695 960 1695 404 1695 404 1696 960 1696 959 1696 404 1697 959 1697 405 1697 405 1698 959 1698 958 1698 405 1699 958 1699 406 1699 406 1700 958 1700 957 1700 406 1701 957 1701 407 1701 407 1702 957 1702 956 1702 407 1703 956 1703 408 1703 408 1704 956 1704 955 1704 408 1705 955 1705 409 1705 409 1706 955 1706 920 1706 409 1707 920 1707 410 1707 960 1708 403 1708 961 1708 961 1709 403 1709 402 1709 961 1710 402 1710 962 1710 962 1711 402 1711 401 1711 962 1712 401 1712 963 1712 963 1713 401 1713 385 1713 963 1714 385 1714 942 1714 942 1715 385 1715 384 1715 942 1716 384 1716 943 1716 943 1717 384 1717 383 1717 943 1718 383 1718 944 1718 944 1719 383 1719 382 1719 944 1720 382 1720 945 1720 945 1721 382 1721 347 1721 945 1722 347 1722 912 1722 394 1723 969 1723 395 1723 395 1724 969 1724 968 1724 395 1725 968 1725 396 1725 396 1726 968 1726 967 1726 396 1727 967 1727 397 1727 397 1728 967 1728 966 1728 397 1729 966 1729 398 1729 398 1730 966 1730 965 1730 398 1731 965 1731 399 1731 399 1732 965 1732 964 1732 399 1733 964 1733 400 1733 400 1734 964 1734 905 1734 400 1735 905 1735 373 1735 969 1736 394 1736 970 1736 970 1737 394 1737 372 1737 970 1738 372 1738 937 1738 937 1739 372 1739 371 1739 937 1740 371 1740 938 1740 938 1741 371 1741 370 1741 938 1742 370 1742 939 1742 939 1743 370 1743 369 1743 939 1744 369 1744 940 1744 940 1745 369 1745 368 1745 940 1746 368 1746 941 1746 941 1747 368 1747 367 1747 941 1748 367 1748 936 1748 936 1749 367 1749 366 1749 936 1750 366 1750 897 1750 977 1751 978 1751 979 1751 980 1752 979 1752 978 1752 978 1753 981 1753 980 1753 980 1754 981 1754 982 1754 982 1755 981 1755 983 1755 984 1756 985 1756 986 1756 986 1757 987 1757 984 1757 988 1758 989 1758 990 1758 990 1759 991 1759 988 1759 992 1760 993 1760 994 1760 994 1761 995 1761 992 1761 996 1762 997 1762 998 1762 998 1763 999 1763 996 1763 996 1764 999 1764 1000 1764 1001 1765 1000 1765 999 1765 986 1766 985 1766 983 1766 983 1767 985 1767 1002 1767 983 1768 1002 1768 982 1768 990 1769 989 1769 987 1769 987 1770 989 1770 1003 1770 987 1771 1003 1771 984 1771 994 1772 993 1772 991 1772 991 1773 993 1773 1004 1773 991 1774 1004 1774 988 1774 1005 1775 1006 1775 995 1775 995 1776 1006 1776 1007 1776 995 1777 1007 1777 992 1777 998 1778 997 1778 1005 1778 1005 1779 997 1779 1008 1779 1005 1780 1008 1780 1006 1780 991 1781 1009 1781 1010 1781 1011 1782 1012 1782 1013 1782 1014 1783 1015 1783 1016 1783 1017 1784 36 1784 50 1784 1017 1785 50 1785 1018 1785 1017 1786 1018 1786 1019 1786 1017 1787 1019 1787 1020 1787 1017 1788 1020 1788 1021 1788 1017 1789 1021 1789 1022 1789 1017 1790 1022 1790 1023 1790 1017 1791 1023 1791 1024 1791 1017 1792 1024 1792 1025 1792 1017 1793 1025 1793 1026 1793 1017 1794 1026 1794 1027 1794 1017 1795 1027 1795 1028 1795 1017 1796 1028 1796 1029 1796 1017 1797 1029 1797 1030 1797 1017 1798 1030 1798 1031 1798 1032 1799 983 1799 1033 1799 1032 1800 1033 1800 1034 1800 1032 1801 1034 1801 1035 1801 1032 1802 1035 1802 1036 1802 1032 1803 1036 1803 1037 1803 1032 1804 1037 1804 1038 1804 1032 1805 1038 1805 1039 1805 1032 1806 1039 1806 51 1806 1032 1807 51 1807 1040 1807 1032 1808 1040 1808 1041 1808 1032 1809 1041 1809 1042 1809 1032 1810 1042 1810 1043 1810 1032 1811 1043 1811 1044 1811 1032 1812 1044 1812 1045 1812 1032 1813 1045 1813 1046 1813 1047 1814 1048 1814 1049 1814 1047 1815 1049 1815 1050 1815 1047 1816 1050 1816 1051 1816 1047 1817 1051 1817 1052 1817 1047 1818 1052 1818 1053 1818 1047 1819 1053 1819 1054 1819 1047 1820 1054 1820 1055 1820 1047 1821 1055 1821 36 1821 1047 1822 36 1822 1017 1822 1047 1823 1017 1823 1056 1823 1047 1824 1056 1824 1057 1824 1047 1825 1057 1825 1058 1825 1047 1826 1058 1826 1059 1826 1060 1827 1061 1827 1062 1827 1060 1828 1062 1828 1063 1828 1060 1829 1063 1829 1064 1829 1060 1830 1064 1830 1065 1830 1060 1831 1065 1831 1066 1831 1060 1832 1066 1832 1067 1832 1060 1833 1067 1833 1032 1833 1060 1834 1032 1834 1046 1834 1060 1835 1046 1835 1068 1835 1060 1836 1068 1836 1069 1836 1060 1837 1069 1837 1070 1837 1060 1838 1070 1838 1071 1838 1060 1839 1071 1839 1072 1839 1060 1840 1072 1840 1073 1840 1060 1841 1073 1841 1074 1841 1060 1842 1074 1842 1047 1842 1060 1843 1047 1843 1059 1843 1060 1844 1059 1844 1075 1844 1060 1845 1075 1845 1076 1845 1060 1846 1076 1846 1077 1846 1060 1847 1077 1847 1078 1847 1060 1848 1078 1848 1079 1848 1060 1849 1079 1849 1080 1849 1060 1850 1080 1850 1081 1850 1060 1851 1081 1851 1082 1851 1060 1852 1082 1852 1083 1852 1060 1853 1083 1853 1084 1853 1060 1854 1084 1854 67 1854 1060 1855 67 1855 66 1855 1085 1856 114 1856 2 1856 1085 1857 2 1857 1086 1857 1085 1858 1086 1858 1087 1858 1085 1859 1087 1859 1088 1859 1085 1860 1088 1860 1089 1860 1085 1861 1089 1861 1090 1861 1085 1862 1090 1862 1091 1862 1085 1863 1091 1863 1092 1863 1085 1864 1092 1864 1061 1864 1085 1865 1061 1865 1060 1865 1086 1866 2 1866 1093 1866 1086 1867 1093 1867 1094 1867 1086 1868 1094 1868 1095 1868 1086 1869 1095 1869 1096 1869 1086 1870 1096 1870 1097 1870 1086 1871 1097 1871 1098 1871 1086 1872 1098 1872 1099 1872 1086 1873 1099 1873 1100 1873 1086 1874 1100 1874 1001 1874 1086 1875 1001 1875 999 1875 1086 1876 999 1876 998 1876 1086 1877 998 1877 1005 1877 995 1878 994 1878 1101 1878 995 1879 1101 1879 1102 1879 995 1880 1102 1880 1103 1880 995 1881 1103 1881 1086 1881 995 1882 1086 1882 1005 1882 1040 1883 51 1883 65 1883 1040 1884 65 1884 1104 1884 1040 1885 1104 1885 1105 1885 1040 1886 1105 1886 1106 1886 1040 1887 1106 1887 1107 1887 1040 1888 1107 1888 1108 1888 1040 1889 1108 1889 1109 1889 1040 1890 1109 1890 1110 1890 1040 1891 1110 1891 1111 1891 1040 1892 1111 1892 1112 1892 1040 1893 1112 1893 1113 1893 1040 1894 1113 1894 1114 1894 1040 1895 1114 1895 1115 1895 1116 1896 1033 1896 983 1896 1116 1897 983 1897 981 1897 1116 1898 981 1898 978 1898 1116 1899 978 1899 977 1899 983 1900 1032 1900 1117 1900 983 1901 1117 1901 1118 1901 983 1902 1118 1902 986 1902 1119 1903 1120 1903 1121 1903 1119 1904 1121 1904 1122 1904 1119 1905 1122 1905 1123 1905 1119 1906 1123 1906 1040 1906 1119 1907 1040 1907 1115 1907 1124 1908 1049 1908 1048 1908 1124 1909 1048 1909 1125 1909 1124 1910 1125 1910 1126 1910 1124 1911 1126 1911 1127 1911 1048 1912 1047 1912 1128 1912 1048 1913 1128 1913 1129 1913 1048 1914 1129 1914 1130 1914 1131 1915 1132 1915 1133 1915 1131 1916 1133 1916 1134 1916 1131 1917 1134 1917 1135 1917 1131 1918 1135 1918 1136 1918 1084 1919 1133 1919 1132 1919 1084 1920 1132 1920 1137 1920 1084 1921 1137 1921 1138 1921 1084 1922 1138 1922 1139 1922 1084 1923 1139 1923 1140 1923 1084 1924 1140 1924 1141 1924 1084 1925 1141 1925 1142 1925 1084 1926 1142 1926 67 1926 1133 1927 1084 1927 1143 1927 1133 1928 1143 1928 1144 1928 1133 1929 1144 1929 1145 1929 991 1930 1010 1930 994 1930 994 1931 1010 1931 1146 1931 994 1932 1146 1932 1101 1932 1009 1933 991 1933 1147 1933 1147 1934 991 1934 990 1934 1147 1935 990 1935 1148 1935 1148 1936 990 1936 1149 1936 1149 1937 990 1937 987 1937 1149 1938 987 1938 1150 1938 1150 1939 987 1939 1151 1939 1151 1940 987 1940 986 1940 1151 1941 986 1941 1118 1941 1011 1942 1013 1942 1120 1942 1120 1943 1013 1943 1152 1943 1120 1944 1152 1944 1121 1944 1012 1945 1011 1945 1153 1945 1153 1946 1011 1946 1154 1946 1153 1947 1154 1947 1155 1947 1155 1948 1154 1948 1156 1948 1156 1949 1154 1949 1157 1949 1156 1950 1157 1950 1158 1950 1158 1951 1157 1951 1159 1951 1159 1952 1157 1952 1130 1952 1159 1953 1130 1953 1129 1953 1160 1954 1161 1954 1030 1954 1030 1955 1161 1955 1162 1955 1030 1956 1162 1956 1031 1956 1014 1957 1016 1957 1160 1957 1160 1958 1016 1958 1163 1958 1160 1959 1163 1959 1161 1959 1015 1960 1014 1960 1164 1960 1164 1961 1014 1961 1165 1961 1164 1962 1165 1962 1166 1962 1166 1963 1165 1963 1167 1963 1167 1964 1165 1964 1168 1964 1167 1965 1168 1965 1169 1965 1169 1966 1168 1966 1170 1966 1170 1967 1168 1967 1145 1967 1170 1968 1145 1968 1144 1968 1034 1969 1171 1969 1172 1969 1171 1970 1034 1970 1033 1970 980 1971 982 1971 1173 1971 1006 1972 1008 1972 1174 1972 1008 1973 997 1973 1175 1973 996 1974 1000 1974 1176 1974 1177 1975 996 1975 1176 1975 1099 1976 1098 1976 1178 1976 1178 1977 1098 1977 1179 1977 1097 1978 1096 1978 1180 1978 1036 1979 1035 1979 1181 1979 1037 1980 1036 1980 1181 1980 1039 1981 1038 1981 1182 1981 1182 1982 1183 1982 198 1982 1033 1983 1116 1983 1184 1983 1185 1984 1186 1984 1173 1984 1187 1985 1185 1985 1173 1985 1188 1986 1185 1986 1187 1986 1189 1987 1188 1987 1187 1987 1189 1988 1190 1988 1188 1988 1190 1989 1189 1989 1191 1989 1191 1990 1192 1990 1190 1990 1192 1991 1191 1991 203 1991 202 1992 1192 1992 203 1992 1193 1993 1003 1993 989 1993 1194 1994 1193 1994 989 1994 1195 1995 1193 1995 1194 1995 1196 1996 1195 1996 1194 1996 1196 1997 1197 1997 1195 1997 1197 1998 1196 1998 1198 1998 1198 1999 1199 1999 1197 1999 1199 2000 1198 2000 186 2000 185 2001 1199 2001 186 2001 1200 2002 1201 2002 1202 2002 1203 2003 1201 2003 1200 2003 1204 2004 1201 2004 1203 2004 1205 2005 1204 2005 1203 2005 211 2006 1204 2006 1205 2006 212 2007 211 2007 1205 2007 1007 2008 1006 2008 1206 2008 1177 2009 1176 2009 1207 2009 1207 2010 1208 2010 1177 2010 1208 2011 1207 2011 1209 2011 1209 2012 1210 2012 1208 2012 1211 2013 1210 2013 1209 2013 1212 2014 1210 2014 1211 2014 1213 2015 1212 2015 1211 2015 219 2016 1212 2016 1213 2016 220 2017 219 2017 1213 2017 1214 2018 1100 2018 1099 2018 1215 2019 1216 2019 1180 2019 223 2020 1216 2020 1215 2020 224 2021 223 2021 1215 2021 1001 2022 1100 2022 1214 2022 1001 2023 1214 2023 1217 2023 1001 2024 1217 2024 1000 2024 1183 2025 1181 2025 1172 2025 1172 2026 1181 2026 1035 2026 1172 2027 1035 2027 1034 2027 1184 2028 1218 2028 1033 2028 1033 2029 1218 2029 1219 2029 1033 2030 1219 2030 1171 2030 1171 2031 1219 2031 1220 2031 1171 2032 1220 2032 1172 2032 1172 2033 1220 2033 1221 2033 1172 2034 1221 2034 1183 2034 1183 2035 1221 2035 199 2035 1183 2036 199 2036 198 2036 1219 2037 1222 2037 1220 2037 1220 2038 1222 2038 1223 2038 1220 2039 1223 2039 1221 2039 1221 2040 1223 2040 200 2040 1221 2041 200 2041 199 2041 1222 2042 1219 2042 1224 2042 1224 2043 1219 2043 1218 2043 1224 2044 1218 2044 1225 2044 1225 2045 1218 2045 1184 2045 1225 2046 1184 2046 1226 2046 1226 2047 1184 2047 1116 2047 1226 2048 1116 2048 977 2048 1173 2049 1186 2049 980 2049 980 2050 1186 2050 1227 2050 980 2051 1227 2051 979 2051 979 2052 1227 2052 1226 2052 979 2053 1226 2053 977 2053 1228 2054 1229 2054 1230 2054 1230 2055 1229 2055 982 2055 1230 2056 982 2056 1002 2056 1229 2057 1228 2057 1231 2057 1231 2058 1228 2058 1232 2058 1231 2059 1232 2059 1233 2059 1233 2060 1232 2060 1234 2060 1233 2061 1234 2061 1235 2061 1235 2062 1234 2062 205 2062 1235 2063 205 2063 204 2063 1236 2064 1237 2064 1238 2064 1238 2065 1237 2065 1002 2065 1238 2066 1002 2066 985 2066 1237 2067 1236 2067 1239 2067 1239 2068 1236 2068 1240 2068 1239 2069 1240 2069 1241 2069 1241 2070 1240 2070 1242 2070 1241 2071 1242 2071 1243 2071 1243 2072 1242 2072 207 2072 1243 2073 207 2073 206 2073 1244 2074 1245 2074 1246 2074 1246 2075 1245 2075 997 2075 1246 2076 997 2076 996 2076 1245 2077 1244 2077 1247 2077 1247 2078 1244 2078 1248 2078 1247 2079 1248 2079 1249 2079 1249 2080 1248 2080 1250 2080 1249 2081 1250 2081 1251 2081 1251 2082 1250 2082 218 2082 1251 2083 218 2083 217 2083 1214 2084 1099 2084 1252 2084 1252 2085 1099 2085 1178 2085 1252 2086 1178 2086 1253 2086 1253 2087 1178 2087 1179 2087 1253 2088 1179 2088 1254 2088 1254 2089 1179 2089 1216 2089 1254 2090 1216 2090 1255 2090 1255 2091 1216 2091 223 2091 1255 2092 223 2092 222 2092 1216 2093 1179 2093 1180 2093 1180 2094 1179 2094 1098 2094 1180 2095 1098 2095 1097 2095 1096 2096 1095 2096 1180 2096 1180 2097 1095 2097 1094 2097 1180 2098 1094 2098 1215 2098 1094 2099 1093 2099 1215 2099 1215 2100 1093 2100 2 2100 1215 2101 2 2101 224 2101 1183 2102 1182 2102 1181 2102 1181 2103 1182 2103 1038 2103 1181 2104 1038 2104 1037 2104 198 2105 197 2105 1182 2105 1182 2106 197 2106 51 2106 1182 2107 51 2107 1039 2107 1256 2108 1225 2108 1257 2108 1257 2109 1225 2109 1226 2109 1257 2110 1226 2110 1227 2110 1225 2111 1256 2111 1224 2111 1224 2112 1256 2112 1258 2112 1224 2113 1258 2113 1222 2113 1222 2114 1258 2114 1259 2114 1222 2115 1259 2115 1223 2115 1223 2116 1259 2116 201 2116 1223 2117 201 2117 200 2117 1188 2118 1257 2118 1185 2118 1185 2119 1257 2119 1227 2119 1185 2120 1227 2120 1186 2120 1257 2121 1188 2121 1256 2121 1256 2122 1188 2122 1190 2122 1256 2123 1190 2123 1258 2123 1258 2124 1190 2124 1192 2124 1258 2125 1192 2125 1259 2125 1259 2126 1192 2126 202 2126 1259 2127 202 2127 201 2127 982 2128 1229 2128 1173 2128 1173 2129 1229 2129 1231 2129 1173 2130 1231 2130 1187 2130 1187 2131 1231 2131 1233 2131 1187 2132 1233 2132 1189 2132 1189 2133 1233 2133 1235 2133 1189 2134 1235 2134 1191 2134 1191 2135 1235 2135 204 2135 1191 2136 204 2136 203 2136 1002 2137 1237 2137 1230 2137 1230 2138 1237 2138 1239 2138 1230 2139 1239 2139 1228 2139 1228 2140 1239 2140 1241 2140 1228 2141 1241 2141 1232 2141 1232 2142 1241 2142 1243 2142 1232 2143 1243 2143 1234 2143 1234 2144 1243 2144 206 2144 1234 2145 206 2145 205 2145 985 2146 1260 2146 1238 2146 1238 2147 1260 2147 1261 2147 1238 2148 1261 2148 1236 2148 1236 2149 1261 2149 1262 2149 1236 2150 1262 2150 1240 2150 1240 2151 1262 2151 1263 2151 1240 2152 1263 2152 1242 2152 1242 2153 1263 2153 208 2153 1242 2154 208 2154 207 2154 1264 2155 1260 2155 1265 2155 1265 2156 1260 2156 985 2156 1265 2157 985 2157 984 2157 1260 2158 1264 2158 1261 2158 1261 2159 1264 2159 1266 2159 1261 2160 1266 2160 1262 2160 1262 2161 1266 2161 1267 2161 1262 2162 1267 2162 1263 2162 1263 2163 1267 2163 184 2163 1263 2164 184 2164 208 2164 1195 2165 1265 2165 1193 2165 1193 2166 1265 2166 984 2166 1193 2167 984 2167 1003 2167 1265 2168 1195 2168 1264 2168 1264 2169 1195 2169 1197 2169 1264 2170 1197 2170 1266 2170 1266 2171 1197 2171 1199 2171 1266 2172 1199 2172 1267 2172 1267 2173 1199 2173 185 2173 1267 2174 185 2174 184 2174 1268 2175 1194 2175 1269 2175 1269 2176 1194 2176 989 2176 1269 2177 989 2177 988 2177 1194 2178 1268 2178 1196 2178 1196 2179 1268 2179 1270 2179 1196 2180 1270 2180 1198 2180 1198 2181 1270 2181 187 2181 1198 2182 187 2182 186 2182 1201 2183 1269 2183 1202 2183 1202 2184 1269 2184 988 2184 1202 2185 988 2185 1004 2185 1269 2186 1201 2186 1268 2186 1268 2187 1201 2187 1204 2187 1268 2188 1204 2188 1270 2188 1270 2189 1204 2189 211 2189 1270 2190 211 2190 187 2190 1200 2191 1202 2191 1271 2191 1271 2192 1202 2192 1004 2192 1271 2193 1004 2193 993 2193 1272 2194 1271 2194 1273 2194 1273 2195 1271 2195 993 2195 1273 2196 993 2196 992 2196 1271 2197 1272 2197 1200 2197 1200 2198 1272 2198 1274 2198 1200 2199 1274 2199 1203 2199 1203 2200 1274 2200 1275 2200 1203 2201 1275 2201 1205 2201 1205 2202 1275 2202 213 2202 1205 2203 213 2203 212 2203 1276 2204 1273 2204 1206 2204 1206 2205 1273 2205 992 2205 1206 2206 992 2206 1007 2206 1273 2207 1276 2207 1272 2207 1272 2208 1276 2208 1277 2208 1272 2209 1277 2209 1274 2209 1274 2210 1277 2210 1278 2210 1274 2211 1278 2211 1275 2211 1275 2212 1278 2212 214 2212 1275 2213 214 2213 213 2213 1006 2214 1174 2214 1206 2214 1206 2215 1174 2215 1279 2215 1206 2216 1279 2216 1276 2216 1276 2217 1279 2217 1280 2217 1276 2218 1280 2218 1277 2218 1277 2219 1280 2219 1281 2219 1277 2220 1281 2220 1278 2220 1278 2221 1281 2221 215 2221 1278 2222 215 2222 214 2222 1008 2223 1175 2223 1174 2223 1174 2224 1175 2224 1282 2224 1174 2225 1282 2225 1279 2225 1279 2226 1282 2226 1283 2226 1279 2227 1283 2227 1280 2227 1280 2228 1283 2228 1284 2228 1280 2229 1284 2229 1281 2229 1281 2230 1284 2230 216 2230 1281 2231 216 2231 215 2231 997 2232 1245 2232 1175 2232 1175 2233 1245 2233 1247 2233 1175 2234 1247 2234 1282 2234 1282 2235 1247 2235 1249 2235 1282 2236 1249 2236 1283 2236 1283 2237 1249 2237 1251 2237 1283 2238 1251 2238 1284 2238 1284 2239 1251 2239 217 2239 1284 2240 217 2240 216 2240 996 2241 1177 2241 1246 2241 1246 2242 1177 2242 1208 2242 1246 2243 1208 2243 1244 2243 1244 2244 1208 2244 1210 2244 1244 2245 1210 2245 1248 2245 1248 2246 1210 2246 1212 2246 1248 2247 1212 2247 1250 2247 1250 2248 1212 2248 219 2248 1250 2249 219 2249 218 2249 1000 2250 1217 2250 1176 2250 1176 2251 1217 2251 1285 2251 1176 2252 1285 2252 1207 2252 1207 2253 1285 2253 1286 2253 1207 2254 1286 2254 1209 2254 1209 2255 1286 2255 1287 2255 1209 2256 1287 2256 1211 2256 1211 2257 1287 2257 1288 2257 1211 2258 1288 2258 1213 2258 1213 2259 1288 2259 221 2259 1213 2260 221 2260 220 2260 1253 2261 1285 2261 1252 2261 1252 2262 1285 2262 1217 2262 1252 2263 1217 2263 1214 2263 1285 2264 1253 2264 1286 2264 1286 2265 1253 2265 1254 2265 1286 2266 1254 2266 1287 2266 1287 2267 1254 2267 1255 2267 1287 2268 1255 2268 1288 2268 1288 2269 1255 2269 222 2269 1288 2270 222 2270 221 2270 1127 2271 1126 2271 1289 2271 1290 2272 1289 2272 1126 2272 1126 2273 1125 2273 1290 2273 1290 2274 1125 2274 1291 2274 1291 2275 1125 2275 1048 2275 1292 2276 1293 2276 1130 2276 1130 2277 1157 2277 1292 2277 1294 2278 1295 2278 1154 2278 1154 2279 1011 2279 1294 2279 1296 2280 1297 2280 1120 2280 1120 2281 1119 2281 1296 2281 1298 2282 1299 2282 1114 2282 1114 2283 1113 2283 1298 2283 1298 2284 1113 2284 1300 2284 1112 2285 1300 2285 1113 2285 1130 2286 1293 2286 1048 2286 1048 2287 1293 2287 1301 2287 1048 2288 1301 2288 1291 2288 1154 2289 1295 2289 1157 2289 1157 2290 1295 2290 1302 2290 1157 2291 1302 2291 1292 2291 1120 2292 1297 2292 1011 2292 1011 2293 1297 2293 1303 2293 1011 2294 1303 2294 1294 2294 1115 2295 1304 2295 1119 2295 1119 2296 1304 2296 1305 2296 1119 2297 1305 2297 1296 2297 1114 2298 1299 2298 1115 2298 1115 2299 1299 2299 1306 2299 1115 2300 1306 2300 1304 2300 1050 2301 1307 2301 1308 2301 1307 2302 1050 2302 1049 2302 1290 2303 1291 2303 1309 2303 1304 2304 1306 2304 1310 2304 1306 2305 1299 2305 1311 2305 1298 2306 1300 2306 1312 2306 1313 2307 1298 2307 1312 2307 1110 2308 1109 2308 1314 2308 1314 2309 1109 2309 1315 2309 1108 2310 1107 2310 1316 2310 1052 2311 1051 2311 1317 2311 1053 2312 1052 2312 1317 2312 1055 2313 1054 2313 1318 2313 1318 2314 1319 2314 190 2314 1049 2315 1124 2315 1320 2315 1321 2316 1322 2316 1309 2316 1323 2317 1321 2317 1309 2317 1324 2318 1321 2318 1323 2318 1325 2319 1324 2319 1323 2319 1325 2320 1326 2320 1324 2320 1326 2321 1325 2321 1327 2321 1327 2322 1328 2322 1326 2322 1328 2323 1327 2323 195 2323 194 2324 1328 2324 195 2324 1329 2325 1302 2325 1295 2325 1330 2326 1329 2326 1295 2326 1331 2327 1329 2327 1330 2327 1332 2328 1331 2328 1330 2328 1332 2329 1333 2329 1331 2329 1333 2330 1332 2330 1334 2330 1334 2331 1335 2331 1333 2331 1335 2332 1334 2332 182 2332 181 2333 1335 2333 182 2333 1336 2334 1337 2334 1338 2334 1339 2335 1337 2335 1336 2335 1340 2336 1337 2336 1339 2336 1341 2337 1340 2337 1339 2337 196 2338 1340 2338 1341 2338 52 2339 196 2339 1341 2339 1305 2340 1304 2340 1342 2340 1313 2341 1312 2341 1343 2341 1343 2342 1344 2342 1313 2342 1344 2343 1343 2343 1345 2343 1345 2344 1346 2344 1344 2344 1347 2345 1346 2345 1345 2345 1348 2346 1346 2346 1347 2346 1349 2347 1348 2347 1347 2347 59 2348 1348 2348 1349 2348 60 2349 59 2349 1349 2349 1350 2350 1111 2350 1110 2350 1351 2351 1352 2351 1316 2351 63 2352 1352 2352 1351 2352 64 2353 63 2353 1351 2353 1112 2354 1111 2354 1350 2354 1112 2355 1350 2355 1353 2355 1112 2356 1353 2356 1300 2356 1319 2357 1317 2357 1308 2357 1308 2358 1317 2358 1051 2358 1308 2359 1051 2359 1050 2359 1320 2360 1354 2360 1049 2360 1049 2361 1354 2361 1355 2361 1049 2362 1355 2362 1307 2362 1307 2363 1355 2363 1356 2363 1307 2364 1356 2364 1308 2364 1308 2365 1356 2365 1357 2365 1308 2366 1357 2366 1319 2366 1319 2367 1357 2367 191 2367 1319 2368 191 2368 190 2368 1355 2369 1358 2369 1356 2369 1356 2370 1358 2370 1359 2370 1356 2371 1359 2371 1357 2371 1357 2372 1359 2372 192 2372 1357 2373 192 2373 191 2373 1358 2374 1355 2374 1360 2374 1360 2375 1355 2375 1354 2375 1360 2376 1354 2376 1361 2376 1361 2377 1354 2377 1320 2377 1361 2378 1320 2378 1362 2378 1362 2379 1320 2379 1124 2379 1362 2380 1124 2380 1127 2380 1309 2381 1322 2381 1290 2381 1290 2382 1322 2382 1363 2382 1290 2383 1363 2383 1289 2383 1289 2384 1363 2384 1362 2384 1289 2385 1362 2385 1127 2385 1364 2386 1365 2386 1366 2386 1366 2387 1365 2387 1291 2387 1366 2388 1291 2388 1301 2388 1365 2389 1364 2389 1367 2389 1367 2390 1364 2390 1368 2390 1367 2391 1368 2391 1369 2391 1369 2392 1368 2392 1370 2392 1369 2393 1370 2393 1371 2393 1371 2394 1370 2394 176 2394 1371 2395 176 2395 175 2395 1372 2396 1373 2396 1374 2396 1374 2397 1373 2397 1301 2397 1374 2398 1301 2398 1293 2398 1373 2399 1372 2399 1375 2399 1375 2400 1372 2400 1376 2400 1375 2401 1376 2401 1377 2401 1377 2402 1376 2402 1378 2402 1377 2403 1378 2403 1379 2403 1379 2404 1378 2404 178 2404 1379 2405 178 2405 177 2405 1380 2406 1381 2406 1382 2406 1382 2407 1381 2407 1299 2407 1382 2408 1299 2408 1298 2408 1381 2409 1380 2409 1383 2409 1383 2410 1380 2410 1384 2410 1383 2411 1384 2411 1385 2411 1385 2412 1384 2412 1386 2412 1385 2413 1386 2413 1387 2413 1387 2414 1386 2414 58 2414 1387 2415 58 2415 57 2415 1350 2416 1110 2416 1388 2416 1388 2417 1110 2417 1314 2417 1388 2418 1314 2418 1389 2418 1389 2419 1314 2419 1315 2419 1389 2420 1315 2420 1390 2420 1390 2421 1315 2421 1352 2421 1390 2422 1352 2422 1391 2422 1391 2423 1352 2423 63 2423 1391 2424 63 2424 62 2424 1352 2425 1315 2425 1316 2425 1316 2426 1315 2426 1109 2426 1316 2427 1109 2427 1108 2427 1107 2428 1106 2428 1316 2428 1316 2429 1106 2429 1105 2429 1316 2430 1105 2430 1351 2430 1105 2431 1104 2431 1351 2431 1351 2432 1104 2432 65 2432 1351 2433 65 2433 64 2433 1319 2434 1318 2434 1317 2434 1317 2435 1318 2435 1054 2435 1317 2436 1054 2436 1053 2436 190 2437 189 2437 1318 2437 1318 2438 189 2438 36 2438 1318 2439 36 2439 1055 2439 1392 2440 1361 2440 1393 2440 1393 2441 1361 2441 1362 2441 1393 2442 1362 2442 1363 2442 1361 2443 1392 2443 1360 2443 1360 2444 1392 2444 1394 2444 1360 2445 1394 2445 1358 2445 1358 2446 1394 2446 1395 2446 1358 2447 1395 2447 1359 2447 1359 2448 1395 2448 193 2448 1359 2449 193 2449 192 2449 1324 2450 1393 2450 1321 2450 1321 2451 1393 2451 1363 2451 1321 2452 1363 2452 1322 2452 1393 2453 1324 2453 1392 2453 1392 2454 1324 2454 1326 2454 1392 2455 1326 2455 1394 2455 1394 2456 1326 2456 1328 2456 1394 2457 1328 2457 1395 2457 1395 2458 1328 2458 194 2458 1395 2459 194 2459 193 2459 1291 2460 1365 2460 1309 2460 1309 2461 1365 2461 1367 2461 1309 2462 1367 2462 1323 2462 1323 2463 1367 2463 1369 2463 1323 2464 1369 2464 1325 2464 1325 2465 1369 2465 1371 2465 1325 2466 1371 2466 1327 2466 1327 2467 1371 2467 175 2467 1327 2468 175 2468 195 2468 1301 2469 1373 2469 1366 2469 1366 2470 1373 2470 1375 2470 1366 2471 1375 2471 1364 2471 1364 2472 1375 2472 1377 2472 1364 2473 1377 2473 1368 2473 1368 2474 1377 2474 1379 2474 1368 2475 1379 2475 1370 2475 1370 2476 1379 2476 177 2476 1370 2477 177 2477 176 2477 1293 2478 1396 2478 1374 2478 1374 2479 1396 2479 1397 2479 1374 2480 1397 2480 1372 2480 1372 2481 1397 2481 1398 2481 1372 2482 1398 2482 1376 2482 1376 2483 1398 2483 1399 2483 1376 2484 1399 2484 1378 2484 1378 2485 1399 2485 179 2485 1378 2486 179 2486 178 2486 1400 2487 1396 2487 1401 2487 1401 2488 1396 2488 1293 2488 1401 2489 1293 2489 1292 2489 1396 2490 1400 2490 1397 2490 1397 2491 1400 2491 1402 2491 1397 2492 1402 2492 1398 2492 1398 2493 1402 2493 1403 2493 1398 2494 1403 2494 1399 2494 1399 2495 1403 2495 180 2495 1399 2496 180 2496 179 2496 1331 2497 1401 2497 1329 2497 1329 2498 1401 2498 1292 2498 1329 2499 1292 2499 1302 2499 1401 2500 1331 2500 1400 2500 1400 2501 1331 2501 1333 2501 1400 2502 1333 2502 1402 2502 1402 2503 1333 2503 1335 2503 1402 2504 1335 2504 1403 2504 1403 2505 1335 2505 181 2505 1403 2506 181 2506 180 2506 1404 2507 1330 2507 1405 2507 1405 2508 1330 2508 1295 2508 1405 2509 1295 2509 1294 2509 1330 2510 1404 2510 1332 2510 1332 2511 1404 2511 1406 2511 1332 2512 1406 2512 1334 2512 1334 2513 1406 2513 183 2513 1334 2514 183 2514 182 2514 1337 2515 1405 2515 1338 2515 1338 2516 1405 2516 1294 2516 1338 2517 1294 2517 1303 2517 1405 2518 1337 2518 1404 2518 1404 2519 1337 2519 1340 2519 1404 2520 1340 2520 1406 2520 1406 2521 1340 2521 196 2521 1406 2522 196 2522 183 2522 1336 2523 1338 2523 1407 2523 1407 2524 1338 2524 1303 2524 1407 2525 1303 2525 1297 2525 1408 2526 1407 2526 1409 2526 1409 2527 1407 2527 1297 2527 1409 2528 1297 2528 1296 2528 1407 2529 1408 2529 1336 2529 1336 2530 1408 2530 1410 2530 1336 2531 1410 2531 1339 2531 1339 2532 1410 2532 1411 2532 1339 2533 1411 2533 1341 2533 1341 2534 1411 2534 53 2534 1341 2535 53 2535 52 2535 1412 2536 1409 2536 1342 2536 1342 2537 1409 2537 1296 2537 1342 2538 1296 2538 1305 2538 1409 2539 1412 2539 1408 2539 1408 2540 1412 2540 1413 2540 1408 2541 1413 2541 1410 2541 1410 2542 1413 2542 1414 2542 1410 2543 1414 2543 1411 2543 1411 2544 1414 2544 54 2544 1411 2545 54 2545 53 2545 1304 2546 1310 2546 1342 2546 1342 2547 1310 2547 1415 2547 1342 2548 1415 2548 1412 2548 1412 2549 1415 2549 1416 2549 1412 2550 1416 2550 1413 2550 1413 2551 1416 2551 1417 2551 1413 2552 1417 2552 1414 2552 1414 2553 1417 2553 55 2553 1414 2554 55 2554 54 2554 1306 2555 1311 2555 1310 2555 1310 2556 1311 2556 1418 2556 1310 2557 1418 2557 1415 2557 1415 2558 1418 2558 1419 2558 1415 2559 1419 2559 1416 2559 1416 2560 1419 2560 1420 2560 1416 2561 1420 2561 1417 2561 1417 2562 1420 2562 56 2562 1417 2563 56 2563 55 2563 1299 2564 1381 2564 1311 2564 1311 2565 1381 2565 1383 2565 1311 2566 1383 2566 1418 2566 1418 2567 1383 2567 1385 2567 1418 2568 1385 2568 1419 2568 1419 2569 1385 2569 1387 2569 1419 2570 1387 2570 1420 2570 1420 2571 1387 2571 57 2571 1420 2572 57 2572 56 2572 1298 2573 1313 2573 1382 2573 1382 2574 1313 2574 1344 2574 1382 2575 1344 2575 1380 2575 1380 2576 1344 2576 1346 2576 1380 2577 1346 2577 1384 2577 1384 2578 1346 2578 1348 2578 1384 2579 1348 2579 1386 2579 1386 2580 1348 2580 59 2580 1386 2581 59 2581 58 2581 1300 2582 1353 2582 1312 2582 1312 2583 1353 2583 1421 2583 1312 2584 1421 2584 1343 2584 1343 2585 1421 2585 1422 2585 1343 2586 1422 2586 1345 2586 1345 2587 1422 2587 1423 2587 1345 2588 1423 2588 1347 2588 1347 2589 1423 2589 1424 2589 1347 2590 1424 2590 1349 2590 1349 2591 1424 2591 61 2591 1349 2592 61 2592 60 2592 1389 2593 1421 2593 1388 2593 1388 2594 1421 2594 1353 2594 1388 2595 1353 2595 1350 2595 1421 2596 1389 2596 1422 2596 1422 2597 1389 2597 1390 2597 1422 2598 1390 2598 1423 2598 1423 2599 1390 2599 1391 2599 1423 2600 1391 2600 1424 2600 1424 2601 1391 2601 62 2601 1424 2602 62 2602 61 2602 1136 2603 1135 2603 1425 2603 1426 2604 1425 2604 1135 2604 1135 2605 1134 2605 1426 2605 1426 2606 1134 2606 1427 2606 1427 2607 1134 2607 1133 2607 1428 2608 1429 2608 1145 2608 1145 2609 1168 2609 1428 2609 1430 2610 1431 2610 1165 2610 1165 2611 1014 2611 1430 2611 1432 2612 1433 2612 1160 2612 1160 2613 1030 2613 1432 2613 1434 2614 1435 2614 1028 2614 1028 2615 1027 2615 1434 2615 1434 2616 1027 2616 1436 2616 1026 2617 1436 2617 1027 2617 1145 2618 1429 2618 1133 2618 1133 2619 1429 2619 1437 2619 1133 2620 1437 2620 1427 2620 1165 2621 1431 2621 1168 2621 1168 2622 1431 2622 1438 2622 1168 2623 1438 2623 1428 2623 1160 2624 1433 2624 1014 2624 1014 2625 1433 2625 1439 2625 1014 2626 1439 2626 1430 2626 1029 2627 1440 2627 1030 2627 1030 2628 1440 2628 1441 2628 1030 2629 1441 2629 1432 2629 1028 2630 1435 2630 1029 2630 1029 2631 1435 2631 1442 2631 1029 2632 1442 2632 1440 2632 1137 2633 1443 2633 1444 2633 1443 2634 1137 2634 1132 2634 1426 2635 1427 2635 1445 2635 1440 2636 1442 2636 1446 2636 1442 2637 1435 2637 1447 2637 1434 2638 1436 2638 1448 2638 1449 2639 1434 2639 1448 2639 1024 2640 1023 2640 1450 2640 1450 2641 1023 2641 1451 2641 1022 2642 1021 2642 1452 2642 1139 2643 1138 2643 1453 2643 1140 2644 1139 2644 1453 2644 1142 2645 1141 2645 1454 2645 1454 2646 1455 2646 160 2646 1132 2647 1131 2647 1456 2647 1457 2648 1458 2648 1445 2648 1459 2649 1457 2649 1445 2649 1460 2650 1457 2650 1459 2650 1461 2651 1460 2651 1459 2651 1461 2652 1462 2652 1460 2652 1462 2653 1461 2653 1463 2653 1463 2654 1464 2654 1462 2654 1464 2655 1463 2655 165 2655 164 2656 1464 2656 165 2656 1465 2657 1438 2657 1431 2657 1466 2658 1465 2658 1431 2658 1467 2659 1465 2659 1466 2659 1468 2660 1467 2660 1466 2660 1468 2661 1469 2661 1467 2661 1469 2662 1468 2662 1470 2662 1470 2663 1471 2663 1469 2663 1471 2664 1470 2664 173 2664 172 2665 1471 2665 173 2665 1472 2666 1473 2666 1474 2666 1475 2667 1473 2667 1472 2667 1476 2668 1473 2668 1475 2668 1477 2669 1476 2669 1475 2669 188 2670 1476 2670 1477 2670 37 2671 188 2671 1477 2671 1441 2672 1440 2672 1478 2672 1449 2673 1448 2673 1479 2673 1479 2674 1480 2674 1449 2674 1480 2675 1479 2675 1481 2675 1481 2676 1482 2676 1480 2676 1483 2677 1482 2677 1481 2677 1484 2678 1482 2678 1483 2678 1485 2679 1484 2679 1483 2679 44 2680 1484 2680 1485 2680 45 2681 44 2681 1485 2681 1486 2682 1025 2682 1024 2682 1487 2683 1488 2683 1452 2683 48 2684 1488 2684 1487 2684 49 2685 48 2685 1487 2685 1026 2686 1025 2686 1486 2686 1026 2687 1486 2687 1489 2687 1026 2688 1489 2688 1436 2688 1455 2689 1453 2689 1444 2689 1444 2690 1453 2690 1138 2690 1444 2691 1138 2691 1137 2691 1456 2692 1490 2692 1132 2692 1132 2693 1490 2693 1491 2693 1132 2694 1491 2694 1443 2694 1443 2695 1491 2695 1492 2695 1443 2696 1492 2696 1444 2696 1444 2697 1492 2697 1493 2697 1444 2698 1493 2698 1455 2698 1455 2699 1493 2699 161 2699 1455 2700 161 2700 160 2700 1491 2701 1494 2701 1492 2701 1492 2702 1494 2702 1495 2702 1492 2703 1495 2703 1493 2703 1493 2704 1495 2704 162 2704 1493 2705 162 2705 161 2705 1494 2706 1491 2706 1496 2706 1496 2707 1491 2707 1490 2707 1496 2708 1490 2708 1497 2708 1497 2709 1490 2709 1456 2709 1497 2710 1456 2710 1498 2710 1498 2711 1456 2711 1131 2711 1498 2712 1131 2712 1136 2712 1445 2713 1458 2713 1426 2713 1426 2714 1458 2714 1499 2714 1426 2715 1499 2715 1425 2715 1425 2716 1499 2716 1498 2716 1425 2717 1498 2717 1136 2717 1500 2718 1501 2718 1502 2718 1502 2719 1501 2719 1427 2719 1502 2720 1427 2720 1437 2720 1501 2721 1500 2721 1503 2721 1503 2722 1500 2722 1504 2722 1503 2723 1504 2723 1505 2723 1505 2724 1504 2724 1506 2724 1505 2725 1506 2725 1507 2725 1507 2726 1506 2726 167 2726 1507 2727 167 2727 166 2727 1508 2728 1509 2728 1510 2728 1510 2729 1509 2729 1437 2729 1510 2730 1437 2730 1429 2730 1509 2731 1508 2731 1511 2731 1511 2732 1508 2732 1512 2732 1511 2733 1512 2733 1513 2733 1513 2734 1512 2734 1514 2734 1513 2735 1514 2735 1515 2735 1515 2736 1514 2736 169 2736 1515 2737 169 2737 168 2737 1516 2738 1517 2738 1518 2738 1518 2739 1517 2739 1435 2739 1518 2740 1435 2740 1434 2740 1517 2741 1516 2741 1519 2741 1519 2742 1516 2742 1520 2742 1519 2743 1520 2743 1521 2743 1521 2744 1520 2744 1522 2744 1521 2745 1522 2745 1523 2745 1523 2746 1522 2746 43 2746 1523 2747 43 2747 42 2747 1486 2748 1024 2748 1524 2748 1524 2749 1024 2749 1450 2749 1524 2750 1450 2750 1525 2750 1525 2751 1450 2751 1451 2751 1525 2752 1451 2752 1526 2752 1526 2753 1451 2753 1488 2753 1526 2754 1488 2754 1527 2754 1527 2755 1488 2755 48 2755 1527 2756 48 2756 47 2756 1488 2757 1451 2757 1452 2757 1452 2758 1451 2758 1023 2758 1452 2759 1023 2759 1022 2759 1021 2760 1020 2760 1452 2760 1452 2761 1020 2761 1019 2761 1452 2762 1019 2762 1487 2762 1019 2763 1018 2763 1487 2763 1487 2764 1018 2764 50 2764 1487 2765 50 2765 49 2765 1455 2766 1454 2766 1453 2766 1453 2767 1454 2767 1141 2767 1453 2768 1141 2768 1140 2768 160 2769 159 2769 1454 2769 1454 2770 159 2770 67 2770 1454 2771 67 2771 1142 2771 1528 2772 1497 2772 1529 2772 1529 2773 1497 2773 1498 2773 1529 2774 1498 2774 1499 2774 1497 2775 1528 2775 1496 2775 1496 2776 1528 2776 1530 2776 1496 2777 1530 2777 1494 2777 1494 2778 1530 2778 1531 2778 1494 2779 1531 2779 1495 2779 1495 2780 1531 2780 163 2780 1495 2781 163 2781 162 2781 1460 2782 1529 2782 1457 2782 1457 2783 1529 2783 1499 2783 1457 2784 1499 2784 1458 2784 1529 2785 1460 2785 1528 2785 1528 2786 1460 2786 1462 2786 1528 2787 1462 2787 1530 2787 1530 2788 1462 2788 1464 2788 1530 2789 1464 2789 1531 2789 1531 2790 1464 2790 164 2790 1531 2791 164 2791 163 2791 1427 2792 1501 2792 1445 2792 1445 2793 1501 2793 1503 2793 1445 2794 1503 2794 1459 2794 1459 2795 1503 2795 1505 2795 1459 2796 1505 2796 1461 2796 1461 2797 1505 2797 1507 2797 1461 2798 1507 2798 1463 2798 1463 2799 1507 2799 166 2799 1463 2800 166 2800 165 2800 1437 2801 1509 2801 1502 2801 1502 2802 1509 2802 1511 2802 1502 2803 1511 2803 1500 2803 1500 2804 1511 2804 1513 2804 1500 2805 1513 2805 1504 2805 1504 2806 1513 2806 1515 2806 1504 2807 1515 2807 1506 2807 1506 2808 1515 2808 168 2808 1506 2809 168 2809 167 2809 1429 2810 1532 2810 1510 2810 1510 2811 1532 2811 1533 2811 1510 2812 1533 2812 1508 2812 1508 2813 1533 2813 1534 2813 1508 2814 1534 2814 1512 2814 1512 2815 1534 2815 1535 2815 1512 2816 1535 2816 1514 2816 1514 2817 1535 2817 170 2817 1514 2818 170 2818 169 2818 1536 2819 1532 2819 1537 2819 1537 2820 1532 2820 1429 2820 1537 2821 1429 2821 1428 2821 1532 2822 1536 2822 1533 2822 1533 2823 1536 2823 1538 2823 1533 2824 1538 2824 1534 2824 1534 2825 1538 2825 1539 2825 1534 2826 1539 2826 1535 2826 1535 2827 1539 2827 171 2827 1535 2828 171 2828 170 2828 1467 2829 1537 2829 1465 2829 1465 2830 1537 2830 1428 2830 1465 2831 1428 2831 1438 2831 1537 2832 1467 2832 1536 2832 1536 2833 1467 2833 1469 2833 1536 2834 1469 2834 1538 2834 1538 2835 1469 2835 1471 2835 1538 2836 1471 2836 1539 2836 1539 2837 1471 2837 172 2837 1539 2838 172 2838 171 2838 1540 2839 1466 2839 1541 2839 1541 2840 1466 2840 1431 2840 1541 2841 1431 2841 1430 2841 1466 2842 1540 2842 1468 2842 1468 2843 1540 2843 1542 2843 1468 2844 1542 2844 1470 2844 1470 2845 1542 2845 174 2845 1470 2846 174 2846 173 2846 1473 2847 1541 2847 1474 2847 1474 2848 1541 2848 1430 2848 1474 2849 1430 2849 1439 2849 1541 2850 1473 2850 1540 2850 1540 2851 1473 2851 1476 2851 1540 2852 1476 2852 1542 2852 1542 2853 1476 2853 188 2853 1542 2854 188 2854 174 2854 1472 2855 1474 2855 1543 2855 1543 2856 1474 2856 1439 2856 1543 2857 1439 2857 1433 2857 1544 2858 1543 2858 1545 2858 1545 2859 1543 2859 1433 2859 1545 2860 1433 2860 1432 2860 1543 2861 1544 2861 1472 2861 1472 2862 1544 2862 1546 2862 1472 2863 1546 2863 1475 2863 1475 2864 1546 2864 1547 2864 1475 2865 1547 2865 1477 2865 1477 2866 1547 2866 38 2866 1477 2867 38 2867 37 2867 1548 2868 1545 2868 1478 2868 1478 2869 1545 2869 1432 2869 1478 2870 1432 2870 1441 2870 1545 2871 1548 2871 1544 2871 1544 2872 1548 2872 1549 2872 1544 2873 1549 2873 1546 2873 1546 2874 1549 2874 1550 2874 1546 2875 1550 2875 1547 2875 1547 2876 1550 2876 39 2876 1547 2877 39 2877 38 2877 1440 2878 1446 2878 1478 2878 1478 2879 1446 2879 1551 2879 1478 2880 1551 2880 1548 2880 1548 2881 1551 2881 1552 2881 1548 2882 1552 2882 1549 2882 1549 2883 1552 2883 1553 2883 1549 2884 1553 2884 1550 2884 1550 2885 1553 2885 40 2885 1550 2886 40 2886 39 2886 1442 2887 1447 2887 1446 2887 1446 2888 1447 2888 1554 2888 1446 2889 1554 2889 1551 2889 1551 2890 1554 2890 1555 2890 1551 2891 1555 2891 1552 2891 1552 2892 1555 2892 1556 2892 1552 2893 1556 2893 1553 2893 1553 2894 1556 2894 41 2894 1553 2895 41 2895 40 2895 1435 2896 1517 2896 1447 2896 1447 2897 1517 2897 1519 2897 1447 2898 1519 2898 1554 2898 1554 2899 1519 2899 1521 2899 1554 2900 1521 2900 1555 2900 1555 2901 1521 2901 1523 2901 1555 2902 1523 2902 1556 2902 1556 2903 1523 2903 42 2903 1556 2904 42 2904 41 2904 1434 2905 1449 2905 1518 2905 1518 2906 1449 2906 1480 2906 1518 2907 1480 2907 1516 2907 1516 2908 1480 2908 1482 2908 1516 2909 1482 2909 1520 2909 1520 2910 1482 2910 1484 2910 1520 2911 1484 2911 1522 2911 1522 2912 1484 2912 44 2912 1522 2913 44 2913 43 2913 1436 2914 1489 2914 1448 2914 1448 2915 1489 2915 1557 2915 1448 2916 1557 2916 1479 2916 1479 2917 1557 2917 1558 2917 1479 2918 1558 2918 1481 2918 1481 2919 1558 2919 1559 2919 1481 2920 1559 2920 1483 2920 1483 2921 1559 2921 1560 2921 1483 2922 1560 2922 1485 2922 1485 2923 1560 2923 46 2923 1485 2924 46 2924 45 2924 1525 2925 1557 2925 1524 2925 1524 2926 1557 2926 1489 2926 1524 2927 1489 2927 1486 2927 1557 2928 1525 2928 1558 2928 1558 2929 1525 2929 1526 2929 1558 2930 1526 2930 1559 2930 1559 2931 1526 2931 1527 2931 1559 2932 1527 2932 1560 2932 1560 2933 1527 2933 47 2933 1560 2934 47 2934 46 2934 1561 2935 1155 2935 1562 2935 1562 2936 1155 2936 1156 2936 1562 2937 1156 2937 1563 2937 1563 2938 1156 2938 1158 2938 1563 2939 1158 2939 1564 2939 1564 2940 1158 2940 1159 2940 1564 2941 1159 2941 1565 2941 1565 2942 1159 2942 1129 2942 1565 2943 1129 2943 1566 2943 1566 2944 1129 2944 1128 2944 1566 2945 1128 2945 1567 2945 1567 2946 1128 2946 1047 2946 1567 2947 1047 2947 1568 2947 1155 2948 1561 2948 1153 2948 1153 2949 1561 2949 1569 2949 1153 2950 1569 2950 1012 2950 1012 2951 1569 2951 1570 2951 1012 2952 1570 2952 1013 2952 1013 2953 1570 2953 1571 2953 1013 2954 1571 2954 1152 2954 1152 2955 1571 2955 1572 2955 1152 2956 1572 2956 1121 2956 1121 2957 1572 2957 1573 2957 1121 2958 1573 2958 1122 2958 1122 2959 1573 2959 1574 2959 1122 2960 1574 2960 1123 2960 1123 2961 1574 2961 1575 2961 1123 2962 1575 2962 1040 2962 1576 2963 1166 2963 1577 2963 1577 2964 1166 2964 1167 2964 1577 2965 1167 2965 1578 2965 1578 2966 1167 2966 1169 2966 1578 2967 1169 2967 1579 2967 1579 2968 1169 2968 1170 2968 1579 2969 1170 2969 1580 2969 1580 2970 1170 2970 1144 2970 1580 2971 1144 2971 1581 2971 1581 2972 1144 2972 1143 2972 1581 2973 1143 2973 1582 2973 1582 2974 1143 2974 1084 2974 1582 2975 1084 2975 1583 2975 1166 2976 1576 2976 1164 2976 1164 2977 1576 2977 1584 2977 1164 2978 1584 2978 1015 2978 1015 2979 1584 2979 1585 2979 1015 2980 1585 2980 1016 2980 1016 2981 1585 2981 1586 2981 1016 2982 1586 2982 1163 2982 1163 2983 1586 2983 1587 2983 1163 2984 1587 2984 1161 2984 1161 2985 1587 2985 1588 2985 1161 2986 1588 2986 1162 2986 1162 2987 1588 2987 1589 2987 1162 2988 1589 2988 1031 2988 1031 2989 1589 2989 1590 2989 1031 2990 1590 2990 1017 2990 1591 2991 1148 2991 1592 2991 1592 2992 1148 2992 1149 2992 1592 2993 1149 2993 1593 2993 1593 2994 1149 2994 1150 2994 1593 2995 1150 2995 1594 2995 1594 2996 1150 2996 1151 2996 1594 2997 1151 2997 1595 2997 1595 2998 1151 2998 1118 2998 1595 2999 1118 2999 1596 2999 1596 3000 1118 3000 1117 3000 1596 3001 1117 3001 1597 3001 1597 3002 1117 3002 1032 3002 1597 3003 1032 3003 1598 3003 1148 3004 1591 3004 1147 3004 1147 3005 1591 3005 1599 3005 1147 3006 1599 3006 1009 3006 1009 3007 1599 3007 1600 3007 1009 3008 1600 3008 1010 3008 1010 3009 1600 3009 1601 3009 1010 3010 1601 3010 1146 3010 1146 3011 1601 3011 1602 3011 1146 3012 1602 3012 1101 3012 1101 3013 1602 3013 1603 3013 1101 3014 1603 3014 1102 3014 1102 3015 1603 3015 1604 3015 1102 3016 1604 3016 1103 3016 1103 3017 1604 3017 1605 3017 1103 3018 1605 3018 1086 3018 1574 3019 1598 3019 1575 3019 1598 3020 1606 3020 1575 3020 1598 3021 1607 3021 1608 3021 1598 3022 1608 3022 1609 3022 1598 3023 1609 3023 1610 3023 1598 3024 1610 3024 1611 3024 1598 3025 1611 3025 1606 3025 1598 3026 1574 3026 1573 3026 1598 3027 1573 3027 1572 3027 1598 3028 1572 3028 1571 3028 1598 3029 1571 3029 1570 3029 1598 3030 1570 3030 1569 3030 1598 3031 1569 3031 1561 3031 1568 3032 1612 3032 1613 3032 1568 3033 1613 3033 1614 3033 1568 3034 1614 3034 1615 3034 1568 3035 1615 3035 1590 3035 1568 3036 1590 3036 1589 3036 1568 3037 1589 3037 1588 3037 1568 3038 1588 3038 1587 3038 1568 3039 1587 3039 1586 3039 1568 3040 1586 3040 1585 3040 1568 3041 1585 3041 1584 3041 209 3042 1616 3042 1602 3042 209 3043 1602 3043 1601 3043 209 3044 1601 3044 1600 3044 209 3045 1600 3045 1599 3045 209 3046 1599 3046 1591 3046 209 3047 1591 3047 68 3047 1616 3048 1617 3048 1618 3048 1616 3049 1618 3049 1619 3049 1616 3050 1619 3050 1620 3050 1616 3051 1620 3051 1621 3051 1616 3052 1621 3052 1622 3052 1616 3053 1622 3053 1623 3053 1616 3054 1623 3054 1624 3054 1616 3055 1624 3055 1605 3055 1616 3056 1605 3056 1604 3056 1616 3057 1604 3057 1603 3057 1616 3058 1603 3058 1602 3058 1617 3059 68 3059 1583 3059 1617 3060 1583 3060 1625 3060 1617 3061 1625 3061 1626 3061 1617 3062 1626 3062 1627 3062 1617 3063 1627 3063 1628 3063 1617 3064 1628 3064 1629 3064 1617 3065 1629 3065 1630 3065 1617 3066 1630 3066 1631 3066 1617 3067 1631 3067 1632 3067 1617 3068 1632 3068 1633 3068 1617 3069 1633 3069 1612 3069 1617 3070 1612 3070 1568 3070 1617 3071 1568 3071 1634 3071 1617 3072 1634 3072 1635 3072 1617 3073 1635 3073 1636 3073 1617 3074 1636 3074 1637 3074 1617 3075 1637 3075 1638 3075 1617 3076 1638 3076 1639 3076 1617 3077 1639 3077 1640 3077 1617 3078 1640 3078 1607 3078 1617 3079 1607 3079 1598 3079 1617 3080 1598 3080 1641 3080 1617 3081 1641 3081 1642 3081 1617 3082 1642 3082 1643 3082 1617 3083 1643 3083 1644 3083 1617 3084 1644 3084 1645 3084 1617 3085 1645 3085 1646 3085 1617 3086 1646 3086 1618 3086 68 3087 1591 3087 1592 3087 68 3088 1592 3088 1593 3088 68 3089 1593 3089 1594 3089 68 3090 1594 3090 1595 3090 68 3091 1595 3091 1596 3091 68 3092 1596 3092 1597 3092 68 3093 1597 3093 1598 3093 68 3094 1598 3094 1561 3094 68 3095 1561 3095 1562 3095 68 3096 1562 3096 1563 3096 68 3097 1563 3097 1564 3097 68 3098 1564 3098 1565 3098 68 3099 1565 3099 1566 3099 68 3100 1566 3100 1567 3100 68 3101 1567 3101 1568 3101 68 3102 1568 3102 1584 3102 68 3103 1584 3103 1576 3103 68 3104 1576 3104 1577 3104 68 3105 1577 3105 1578 3105 68 3106 1578 3106 1579 3106 68 3107 1579 3107 1580 3107 68 3108 1580 3108 1581 3108 68 3109 1581 3109 1582 3109 68 3110 1582 3110 1583 3110 1618 3111 1092 3111 1619 3111 1619 3112 1092 3112 1091 3112 1619 3113 1091 3113 1620 3113 1620 3114 1091 3114 1090 3114 1620 3115 1090 3115 1621 3115 1621 3116 1090 3116 1089 3116 1621 3117 1089 3117 1622 3117 1622 3118 1089 3118 1088 3118 1622 3119 1088 3119 1623 3119 1623 3120 1088 3120 1087 3120 1623 3121 1087 3121 1624 3121 1624 3122 1087 3122 1086 3122 1624 3123 1086 3123 1605 3123 1092 3124 1618 3124 1061 3124 1061 3125 1618 3125 1646 3125 1061 3126 1646 3126 1062 3126 1062 3127 1646 3127 1645 3127 1062 3128 1645 3128 1063 3128 1063 3129 1645 3129 1644 3129 1063 3130 1644 3130 1064 3130 1064 3131 1644 3131 1643 3131 1064 3132 1643 3132 1065 3132 1065 3133 1643 3133 1642 3133 1065 3134 1642 3134 1066 3134 1066 3135 1642 3135 1641 3135 1066 3136 1641 3136 1067 3136 1067 3137 1641 3137 1598 3137 1067 3138 1598 3138 1032 3138 1631 3139 1076 3139 1632 3139 1632 3140 1076 3140 1075 3140 1632 3141 1075 3141 1633 3141 1633 3142 1075 3142 1059 3142 1633 3143 1059 3143 1612 3143 1612 3144 1059 3144 1058 3144 1612 3145 1058 3145 1613 3145 1613 3146 1058 3146 1057 3146 1613 3147 1057 3147 1614 3147 1614 3148 1057 3148 1056 3148 1614 3149 1056 3149 1615 3149 1615 3150 1056 3150 1017 3150 1615 3151 1017 3151 1590 3151 1076 3152 1631 3152 1077 3152 1077 3153 1631 3153 1630 3153 1077 3154 1630 3154 1078 3154 1078 3155 1630 3155 1629 3155 1078 3156 1629 3156 1079 3156 1079 3157 1629 3157 1628 3157 1079 3158 1628 3158 1080 3158 1080 3159 1628 3159 1627 3159 1080 3160 1627 3160 1081 3160 1081 3161 1627 3161 1626 3161 1081 3162 1626 3162 1082 3162 1082 3163 1626 3163 1625 3163 1082 3164 1625 3164 1083 3164 1083 3165 1625 3165 1583 3165 1083 3166 1583 3166 1084 3166 1640 3167 1046 3167 1607 3167 1607 3168 1046 3168 1045 3168 1607 3169 1045 3169 1608 3169 1608 3170 1045 3170 1044 3170 1608 3171 1044 3171 1609 3171 1609 3172 1044 3172 1043 3172 1609 3173 1043 3173 1610 3173 1610 3174 1043 3174 1042 3174 1610 3175 1042 3175 1611 3175 1611 3176 1042 3176 1041 3176 1611 3177 1041 3177 1606 3177 1606 3178 1041 3178 1040 3178 1606 3179 1040 3179 1575 3179 1046 3180 1640 3180 1068 3180 1068 3181 1640 3181 1639 3181 1068 3182 1639 3182 1069 3182 1069 3183 1639 3183 1638 3183 1069 3184 1638 3184 1070 3184 1070 3185 1638 3185 1637 3185 1070 3186 1637 3186 1071 3186 1071 3187 1637 3187 1636 3187 1071 3188 1636 3188 1072 3188 1072 3189 1636 3189 1635 3189 1072 3190 1635 3190 1073 3190 1073 3191 1635 3191 1634 3191 1073 3192 1634 3192 1074 3192 1074 3193 1634 3193 1568 3193 1074 3194 1568 3194 1047 3194 1647 3195 1648 3195 1649 3195 1650 3196 1651 3196 1652 3196 1653 3197 1651 3197 1650 3197 1654 3198 1651 3198 1653 3198 1655 3199 1651 3199 1654 3199 1656 3200 1651 3200 1655 3200 1657 3201 1651 3201 1656 3201 1658 3202 1651 3202 1657 3202 1659 3203 1651 3203 1658 3203 1660 3204 1651 3204 1659 3204 1661 3205 1651 3205 1660 3205 1662 3206 1651 3206 1661 3206 1663 3207 1651 3207 1662 3207 1664 3208 1651 3208 1663 3208 1649 3209 1665 3209 1647 3209 1649 3210 1666 3210 1665 3210 1649 3211 1667 3211 1666 3211 1649 3212 1668 3212 1667 3212 1649 3213 1669 3213 1668 3213 1649 3214 1670 3214 1669 3214 1649 3215 1671 3215 1670 3215 1649 3216 1672 3216 1671 3216 1649 3217 1673 3217 1672 3217 1649 3218 1674 3218 1673 3218 1649 3219 1675 3219 1674 3219 1649 3220 1676 3220 1675 3220 1677 3221 1678 3221 1679 3221 1677 3222 1679 3222 1680 3222 1677 3223 1680 3223 1681 3223 1677 3224 1681 3224 1682 3224 1677 3225 1682 3225 1683 3225 1677 3226 1683 3226 1684 3226 1677 3227 1684 3227 1685 3227 1677 3228 1685 3228 1686 3228 1677 3229 1686 3229 1687 3229 1677 3230 1687 3230 1688 3230 1677 3231 1688 3231 1689 3231 1677 3232 1689 3232 1690 3232 1677 3233 1690 3233 1691 3233 1692 3234 78 3234 1693 3234 1692 3235 1693 3235 1694 3235 1692 3236 1694 3236 1695 3236 1692 3237 1695 3237 1696 3237 1692 3238 1696 3238 1697 3238 1692 3239 1697 3239 1698 3239 1692 3240 1698 3240 1699 3240 1692 3241 1699 3241 1700 3241 1692 3242 1700 3242 1701 3242 1692 3243 1701 3243 1702 3243 1692 3244 1702 3244 1703 3244 1692 3245 1703 3245 1704 3245 1692 3246 1704 3246 1705 3246 1692 3247 1705 3247 1706 3247 1692 3248 1706 3248 1707 3248 1692 3249 1707 3249 1708 3249 1692 3250 1708 3250 1709 3250 1692 3251 1709 3251 1710 3251 1711 3252 1649 3252 1712 3252 1711 3253 1712 3253 1713 3253 1711 3254 1713 3254 1714 3254 1711 3255 1714 3255 1715 3255 1711 3256 1715 3256 1716 3256 1711 3257 1716 3257 1717 3257 1711 3258 1717 3258 1718 3258 1711 3259 1718 3259 1719 3259 1711 3260 1719 3260 1720 3260 1711 3261 1720 3261 1721 3261 1712 3262 1649 3262 1648 3262 1712 3263 1648 3263 1722 3263 1712 3264 1722 3264 1723 3264 1712 3265 1723 3265 1724 3265 1712 3266 1724 3266 1725 3266 1712 3267 1725 3267 1726 3267 1712 3268 1726 3268 1727 3268 1712 3269 1727 3269 1728 3269 1712 3270 1728 3270 1729 3270 1712 3271 1729 3271 1730 3271 1712 3272 1730 3272 1731 3272 1712 3273 1731 3273 1732 3273 1712 3274 1732 3274 1733 3274 1712 3275 1733 3275 1734 3275 1712 3276 1734 3276 1735 3276 1712 3277 1735 3277 1736 3277 1713 3278 1737 3278 1738 3278 1713 3279 1738 3279 1739 3279 1713 3280 1739 3280 1740 3280 1713 3281 1740 3281 1741 3281 1713 3282 1741 3282 1742 3282 1713 3283 1742 3283 1743 3283 1713 3284 1743 3284 1714 3284 1744 3285 1745 3285 1746 3285 1744 3286 1746 3286 1747 3286 1744 3287 1747 3287 1748 3287 1744 3288 1748 3288 1749 3288 1744 3289 1749 3289 1750 3289 1744 3290 1750 3290 1751 3290 1744 3291 1751 3291 1752 3291 1744 3292 1752 3292 1753 3292 1744 3293 1753 3293 1754 3293 1744 3294 1754 3294 1755 3294 1744 3295 1755 3295 1756 3295 1744 3296 1756 3296 1757 3296 1710 3297 1709 3297 1758 3297 1710 3298 1758 3298 1759 3298 1710 3299 1759 3299 1760 3299 1710 3300 1760 3300 1761 3300 1710 3301 1761 3301 1762 3301 1710 3302 1762 3302 1721 3302 1710 3303 1721 3303 1763 3303 1764 3304 1765 3304 1737 3304 1764 3305 1737 3305 1766 3305 1764 3306 1766 3306 1767 3306 1764 3307 1767 3307 1768 3307 1764 3308 1768 3308 1769 3308 1764 3309 1769 3309 1770 3309 1764 3310 1770 3310 1771 3310 1764 3311 1771 3311 1772 3311 1764 3312 1772 3312 1757 3312 1764 3313 1757 3313 1756 3313 1764 3314 1756 3314 1773 3314 1764 3315 1773 3315 1774 3315 1764 3316 1774 3316 1775 3316 1764 3317 1775 3317 1776 3317 1764 3318 1776 3318 1777 3318 1764 3319 1777 3319 1778 3319 1779 3320 1693 3320 1780 3320 1779 3321 1780 3321 1781 3321 1779 3322 1781 3322 1782 3322 1779 3323 1782 3323 1783 3323 1779 3324 1783 3324 1784 3324 1779 3325 1784 3325 1785 3325 1779 3326 1785 3326 1786 3326 1779 3327 1786 3327 1787 3327 1779 3328 1787 3328 1651 3328 1786 3329 1785 3329 1788 3329 1786 3330 1788 3330 1789 3330 1786 3331 1789 3331 1790 3331 1786 3332 1790 3332 1791 3332 1786 3333 1791 3333 1792 3333 1786 3334 1792 3334 1793 3334 1786 3335 1793 3335 1794 3335 1786 3336 1794 3336 1795 3336 1787 3337 1735 3337 1796 3337 1787 3338 1796 3338 1797 3338 1787 3339 1797 3339 1798 3339 1787 3340 1798 3340 1799 3340 1787 3341 1799 3341 1800 3341 1787 3342 1800 3342 1801 3342 1787 3343 1801 3343 1802 3343 1787 3344 1802 3344 1803 3344 1787 3345 1803 3345 1804 3345 1787 3346 1804 3346 1805 3346 1787 3347 1805 3347 1806 3347 1787 3348 1806 3348 1807 3348 1787 3349 1807 3349 1808 3349 1787 3350 1808 3350 1652 3350 1787 3351 1652 3351 1651 3351 1809 3352 1810 3352 1778 3352 1809 3353 1778 3353 1811 3353 1809 3354 1811 3354 1812 3354 1809 3355 1812 3355 1813 3355 1809 3356 1813 3356 1814 3356 1809 3357 1814 3357 1815 3357 1809 3358 1815 3358 1816 3358 1809 3359 1816 3359 1817 3359 1809 3360 1817 3360 1818 3360 1809 3361 1818 3361 1819 3361 1809 3362 1819 3362 1820 3362 1809 3363 1820 3363 1821 3363 1809 3364 1821 3364 1822 3364 1809 3365 1822 3365 1745 3365 1778 3366 1777 3366 1823 3366 1778 3367 1823 3367 1824 3367 1778 3368 1824 3368 1825 3368 1778 3369 1825 3369 1826 3369 1778 3370 1826 3370 1827 3370 1778 3371 1827 3371 1828 3371 1778 3372 1828 3372 1829 3372 1778 3373 1829 3373 1830 3373 1778 3374 1830 3374 1831 3374 1778 3375 1831 3375 1832 3375 1778 3376 1832 3376 1833 3376 1778 3377 1833 3377 1834 3377 1778 3378 1834 3378 1835 3378 1778 3379 1835 3379 1836 3379 1778 3380 1836 3380 1837 3380 1778 3381 1837 3381 1838 3381 1778 3382 1838 3382 1839 3382 1778 3383 1839 3383 1811 3383 78 3384 113 3384 1840 3384 78 3385 1840 3385 1841 3385 78 3386 1841 3386 1842 3386 78 3387 1842 3387 1843 3387 78 3388 1843 3388 1844 3388 78 3389 1844 3389 1845 3389 78 3390 1845 3390 1846 3390 78 3391 1846 3391 1847 3391 78 3392 1847 3392 1848 3392 78 3393 1848 3393 1849 3393 78 3394 1849 3394 1850 3394 78 3395 1850 3395 1851 3395 78 3396 1851 3396 1852 3396 78 3397 1852 3397 1853 3397 78 3398 1853 3398 1854 3398 78 3399 1854 3399 1693 3399 113 3400 1855 3400 1856 3400 113 3401 1856 3401 1857 3401 113 3402 1857 3402 1858 3402 113 3403 1858 3403 1859 3403 113 3404 1859 3404 1860 3404 113 3405 1860 3405 1861 3405 113 3406 1861 3406 1862 3406 113 3407 1862 3407 1863 3407 113 3408 1863 3408 1864 3408 113 3409 1864 3409 1865 3409 113 3410 1865 3410 1866 3410 113 3411 1866 3411 1867 3411 113 3412 1867 3412 1678 3412 113 3413 1678 3413 1677 3413 113 3414 1677 3414 1868 3414 113 3415 1868 3415 1869 3415 113 3416 1869 3416 1870 3416 113 3417 1870 3417 1871 3417 113 3418 1871 3418 1872 3418 113 3419 1872 3419 1873 3419 113 3420 1873 3420 1840 3420 1778 3421 1810 3421 1874 3421 1778 3422 1874 3422 1875 3422 1778 3423 1875 3423 1876 3423 1778 3424 1876 3424 1877 3424 1778 3425 1877 3425 1878 3425 1778 3426 1878 3426 1879 3426 1778 3427 1879 3427 1880 3427 1778 3428 1880 3428 1795 3428 1778 3429 1795 3429 1691 3429 1778 3430 1691 3430 1881 3430 1778 3431 1881 3431 1855 3431 1778 3432 1855 3432 113 3432 1691 3433 1795 3433 1882 3433 1691 3434 1882 3434 1883 3434 1691 3435 1883 3435 1884 3435 1691 3436 1884 3436 1885 3436 1691 3437 1885 3437 1886 3437 1691 3438 1886 3438 1887 3438 1691 3439 1887 3439 1888 3439 1691 3440 1888 3440 1677 3440 1795 3441 1847 3441 1889 3441 1795 3442 1889 3442 1890 3442 1795 3443 1890 3443 1891 3443 1795 3444 1891 3444 1892 3444 1795 3445 1892 3445 1893 3445 1795 3446 1893 3446 1894 3446 1795 3447 1894 3447 1882 3447 1847 3448 1795 3448 1895 3448 1847 3449 1895 3449 1896 3449 1847 3450 1896 3450 1897 3450 1847 3451 1897 3451 1898 3451 1847 3452 1898 3452 1899 3452 1847 3453 1899 3453 1900 3453 1847 3454 1900 3454 1848 3454 1795 3455 1880 3455 1901 3455 1795 3456 1901 3456 1902 3456 1795 3457 1902 3457 1903 3457 1795 3458 1903 3458 1904 3458 1795 3459 1904 3459 1905 3459 1795 3460 1905 3460 1786 3460 1693 3461 1779 3461 1906 3461 1693 3462 1906 3462 1907 3462 1693 3463 1907 3463 1908 3463 1693 3464 1908 3464 1909 3464 1693 3465 1909 3465 1910 3465 1693 3466 1910 3466 1911 3466 1693 3467 1911 3467 1912 3467 1693 3468 1912 3468 1694 3468 1745 3469 1913 3469 1914 3469 1745 3470 1914 3470 1915 3470 1745 3471 1915 3471 1916 3471 1745 3472 1916 3472 1917 3472 1745 3473 1917 3473 1918 3473 1745 3474 1918 3474 1809 3474 1735 3475 1787 3475 1919 3475 1735 3476 1919 3476 1920 3476 1735 3477 1920 3477 1921 3477 1735 3478 1921 3478 1922 3478 1735 3479 1922 3479 1923 3479 1735 3480 1923 3480 1924 3480 1735 3481 1924 3481 1913 3481 1735 3482 1913 3482 1745 3482 1735 3483 1745 3483 1925 3483 1735 3484 1925 3484 1926 3484 1735 3485 1926 3485 1927 3485 1735 3486 1927 3486 1928 3486 1735 3487 1928 3487 1929 3487 1735 3488 1929 3488 1930 3488 1735 3489 1930 3489 1736 3489 1704 3490 1703 3490 1931 3490 1704 3491 1931 3491 1932 3491 1704 3492 1932 3492 1933 3492 1704 3493 1933 3493 1934 3493 1704 3494 1934 3494 1935 3494 1704 3495 1935 3495 1936 3495 1704 3496 1936 3496 1937 3496 1704 3497 1937 3497 1938 3497 1704 3498 1938 3498 1939 3498 1704 3499 1939 3499 1651 3499 1704 3500 1651 3500 1664 3500 1704 3501 1676 3501 1649 3501 1704 3502 1649 3502 1940 3502 1704 3503 1940 3503 1941 3503 1704 3504 1941 3504 1942 3504 1704 3505 1942 3505 1943 3505 1704 3506 1943 3506 1944 3506 1704 3507 1944 3507 1945 3507 1704 3508 1945 3508 1946 3508 1704 3509 1946 3509 1947 3509 1704 3510 1947 3510 1948 3510 1704 3511 1948 3511 1705 3511 1745 3512 1744 3512 1949 3512 1745 3513 1949 3513 1950 3513 1745 3514 1950 3514 1951 3514 1745 3515 1951 3515 1952 3515 1745 3516 1952 3516 1953 3516 1745 3517 1953 3517 1925 3517 1737 3518 1713 3518 1954 3518 1737 3519 1954 3519 1955 3519 1737 3520 1955 3520 1956 3520 1737 3521 1956 3521 1957 3521 1737 3522 1957 3522 1958 3522 1737 3523 1958 3523 1766 3523 1721 3524 1762 3524 1959 3524 1721 3525 1959 3525 1960 3525 1721 3526 1960 3526 1961 3526 1721 3527 1961 3527 1962 3527 1721 3528 1962 3528 1963 3528 1721 3529 1963 3529 1964 3529 1721 3530 1964 3530 1965 3530 1721 3531 1965 3531 1711 3531 1765 3532 1966 3532 1967 3532 1765 3533 1967 3533 1968 3533 1765 3534 1968 3534 1969 3534 1765 3535 1969 3535 1970 3535 1765 3536 1970 3536 1971 3536 1765 3537 1971 3537 1972 3537 1765 3538 1972 3538 1737 3538 1763 3539 1721 3539 1973 3539 1763 3540 1973 3540 1974 3540 1763 3541 1974 3541 1975 3541 1763 3542 1975 3542 1976 3542 1763 3543 1976 3543 1977 3543 1763 3544 1977 3544 1978 3544 1763 3545 1978 3545 1966 3545 1763 3546 1966 3546 1765 3546 1763 3547 1765 3547 1979 3547 1980 3548 1981 3548 1982 3548 1981 3549 1983 3549 1982 3549 1984 3550 1985 3550 1986 3550 1987 3551 1988 3551 1989 3551 1990 3552 1988 3552 1987 3552 1991 3553 1988 3553 1990 3553 1992 3554 1988 3554 1991 3554 1993 3555 1988 3555 1992 3555 1994 3556 1988 3556 1993 3556 1995 3557 1988 3557 1994 3557 1996 3558 1988 3558 1995 3558 1997 3559 1988 3559 1996 3559 1998 3560 1988 3560 1997 3560 1999 3561 1988 3561 1998 3561 2000 3562 1988 3562 1999 3562 1986 3563 2001 3563 1984 3563 1986 3564 2002 3564 2001 3564 1986 3565 2003 3565 2002 3565 1986 3566 2004 3566 2003 3566 1986 3567 2005 3567 2004 3567 1986 3568 2006 3568 2005 3568 1986 3569 2007 3569 2006 3569 1986 3570 2008 3570 2007 3570 1986 3571 2009 3571 2008 3571 1986 3572 2010 3572 2009 3572 1986 3573 2011 3573 2010 3573 1986 3574 2012 3574 2011 3574 1981 3575 2013 3575 2014 3575 1981 3576 2014 3576 2015 3576 1981 3577 2015 3577 2016 3577 1981 3578 2016 3578 2017 3578 1981 3579 2017 3579 2018 3579 1981 3580 2018 3580 1983 3580 1981 3581 1980 3581 2019 3581 1981 3582 2019 3582 2020 3582 1981 3583 2020 3583 2021 3583 1981 3584 2021 3584 2022 3584 1981 3585 2022 3585 2023 3585 1981 3586 2023 3586 2024 3586 2025 3587 131 3587 2026 3587 2025 3588 2026 3588 2027 3588 2025 3589 2027 3589 2028 3589 2025 3590 2028 3590 2029 3590 2025 3591 2029 3591 2030 3591 2025 3592 2030 3592 2031 3592 2025 3593 2031 3593 2032 3593 2025 3594 2032 3594 2033 3594 2034 3595 2035 3595 2036 3595 2034 3596 2036 3596 2037 3596 2034 3597 2037 3597 2038 3597 2034 3598 2038 3598 2039 3598 2034 3599 2039 3599 2040 3599 2034 3600 2040 3600 2041 3600 2034 3601 2041 3601 2042 3601 2034 3602 2042 3602 2043 3602 2034 3603 2043 3603 2044 3603 2034 3604 2045 3604 2046 3604 2034 3605 2046 3605 2047 3605 2034 3606 2047 3606 2048 3606 2034 3607 2048 3607 2049 3607 2034 3608 2049 3608 2050 3608 2034 3609 2050 3609 2051 3609 2034 3610 2051 3610 2052 3610 2026 3611 2053 3611 2054 3611 2026 3612 2054 3612 2055 3612 2026 3613 2055 3613 2056 3613 2026 3614 2056 3614 2057 3614 2026 3615 2057 3615 2058 3615 2026 3616 2058 3616 2059 3616 2026 3617 2059 3617 2060 3617 2026 3618 2060 3618 2045 3618 2026 3619 2045 3619 2034 3619 2026 3620 2034 3620 2044 3620 2026 3621 2044 3621 2061 3621 2026 3622 2061 3622 2062 3622 2026 3623 2062 3623 2063 3623 2026 3624 2063 3624 2064 3624 2026 3625 2064 3625 2065 3625 2026 3626 2065 3626 2066 3626 2026 3627 2066 3627 2067 3627 2026 3628 2067 3628 2068 3628 2026 3629 2068 3629 2069 3629 2026 3630 2069 3630 2070 3630 2026 3631 2070 3631 2071 3631 2026 3632 2071 3632 2027 3632 2072 3633 2073 3633 2074 3633 2072 3634 2074 3634 2075 3634 2072 3635 2075 3635 2076 3635 2072 3636 2076 3636 2077 3636 2072 3637 2077 3637 2078 3637 2072 3638 2078 3638 2079 3638 2072 3639 2079 3639 2080 3639 2072 3640 2080 3640 2081 3640 2072 3641 2081 3641 2082 3641 2072 3642 2082 3642 2083 3642 2072 3643 2083 3643 2084 3643 2072 3644 2084 3644 2085 3644 2072 3645 2085 3645 2086 3645 2072 3646 2086 3646 2087 3646 2088 3647 1986 3647 2052 3647 2088 3648 2052 3648 2089 3648 2088 3649 2089 3649 2090 3649 2088 3650 2090 3650 2091 3650 2088 3651 2091 3651 2092 3651 2088 3652 2092 3652 2093 3652 2088 3653 2093 3653 2094 3653 2088 3654 2094 3654 2095 3654 2088 3655 2095 3655 2096 3655 2088 3656 2096 3656 2097 3656 2052 3657 1986 3657 1985 3657 2052 3658 1985 3658 2098 3658 2052 3659 2098 3659 2099 3659 2052 3660 2099 3660 2100 3660 2052 3661 2100 3661 2101 3661 2052 3662 2101 3662 2102 3662 2052 3663 2102 3663 2103 3663 2052 3664 2103 3664 2104 3664 2052 3665 2104 3665 2105 3665 2052 3666 2105 3666 2106 3666 2052 3667 2106 3667 2107 3667 2052 3668 2107 3668 2108 3668 2052 3669 2108 3669 2109 3669 2052 3670 2109 3670 2110 3670 2052 3671 2110 3671 2034 3671 2089 3672 2111 3672 2112 3672 2089 3673 2112 3673 2113 3673 2089 3674 2113 3674 2114 3674 2089 3675 2114 3675 2115 3675 2089 3676 2115 3676 2116 3676 2089 3677 2116 3677 2117 3677 2089 3678 2117 3678 2118 3678 2089 3679 2118 3679 2090 3679 2074 3680 2073 3680 2119 3680 2074 3681 2119 3681 2120 3681 2074 3682 2120 3682 2121 3682 2074 3683 2121 3683 2122 3683 2074 3684 2122 3684 2123 3684 2074 3685 2123 3685 2097 3685 2074 3686 2097 3686 2124 3686 2053 3687 2125 3687 2126 3687 2053 3688 2126 3688 2127 3688 2053 3689 2127 3689 2128 3689 2053 3690 2128 3690 2129 3690 2053 3691 2129 3691 2130 3691 2053 3692 2130 3692 2131 3692 2053 3693 2131 3693 2054 3693 2112 3694 2111 3694 2132 3694 2112 3695 2132 3695 2133 3695 2112 3696 2133 3696 2134 3696 2112 3697 2134 3697 2135 3697 2112 3698 2135 3698 2125 3698 2112 3699 2125 3699 2053 3699 2112 3700 2053 3700 2136 3700 2137 3701 141 3701 2138 3701 2137 3702 2138 3702 2139 3702 2137 3703 2139 3703 2140 3703 2137 3704 2140 3704 2141 3704 2137 3705 2141 3705 2142 3705 2137 3706 2142 3706 2143 3706 2137 3707 2143 3707 2144 3707 2137 3708 2144 3708 2145 3708 2137 3709 2145 3709 2146 3709 2137 3710 2146 3710 2147 3710 2137 3711 2147 3711 2148 3711 2137 3712 2148 3712 2149 3712 2137 3713 2149 3713 2150 3713 2137 3714 2150 3714 2151 3714 2137 3715 2151 3715 2152 3715 2137 3716 2152 3716 2153 3716 2137 3717 2153 3717 2154 3717 2137 3718 2154 3718 2155 3718 2137 3719 2155 3719 2156 3719 2137 3720 2156 3720 2157 3720 2137 3721 2157 3721 2158 3721 2137 3722 2158 3722 2159 3722 2137 3723 2159 3723 2160 3723 2137 3724 2160 3724 2161 3724 2137 3725 2161 3725 2162 3725 2137 3726 2162 3726 2163 3726 2137 3727 2163 3727 2164 3727 2137 3728 2164 3728 2165 3728 2137 3729 2165 3729 2166 3729 2137 3730 2166 3730 2167 3730 2074 3731 2137 3731 2167 3731 2074 3732 2167 3732 2168 3732 2074 3733 2168 3733 2169 3733 2074 3734 2169 3734 2170 3734 2074 3735 2170 3735 2075 3735 2148 3736 2087 3736 2171 3736 2148 3737 2171 3737 2172 3737 2148 3738 2172 3738 2173 3738 2148 3739 2173 3739 2174 3739 2148 3740 2174 3740 2175 3740 2148 3741 2175 3741 2176 3741 2148 3742 2176 3742 2177 3742 2148 3743 2177 3743 2178 3743 2148 3744 2178 3744 2179 3744 2148 3745 2179 3745 2180 3745 2148 3746 2180 3746 2181 3746 2148 3747 2181 3747 2149 3747 2182 3748 2141 3748 2183 3748 2182 3749 2183 3749 2184 3749 2182 3750 2184 3750 2185 3750 2182 3751 2185 3751 2186 3751 2182 3752 2186 3752 2187 3752 2182 3753 2187 3753 2033 3753 2182 3754 2033 3754 2035 3754 2182 3755 2035 3755 1988 3755 2033 3756 2187 3756 2188 3756 2033 3757 2188 3757 2189 3757 2033 3758 2189 3758 2190 3758 2033 3759 2190 3759 2191 3759 2033 3760 2191 3760 2192 3760 2033 3761 2192 3761 2193 3761 2033 3762 2193 3762 2194 3762 2033 3763 2194 3763 2195 3763 2033 3764 2195 3764 2025 3764 2035 3765 2034 3765 2196 3765 2035 3766 2196 3766 2197 3766 2035 3767 2197 3767 2198 3767 2035 3768 2198 3768 2199 3768 2035 3769 2199 3769 2200 3769 2035 3770 2200 3770 2201 3770 2035 3771 2201 3771 2202 3771 2035 3772 2202 3772 2203 3772 2035 3773 2203 3773 2204 3773 2035 3774 2204 3774 2205 3774 2035 3775 2205 3775 2206 3775 2035 3776 2206 3776 2207 3776 2035 3777 2207 3777 2208 3777 2035 3778 2208 3778 2209 3778 2035 3779 2209 3779 1989 3779 2035 3780 1989 3780 1988 3780 141 3781 131 3781 2210 3781 141 3782 2210 3782 2211 3782 141 3783 2211 3783 2212 3783 141 3784 2212 3784 2213 3784 141 3785 2213 3785 2214 3785 141 3786 2214 3786 2215 3786 141 3787 2215 3787 2216 3787 141 3788 2216 3788 2217 3788 141 3789 2217 3789 2218 3789 141 3790 2218 3790 2219 3790 141 3791 2219 3791 2220 3791 141 3792 2220 3792 2221 3792 141 3793 2221 3793 2138 3793 131 3794 2025 3794 2222 3794 131 3795 2222 3795 2223 3795 131 3796 2223 3796 2224 3796 131 3797 2224 3797 2225 3797 131 3798 2225 3798 2226 3798 131 3799 2226 3799 2227 3799 131 3800 2227 3800 2228 3800 131 3801 2228 3801 2229 3801 131 3802 2229 3802 2230 3802 131 3803 2230 3803 2231 3803 131 3804 2231 3804 2232 3804 131 3805 2232 3805 2233 3805 131 3806 2233 3806 2234 3806 131 3807 2234 3807 2235 3807 131 3808 2235 3808 2236 3808 131 3809 2236 3809 2013 3809 131 3810 2013 3810 1981 3810 131 3811 1981 3811 2237 3811 131 3812 2237 3812 2238 3812 131 3813 2238 3813 2239 3813 131 3814 2239 3814 2240 3814 131 3815 2240 3815 2241 3815 131 3816 2241 3816 2242 3816 131 3817 2242 3817 2210 3817 2141 3818 2140 3818 2243 3818 2141 3819 2243 3819 2244 3819 2141 3820 2244 3820 2245 3820 2141 3821 2245 3821 2246 3821 2141 3822 2246 3822 2247 3822 2141 3823 2247 3823 2248 3823 2141 3824 2248 3824 1981 3824 2141 3825 1981 3825 2024 3825 2141 3826 2024 3826 2249 3826 2141 3827 2249 3827 2250 3827 2141 3828 2250 3828 2251 3828 2141 3829 2251 3829 2252 3829 2141 3830 2252 3830 2253 3830 2141 3831 2253 3831 2254 3831 2141 3832 2254 3832 2230 3832 2141 3833 2230 3833 2255 3833 2230 3834 2229 3834 2256 3834 2230 3835 2256 3835 2257 3835 2230 3836 2257 3836 2258 3836 2230 3837 2258 3837 2259 3837 2230 3838 2259 3838 2255 3838 2141 3839 2182 3839 2260 3839 2141 3840 2260 3840 2261 3840 2141 3841 2261 3841 2262 3841 2141 3842 2262 3842 2263 3842 2141 3843 2263 3843 2264 3843 2141 3844 2264 3844 2265 3844 2141 3845 2265 3845 2266 3845 2141 3846 2266 3846 2142 3846 2267 3847 2268 3847 2269 3847 2267 3848 2269 3848 2270 3848 2267 3849 2270 3849 2271 3849 2267 3850 2271 3850 2272 3850 2267 3851 2272 3851 2273 3851 2267 3852 2273 3852 2274 3852 2267 3853 2274 3853 2275 3853 2267 3854 2275 3854 2276 3854 2267 3855 2276 3855 2277 3855 2267 3856 2277 3856 1988 3856 2267 3857 1988 3857 2000 3857 2087 3858 2148 3858 2278 3858 2087 3859 2278 3859 2279 3859 2087 3860 2279 3860 2268 3860 2087 3861 2268 3861 2267 3861 2087 3862 2267 3862 2280 3862 2087 3863 2280 3863 2281 3863 2087 3864 2281 3864 2282 3864 2087 3865 2282 3865 2072 3865 2267 3866 2012 3866 1986 3866 2267 3867 1986 3867 2283 3867 2267 3868 2283 3868 2284 3868 2267 3869 2284 3869 2285 3869 2267 3870 2285 3870 2286 3870 2267 3871 2286 3871 2287 3871 2267 3872 2287 3872 2288 3872 2267 3873 2288 3873 2289 3873 2267 3874 2289 3874 2290 3874 2267 3875 2290 3875 2291 3875 2267 3876 2291 3876 2280 3876 2097 3877 2123 3877 2292 3877 2097 3878 2292 3878 2293 3878 2097 3879 2293 3879 2294 3879 2097 3880 2294 3880 2295 3880 2097 3881 2295 3881 2296 3881 2097 3882 2296 3882 2297 3882 2097 3883 2297 3883 2298 3883 2097 3884 2298 3884 2088 3884 2136 3885 2299 3885 2300 3885 2136 3886 2300 3886 2301 3886 2136 3887 2301 3887 2302 3887 2136 3888 2302 3888 2303 3888 2136 3889 2303 3889 2304 3889 2136 3890 2304 3890 2305 3890 2136 3891 2305 3891 2306 3891 2136 3892 2306 3892 2307 3892 2136 3893 2307 3893 2308 3893 2136 3894 2308 3894 2309 3894 2136 3895 2309 3895 2112 3895 2124 3896 2097 3896 2310 3896 2124 3897 2310 3897 2311 3897 2124 3898 2311 3898 2299 3898 2124 3899 2299 3899 2136 3899 2312 3900 2313 3900 2314 3900 2312 3901 2315 3901 2313 3901 2316 3902 2317 3902 2318 3902 2319 3903 2320 3903 2321 3903 2322 3904 2323 3904 2324 3904 2324 3905 2323 3905 2325 3905 2325 3906 2323 3906 2326 3906 2326 3907 2323 3907 2327 3907 2327 3908 2323 3908 2328 3908 2328 3909 2323 3909 2329 3909 2329 3910 2323 3910 2330 3910 2330 3911 2323 3911 2331 3911 2331 3912 2323 3912 2332 3912 2332 3913 2323 3913 2333 3913 2333 3914 2323 3914 2334 3914 2334 3915 2323 3915 2335 3915 2318 3916 2336 3916 2316 3916 2336 3917 2337 3917 2316 3917 2337 3918 2338 3918 2316 3918 2338 3919 2339 3919 2316 3919 2339 3920 2340 3920 2316 3920 2340 3921 2341 3921 2316 3921 2341 3922 2342 3922 2316 3922 2342 3923 2343 3923 2316 3923 2343 3924 2344 3924 2316 3924 2344 3925 2345 3925 2316 3925 2345 3926 2346 3926 2316 3926 2346 3927 2347 3927 2316 3927 2348 3928 2349 3928 2350 3928 2351 3929 2352 3929 2353 3929 2313 3930 2315 3930 2354 3930 2313 3931 2354 3931 2355 3931 2313 3932 2355 3932 2356 3932 2313 3933 2356 3933 2357 3933 2313 3934 2357 3934 2358 3934 2313 3935 2358 3935 2359 3935 2313 3936 2360 3936 2361 3936 2313 3937 2361 3937 2362 3937 2313 3938 2362 3938 2363 3938 2313 3939 2363 3939 2364 3939 2313 3940 2364 3940 2365 3940 2313 3941 2365 3941 2314 3941 2366 3942 2367 3942 2368 3942 2366 3943 2368 3943 2369 3943 2366 3944 2369 3944 2370 3944 2366 3945 2370 3945 2371 3945 2366 3946 2371 3946 2372 3946 2366 3947 2372 3947 2373 3947 2366 3948 2373 3948 2374 3948 2366 3949 2374 3949 2375 3949 2366 3950 2375 3950 2376 3950 2366 3951 2377 3951 2378 3951 2366 3952 2378 3952 2379 3952 2366 3953 2379 3953 2380 3953 2366 3954 2380 3954 2381 3954 2366 3955 2381 3955 2382 3955 2366 3956 2382 3956 2383 3956 2366 3957 2383 3957 2384 3957 2385 3958 2386 3958 2387 3958 2385 3959 2387 3959 2388 3959 2385 3960 2388 3960 2389 3960 2385 3961 2389 3961 2390 3961 2385 3962 2390 3962 2391 3962 2385 3963 2391 3963 2392 3963 2385 3964 2392 3964 2393 3964 2394 3965 2395 3965 2396 3965 2394 3966 2396 3966 2397 3966 2394 3967 2397 3967 2398 3967 2394 3968 2398 3968 2399 3968 2394 3969 2399 3969 2400 3969 2394 3970 2400 3970 2401 3970 2394 3971 2401 3971 2402 3971 2394 3972 2402 3972 2403 3972 2394 3973 2403 3973 2404 3973 2394 3974 2404 3974 2405 3974 2394 3975 2405 3975 2406 3975 2394 3976 2406 3976 2407 3976 2394 3977 2407 3977 2408 3977 2394 3978 2408 3978 2409 3978 2403 3979 2410 3979 2411 3979 2403 3980 2411 3980 2412 3980 2403 3981 2412 3981 2413 3981 2403 3982 2413 3982 2414 3982 2403 3983 2414 3983 2415 3983 2403 3984 2415 3984 2416 3984 2403 3985 2416 3985 2417 3985 2403 3986 2417 3986 2418 3986 2403 3987 2418 3987 2419 3987 2403 3988 2419 3988 2420 3988 2403 3989 2420 3989 2421 3989 2403 3990 2421 3990 2404 3990 2422 3991 2396 3991 2423 3991 2422 3992 2423 3992 2424 3992 2422 3993 2424 3993 2425 3993 2422 3994 2425 3994 2426 3994 2422 3995 2426 3995 2427 3995 2422 3996 2427 3996 2428 3996 2422 3997 2428 3997 2429 3997 2422 3998 2429 3998 2393 3998 2422 3999 2393 3999 2377 3999 2422 4000 2377 4000 2316 4000 2377 4001 2366 4001 2430 4001 2377 4002 2430 4002 2431 4002 2377 4003 2431 4003 2432 4003 2377 4004 2432 4004 2433 4004 2377 4005 2433 4005 2434 4005 2377 4006 2434 4006 2435 4006 2377 4007 2435 4007 2436 4007 2377 4008 2436 4008 2437 4008 2377 4009 2437 4009 2438 4009 2377 4010 2438 4010 2439 4010 2377 4011 2439 4011 2440 4011 2377 4012 2440 4012 2441 4012 2377 4013 2441 4013 2442 4013 2377 4014 2442 4014 2317 4014 2377 4015 2317 4015 2316 4015 2393 4016 2429 4016 2443 4016 2393 4017 2443 4017 2444 4017 2393 4018 2444 4018 2445 4018 2393 4019 2445 4019 2446 4019 2393 4020 2446 4020 2447 4020 2393 4021 2447 4021 2448 4021 2393 4022 2448 4022 2385 4022 2449 4023 2450 4023 2451 4023 2449 4024 2451 4024 2452 4024 2449 4025 2452 4025 2453 4025 2449 4026 2453 4026 2454 4026 2449 4027 2454 4027 2455 4027 2449 4028 2455 4028 2456 4028 2449 4029 2456 4029 2457 4029 2449 4030 2457 4030 2458 4030 2449 4031 2458 4031 2459 4031 2449 4032 2459 4032 2460 4032 2449 4033 2460 4033 2367 4033 2449 4034 2367 4034 2366 4034 2449 4035 2366 4035 2384 4035 2449 4036 2384 4036 2461 4036 2449 4037 2461 4037 2462 4037 2449 4038 2462 4038 2463 4038 2449 4039 2463 4039 2464 4039 2449 4040 2464 4040 2465 4040 2449 4041 2465 4041 2466 4041 2449 4042 2466 4042 2467 4042 2449 4043 2467 4043 2468 4043 2468 4044 2467 4044 2469 4044 2468 4045 2469 4045 2470 4045 2468 4046 2470 4046 2471 4046 2468 4047 2471 4047 2472 4047 2468 4048 2472 4048 2473 4048 2468 4049 2473 4049 2386 4049 2468 4050 2386 4050 2385 4050 2468 4051 2385 4051 2474 4051 2468 4052 2474 4052 2475 4052 2409 4053 2408 4053 2476 4053 2409 4054 2476 4054 2477 4054 2409 4055 2477 4055 2478 4055 2409 4056 2478 4056 2479 4056 2409 4057 2479 4057 2480 4057 2409 4058 2480 4058 2481 4058 2409 4059 2481 4059 2482 4059 2409 4060 2482 4060 2483 4060 2409 4061 2483 4061 2484 4061 2409 4062 2484 4062 2485 4062 2409 4063 2485 4063 2486 4063 2409 4064 2486 4064 2487 4064 2409 4065 2487 4065 2488 4065 2409 4066 2488 4066 2489 4066 2409 4067 2489 4067 2490 4067 2409 4068 2490 4068 2491 4068 2409 4069 2491 4069 2492 4069 2409 4070 2492 4070 2493 4070 2409 4071 2493 4071 2494 4071 2409 4072 2494 4072 2495 4072 2409 4073 2495 4073 2496 4073 2409 4074 2496 4074 2497 4074 2409 4075 2497 4075 2498 4075 2409 4076 2498 4076 2320 4076 2409 4077 2320 4077 2319 4077 2409 4078 2319 4078 2499 4078 2409 4079 2499 4079 2500 4079 2409 4080 2500 4080 2501 4080 2409 4081 2501 4081 139 4081 2494 4082 2493 4082 2502 4082 2494 4083 2502 4083 2503 4083 2494 4084 2503 4084 2504 4084 2494 4085 2504 4085 2505 4085 2494 4086 2505 4086 2506 4086 2494 4087 2506 4087 2507 4087 2494 4088 2507 4088 2508 4088 2494 4089 2508 4089 2509 4089 2494 4090 2509 4090 2510 4090 2494 4091 2510 4091 2511 4091 2494 4092 2511 4092 2512 4092 2494 4093 2512 4093 2410 4093 2513 4094 2323 4094 2376 4094 2513 4095 2376 4095 2514 4095 2513 4096 2514 4096 2515 4096 2513 4097 2515 4097 2516 4097 2513 4098 2516 4098 2517 4098 2513 4099 2517 4099 2518 4099 2513 4100 2518 4100 2519 4100 2513 4101 2519 4101 2520 4101 2514 4102 2521 4102 2522 4102 2514 4103 2522 4103 2523 4103 2514 4104 2523 4104 2524 4104 2514 4105 2524 4105 2525 4105 2514 4106 2525 4106 2526 4106 2514 4107 2526 4107 2527 4107 2514 4108 2527 4108 2528 4108 2514 4109 2528 4109 2529 4109 2514 4110 2529 4110 2530 4110 2514 4111 2530 4111 2515 4111 2376 4112 2323 4112 2322 4112 2376 4113 2322 4113 2531 4113 2376 4114 2531 4114 2532 4114 2376 4115 2532 4115 2533 4115 2376 4116 2533 4116 2534 4116 2376 4117 2534 4117 2535 4117 2376 4118 2535 4118 2536 4118 2376 4119 2536 4119 2537 4119 2376 4120 2537 4120 2538 4120 2376 4121 2538 4121 2539 4121 2376 4122 2539 4122 2540 4122 2376 4123 2540 4123 2541 4123 2376 4124 2541 4124 2542 4124 2376 4125 2542 4125 2543 4125 2376 4126 2543 4126 2544 4126 2376 4127 2544 4127 2366 4127 139 4128 2501 4128 2545 4128 139 4129 2545 4129 2546 4129 139 4130 2546 4130 2547 4130 139 4131 2547 4131 2548 4131 139 4132 2548 4132 2549 4132 139 4133 2549 4133 2550 4133 139 4134 2550 4134 2551 4134 139 4135 2551 4135 2552 4135 139 4136 2552 4136 2553 4136 139 4137 2553 4137 2554 4137 139 4138 2554 4138 2555 4138 139 4139 2555 4139 132 4139 2522 4140 2521 4140 2556 4140 2522 4141 2556 4141 2557 4141 2522 4142 2557 4142 2558 4142 2522 4143 2558 4143 2559 4143 2522 4144 2559 4144 2560 4144 132 4145 2555 4145 2561 4145 132 4146 2561 4146 2562 4146 132 4147 2562 4147 2563 4147 132 4148 2563 4148 2564 4148 132 4149 2564 4149 2565 4149 132 4150 2565 4150 2566 4150 132 4151 2566 4151 2313 4151 132 4152 2313 4152 2359 4152 132 4153 2359 4153 2567 4153 132 4154 2567 4154 2568 4154 132 4155 2568 4155 2569 4155 132 4156 2569 4156 2570 4156 132 4157 2570 4157 2571 4157 132 4158 2571 4158 2572 4158 132 4159 2572 4159 2573 4159 132 4160 2573 4160 2574 4160 132 4161 2574 4161 2575 4161 132 4162 2575 4162 2576 4162 132 4163 2576 4163 2577 4163 132 4164 2577 4164 2578 4164 132 4165 2578 4165 2579 4165 132 4166 2579 4166 2580 4166 132 4167 2580 4167 2581 4167 132 4168 2581 4168 2522 4168 132 4169 2522 4169 2560 4169 132 4170 2560 4170 2450 4170 132 4171 2450 4171 2449 4171 2520 4172 2582 4172 2573 4172 2520 4173 2573 4173 2583 4173 2520 4174 2583 4174 2584 4174 2520 4175 2584 4175 2585 4175 2520 4176 2585 4176 2586 4176 2520 4177 2586 4177 2587 4177 2520 4178 2587 4178 2588 4178 2520 4179 2588 4179 2360 4179 2520 4180 2360 4180 2313 4180 2520 4181 2313 4181 2589 4181 2520 4182 2589 4182 2590 4182 2520 4183 2590 4183 2591 4183 2520 4184 2591 4184 2592 4184 2520 4185 2592 4185 2593 4185 2520 4186 2593 4186 2594 4186 2520 4187 2594 4187 2319 4187 2520 4188 2319 4188 2321 4188 2520 4189 2321 4189 2595 4189 2520 4190 2595 4190 2596 4190 2520 4191 2596 4191 2597 4191 2520 4192 2597 4192 2598 4192 2520 4193 2598 4193 2599 4193 2520 4194 2599 4194 2600 4194 2520 4195 2600 4195 2601 4195 2520 4196 2601 4196 2513 4196 2573 4197 2582 4197 2602 4197 2573 4198 2602 4198 2603 4198 2573 4199 2603 4199 2604 4199 2573 4200 2604 4200 2605 4200 2573 4201 2605 4201 2574 4201 2606 4202 2335 4202 2323 4202 2606 4203 2323 4203 2607 4203 2606 4204 2607 4204 2608 4204 2606 4205 2608 4205 2609 4205 2606 4206 2609 4206 2610 4206 2606 4207 2610 4207 2611 4207 2606 4208 2611 4208 2612 4208 2606 4209 2612 4209 2613 4209 2606 4210 2613 4210 2614 4210 2606 4211 2614 4211 2615 4211 2606 4212 2615 4212 2616 4212 2410 4213 2403 4213 2617 4213 2410 4214 2617 4214 2618 4214 2410 4215 2618 4215 2619 4215 2410 4216 2619 4216 2606 4216 2410 4217 2606 4217 2616 4217 2410 4218 2616 4218 2620 4218 2410 4219 2620 4219 2621 4219 2410 4220 2621 4220 2494 4220 2606 4221 2619 4221 2622 4221 2606 4222 2622 4222 2623 4222 2606 4223 2623 4223 2624 4223 2606 4224 2624 4224 2625 4224 2606 4225 2625 4225 2626 4225 2606 4226 2626 4226 2627 4226 2606 4227 2627 4227 2628 4227 2606 4228 2628 4228 2629 4228 2606 4229 2629 4229 2630 4229 2606 4230 2630 4230 2316 4230 2606 4231 2316 4231 2347 4231 2396 4232 2422 4232 2631 4232 2396 4233 2631 4233 2632 4233 2396 4234 2632 4234 2633 4234 2396 4235 2633 4235 2634 4235 2396 4236 2634 4236 2635 4236 2396 4237 2635 4237 2636 4237 2396 4238 2636 4238 2637 4238 2396 4239 2637 4239 2397 4239 2396 4240 2395 4240 2638 4240 2396 4241 2638 4241 2639 4241 2396 4242 2639 4242 2640 4242 2396 4243 2640 4243 2349 4243 2396 4244 2349 4244 2348 4244 2396 4245 2348 4245 2641 4245 2396 4246 2641 4246 2642 4246 2396 4247 2642 4247 2643 4247 2396 4248 2643 4248 2644 4248 2396 4249 2644 4249 2352 4249 2396 4250 2352 4250 2351 4250 2396 4251 2351 4251 2645 4251 2474 4252 2385 4252 2646 4252 2474 4253 2646 4253 2647 4253 2474 4254 2647 4254 2648 4254 2474 4255 2648 4255 2649 4255 2474 4256 2649 4256 2650 4256 2474 4257 2650 4257 2651 4257 2474 4258 2651 4258 2652 4258 2474 4259 2652 4259 2653 4259 2474 4260 2653 4260 2654 4260 2474 4261 2654 4261 2655 4261 2474 4262 2655 4262 2656 4262 2645 4263 2474 4263 2656 4263 2645 4264 2656 4264 2657 4264 2645 4265 2657 4265 2658 4265 2645 4266 2658 4266 2396 4266 2659 4267 2660 4267 2661 4267 2662 4268 2663 4268 2664 4268 2664 4269 2663 4269 2665 4269 2665 4270 2663 4270 2666 4270 2666 4271 2663 4271 2667 4271 2667 4272 2663 4272 2668 4272 2668 4273 2663 4273 2669 4273 2669 4274 2663 4274 2670 4274 2670 4275 2663 4275 2671 4275 2671 4276 2663 4276 2672 4276 2672 4277 2663 4277 2673 4277 2673 4278 2663 4278 2674 4278 2674 4279 2663 4279 2675 4279 2675 4280 2663 4280 2676 4280 2661 4281 2677 4281 2659 4281 2677 4282 2678 4282 2659 4282 2678 4283 2679 4283 2659 4283 2679 4284 2680 4284 2659 4284 2680 4285 2681 4285 2659 4285 2681 4286 2682 4286 2659 4286 2682 4287 2683 4287 2659 4287 2683 4288 2684 4288 2659 4288 2684 4289 2685 4289 2659 4289 2685 4290 2686 4290 2659 4290 2686 4291 2687 4291 2659 4291 2687 4292 2688 4292 2659 4292 2689 4293 2690 4293 2691 4293 2689 4294 2691 4294 2692 4294 2689 4295 2692 4295 2693 4295 2689 4296 2693 4296 2694 4296 2689 4297 2694 4297 2695 4297 2689 4298 2695 4298 2696 4298 2689 4299 2696 4299 2697 4299 2689 4300 2697 4300 2698 4300 2689 4301 2698 4301 2699 4301 2689 4302 2699 4302 2700 4302 2689 4303 2700 4303 2701 4303 2689 4304 2701 4304 2702 4304 2703 4305 2704 4305 2705 4305 2703 4306 2705 4306 2706 4306 2703 4307 2706 4307 2707 4307 2703 4308 2707 4308 2708 4308 2703 4309 2708 4309 2709 4309 2703 4310 2709 4310 2710 4310 2703 4311 2710 4311 2711 4311 2703 4312 2711 4312 2712 4312 2712 4313 2711 4313 2713 4313 2712 4314 2713 4314 2714 4314 2712 4315 2714 4315 2715 4315 2712 4316 2715 4316 2716 4316 2712 4317 2716 4317 2717 4317 2712 4318 2717 4318 2718 4318 2712 4319 2718 4319 2719 4319 2712 4320 2719 4320 2720 4320 2712 4321 2720 4321 2721 4321 2712 4322 2721 4322 2722 4322 2712 4323 2722 4323 2723 4323 2712 4324 2723 4324 2724 4324 2712 4325 2724 4325 2725 4325 2712 4326 2725 4326 2726 4326 2712 4327 2726 4327 2727 4327 2712 4328 2727 4328 77 4328 2728 4329 2705 4329 2729 4329 2728 4330 2729 4330 2730 4330 2728 4331 2730 4331 2731 4331 2728 4332 2731 4332 2732 4332 2728 4333 2732 4333 2733 4333 2728 4334 2733 4334 2734 4334 2728 4335 2734 4335 2735 4335 2728 4336 2735 4336 2736 4336 2728 4337 2736 4337 2737 4337 2728 4338 2737 4338 2659 4338 2737 4339 2738 4339 2739 4339 2737 4340 2739 4340 2740 4340 2737 4341 2740 4341 2741 4341 2737 4342 2741 4342 2742 4342 2737 4343 2742 4343 2743 4343 2737 4344 2743 4344 2744 4344 2737 4345 2744 4345 2745 4345 2737 4346 2745 4346 2746 4346 2737 4347 2746 4347 2747 4347 2737 4348 2747 4348 2748 4348 2737 4349 2748 4349 2749 4349 2737 4350 2749 4350 2750 4350 2737 4351 2750 4351 2751 4351 2737 4352 2751 4352 2752 4352 2737 4353 2752 4353 2660 4353 2737 4354 2660 4354 2659 4354 2736 4355 2735 4355 2753 4355 2736 4356 2753 4356 2754 4356 2736 4357 2754 4357 2755 4357 2736 4358 2755 4358 2756 4358 2736 4359 2756 4359 2757 4359 2736 4360 2757 4360 2758 4360 2736 4361 2758 4361 2759 4361 2760 4362 2761 4362 2762 4362 2760 4363 2762 4363 2763 4363 2760 4364 2763 4364 2764 4364 2760 4365 2764 4365 2765 4365 2760 4366 2765 4366 2766 4366 2760 4367 2766 4367 2767 4367 2760 4368 2767 4368 2768 4368 2760 4369 2768 4369 2769 4369 2760 4370 2769 4370 2770 4370 2760 4371 2770 4371 2771 4371 2760 4372 2771 4372 2772 4372 2760 4373 2772 4373 2773 4373 2705 4374 2728 4374 2774 4374 2705 4375 2774 4375 2775 4375 2705 4376 2775 4376 2776 4376 2705 4377 2776 4377 2777 4377 2705 4378 2777 4378 2778 4378 2705 4379 2778 4379 2779 4379 2705 4380 2779 4380 2706 4380 2780 4381 2781 4381 2782 4381 2780 4382 2782 4382 2783 4382 2780 4383 2783 4383 2784 4383 2780 4384 2784 4384 2785 4384 2780 4385 2785 4385 2786 4385 2780 4386 2786 4386 2762 4386 2780 4387 2762 4387 2761 4387 2780 4388 2761 4388 2787 4388 2780 4389 2787 4389 2788 4389 2780 4390 2788 4390 2789 4390 2780 4391 2789 4391 2790 4391 2780 4392 2790 4392 2791 4392 2780 4393 2791 4393 2792 4393 2780 4394 2792 4394 2793 4394 2780 4395 2793 4395 2759 4395 2780 4396 2759 4396 2794 4396 2759 4397 2795 4397 2796 4397 2759 4398 2796 4398 2797 4398 2759 4399 2797 4399 2798 4399 2759 4400 2798 4400 2799 4400 2759 4401 2799 4401 2800 4401 2759 4402 2800 4402 2801 4402 2759 4403 2801 4403 2802 4403 2759 4404 2802 4404 2803 4404 2759 4405 2803 4405 2804 4405 2759 4406 2804 4406 2794 4406 2805 4407 2663 4407 2806 4407 2805 4408 2806 4408 2807 4408 2805 4409 2807 4409 2808 4409 2805 4410 2808 4410 2809 4410 2805 4411 2809 4411 2810 4411 2805 4412 2810 4412 2811 4412 2805 4413 2811 4413 2812 4413 2805 4414 2812 4414 2813 4414 2805 4415 2813 4415 2814 4415 2807 4416 2815 4416 2816 4416 2807 4417 2816 4417 2817 4417 2807 4418 2817 4418 2818 4418 2807 4419 2818 4419 2819 4419 2807 4420 2819 4420 2820 4420 2807 4421 2820 4421 2821 4421 2807 4422 2821 4422 2822 4422 2807 4423 2822 4423 2808 4423 2806 4424 2663 4424 2662 4424 2806 4425 2662 4425 2823 4425 2806 4426 2823 4426 2824 4426 2806 4427 2824 4427 2825 4427 2806 4428 2825 4428 2826 4428 2806 4429 2826 4429 2827 4429 2806 4430 2827 4430 2828 4430 2806 4431 2828 4431 2829 4431 2806 4432 2829 4432 2830 4432 2806 4433 2830 4433 2831 4433 2806 4434 2831 4434 2832 4434 2806 4435 2832 4435 2833 4435 2806 4436 2833 4436 2834 4436 2806 4437 2834 4437 2835 4437 2806 4438 2835 4438 2739 4438 2836 4439 2773 4439 2837 4439 2836 4440 2837 4440 2838 4440 2836 4441 2838 4441 2839 4441 2836 4442 2839 4442 2840 4442 2836 4443 2840 4443 2841 4443 2836 4444 2841 4444 2842 4444 2836 4445 2842 4445 2843 4445 2836 4446 2843 4446 2844 4446 2836 4447 2844 4447 2845 4447 2836 4448 2845 4448 2846 4448 2836 4449 2846 4449 2847 4449 2836 4450 2847 4450 2848 4450 2836 4451 2848 4451 2781 4451 2836 4452 2781 4452 2849 4452 2781 4453 2848 4453 2850 4453 2781 4454 2850 4454 2851 4454 2781 4455 2851 4455 2852 4455 2781 4456 2852 4456 2853 4456 2781 4457 2853 4457 2854 4457 2781 4458 2854 4458 2855 4458 2781 4459 2855 4459 2856 4459 2781 4460 2856 4460 2857 4460 2781 4461 2857 4461 2858 4461 2781 4462 2858 4462 2859 4462 2781 4463 2859 4463 2860 4463 2781 4464 2860 4464 2861 4464 2781 4465 2861 4465 2862 4465 2781 4466 2862 4466 2863 4466 2781 4467 2863 4467 2864 4467 2781 4468 2864 4468 2865 4468 2781 4469 2865 4469 2866 4469 2781 4470 2866 4470 2782 4470 77 4471 2727 4471 2867 4471 77 4472 2867 4472 2868 4472 77 4473 2868 4473 2869 4473 77 4474 2869 4474 2814 4474 77 4475 2814 4475 2870 4475 77 4476 2870 4476 2871 4476 77 4477 2871 4477 2872 4477 77 4478 2872 4478 2873 4478 77 4479 2873 4479 2874 4479 77 4480 2874 4480 2875 4480 77 4481 2875 4481 2876 4481 77 4482 2876 4482 2877 4482 77 4483 2877 4483 2878 4483 77 4484 2878 4484 2879 4484 77 4485 2879 4485 2880 4485 77 4486 2880 4486 2881 4486 77 4487 2881 4487 2882 4487 77 4488 2882 4488 2883 4488 77 4489 2883 4489 2884 4489 77 4490 2884 4490 95 4490 2814 4491 2869 4491 2885 4491 2814 4492 2885 4492 2886 4492 2814 4493 2886 4493 2887 4493 2814 4494 2887 4494 2888 4494 2814 4495 2888 4495 2889 4495 2814 4496 2889 4496 2805 4496 95 4497 2884 4497 2890 4497 95 4498 2890 4498 2891 4498 95 4499 2891 4499 2892 4499 95 4500 2892 4500 2893 4500 95 4501 2893 4501 2894 4501 95 4502 2894 4502 2895 4502 95 4503 2895 4503 2689 4503 95 4504 2689 4504 2702 4504 95 4505 2702 4505 2896 4505 95 4506 2896 4506 2897 4506 95 4507 2897 4507 2898 4507 95 4508 2898 4508 2899 4508 95 4509 2899 4509 2900 4509 95 4510 2900 4510 2901 4510 95 4511 2901 4511 2902 4511 95 4512 2902 4512 2903 4512 95 4513 2903 4513 2904 4513 95 4514 2904 4514 2905 4514 95 4515 2905 4515 2906 4515 95 4516 2906 4516 2907 4516 2781 4517 95 4517 2907 4517 2781 4518 2907 4518 2908 4518 2781 4519 2908 4519 2909 4519 2781 4520 2909 4520 2910 4520 2781 4521 2910 4521 2911 4521 2781 4522 2911 4522 2912 4522 2781 4523 2912 4523 2913 4523 2781 4524 2913 4524 2914 4524 2781 4525 2914 4525 2849 4525 2690 4526 2689 4526 2915 4526 2690 4527 2915 4527 2916 4527 2690 4528 2916 4528 2917 4528 2690 4529 2917 4529 2918 4529 2690 4530 2918 4530 2919 4530 2690 4531 2919 4531 2920 4531 2690 4532 2920 4532 2921 4532 2690 4533 2921 4533 2910 4533 2910 4534 2921 4534 2815 4534 2910 4535 2815 4535 2922 4535 2910 4536 2922 4536 2923 4536 2910 4537 2923 4537 2924 4537 2910 4538 2924 4538 2911 4538 2815 4539 2921 4539 2925 4539 2815 4540 2925 4540 2926 4540 2815 4541 2926 4541 2927 4541 2815 4542 2927 4542 2928 4542 2815 4543 2928 4543 2929 4543 2815 4544 2929 4544 2930 4544 2815 4545 2930 4545 2877 4545 2877 4546 2876 4546 2931 4546 2877 4547 2931 4547 2932 4547 2877 4548 2932 4548 2933 4548 2877 4549 2933 4549 2934 4549 2877 4550 2934 4550 2935 4550 2877 4551 2935 4551 2936 4551 2877 4552 2936 4552 2815 4552 2815 4553 2807 4553 2937 4553 2815 4554 2937 4554 2938 4554 2815 4555 2938 4555 2939 4555 2815 4556 2939 4556 2940 4556 2815 4557 2940 4557 2941 4557 2815 4558 2941 4558 2922 4558 2773 4559 2836 4559 2942 4559 2773 4560 2942 4560 2943 4560 2773 4561 2943 4561 2944 4561 2773 4562 2944 4562 2945 4562 2773 4563 2945 4563 2946 4563 2773 4564 2946 4564 2947 4564 2739 4565 2738 4565 2948 4565 2739 4566 2948 4566 2949 4566 2739 4567 2949 4567 2950 4567 2739 4568 2950 4568 2951 4568 2739 4569 2951 4569 2952 4569 2739 4570 2952 4570 2953 4570 2739 4571 2953 4571 2773 4571 2739 4572 2773 4572 2947 4572 2739 4573 2947 4573 2954 4573 2739 4574 2954 4574 2955 4574 2739 4575 2955 4575 2956 4575 2739 4576 2956 4576 2957 4576 2739 4577 2957 4577 2958 4577 2739 4578 2958 4578 2959 4578 2739 4579 2959 4579 2806 4579 2718 4580 2676 4580 2663 4580 2718 4581 2663 4581 2960 4581 2718 4582 2960 4582 2961 4582 2718 4583 2961 4583 2962 4583 2718 4584 2962 4584 2963 4584 2718 4585 2963 4585 2964 4585 2718 4586 2964 4586 2965 4586 2718 4587 2965 4587 2966 4587 2718 4588 2966 4588 2967 4588 2718 4589 2967 4589 2968 4589 2718 4590 2968 4590 2719 4590 2718 4591 2717 4591 2969 4591 2718 4592 2969 4592 2970 4592 2718 4593 2970 4593 2971 4593 2718 4594 2971 4594 2972 4594 2718 4595 2972 4595 2973 4595 2718 4596 2973 4596 2974 4596 2718 4597 2974 4597 2975 4597 2718 4598 2975 4598 2976 4598 2718 4599 2976 4599 2977 4599 2718 4600 2977 4600 2659 4600 2718 4601 2659 4601 2688 4601 2773 4602 2953 4602 2978 4602 2773 4603 2978 4603 2979 4603 2773 4604 2979 4604 2980 4604 2773 4605 2980 4605 2981 4605 2773 4606 2981 4606 2982 4606 2773 4607 2982 4607 2760 4607 2759 4608 2793 4608 2983 4608 2759 4609 2983 4609 2984 4609 2759 4610 2984 4610 2985 4610 2759 4611 2985 4611 2986 4611 2759 4612 2986 4612 2987 4612 2759 4613 2987 4613 2736 4613 2795 4614 2759 4614 2988 4614 2795 4615 2988 4615 2989 4615 2795 4616 2989 4616 2990 4616 2795 4617 2990 4617 2991 4617 2795 4618 2991 4618 2992 4618 2795 4619 2992 4619 2993 4619 2795 4620 2993 4620 2994 4620 2795 4621 2994 4621 2995 4621 2795 4622 2995 4622 2996 4622 2795 4623 2996 4623 2997 4623 2795 4624 2997 4624 2998 4624 2999 4625 2795 4625 2998 4625 2999 4626 2998 4626 3000 4626 2999 4627 3000 4627 3001 4627 2999 4628 3001 4628 2705 4628 2999 4629 2705 4629 2704 4629 3002 4630 3003 4630 2801 4630 2801 4631 3003 4631 2802 4631 3004 4632 3005 4632 2796 4632 2796 4633 3005 4633 2797 4633 2555 4634 2242 4634 2561 4634 2561 4635 2242 4635 2241 4635 2561 4636 2241 4636 2562 4636 2562 4637 2241 4637 2240 4637 2562 4638 2240 4638 2563 4638 2563 4639 2240 4639 2239 4639 2563 4640 2239 4640 2564 4640 2564 4641 2239 4641 2238 4641 2564 4642 2238 4642 2565 4642 2565 4643 2238 4643 2237 4643 2565 4644 2237 4644 2566 4644 2566 4645 2237 4645 1981 4645 2566 4646 1981 4646 2313 4646 2242 4647 2555 4647 2210 4647 2210 4648 2555 4648 2554 4648 2210 4649 2554 4649 2211 4649 2211 4650 2554 4650 2553 4650 2211 4651 2553 4651 2212 4651 2212 4652 2553 4652 2552 4652 2212 4653 2552 4653 2213 4653 2213 4654 2552 4654 2551 4654 2213 4655 2551 4655 2214 4655 2214 4656 2551 4656 2550 4656 2214 4657 2550 4657 2215 4657 2215 4658 2550 4658 2549 4658 2215 4659 2549 4659 2216 4659 2216 4660 2549 4660 2548 4660 2216 4661 2548 4661 2217 4661 1867 4662 2702 4662 1678 4662 1678 4663 2702 4663 2701 4663 1678 4664 2701 4664 1679 4664 1679 4665 2701 4665 2700 4665 1679 4666 2700 4666 1680 4666 1680 4667 2700 4667 2699 4667 1680 4668 2699 4668 1681 4668 1681 4669 2699 4669 2698 4669 1681 4670 2698 4670 1682 4670 1682 4671 2698 4671 2697 4671 1682 4672 2697 4672 1683 4672 1683 4673 2697 4673 2696 4673 1683 4674 2696 4674 1684 4674 2702 4675 1867 4675 2896 4675 2896 4676 1867 4676 1866 4676 2896 4677 1866 4677 2897 4677 2897 4678 1866 4678 1865 4678 2897 4679 1865 4679 2898 4679 2898 4680 1865 4680 1864 4680 2898 4681 1864 4681 2899 4681 2899 4682 1864 4682 1863 4682 2899 4683 1863 4683 2900 4683 2900 4684 1863 4684 1862 4684 2900 4685 1862 4685 2901 4685 2901 4686 1862 4686 1861 4686 2901 4687 1861 4687 2902 4687 2902 4688 1861 4688 1860 4688 2902 4689 1860 4689 2903 4689 2319 4690 2139 4690 2499 4690 2499 4691 2139 4691 2138 4691 2499 4692 2138 4692 2500 4692 2500 4693 2138 4693 2221 4693 2500 4694 2221 4694 2501 4694 2501 4695 2221 4695 2220 4695 2501 4696 2220 4696 2545 4696 2545 4697 2220 4697 2219 4697 2545 4698 2219 4698 2546 4698 2546 4699 2219 4699 2218 4699 2546 4700 2218 4700 2547 4700 2547 4701 2218 4701 2217 4701 2547 4702 2217 4702 2548 4702 2139 4703 2319 4703 2140 4703 2140 4704 2319 4704 2594 4704 2140 4705 2594 4705 2243 4705 2243 4706 2594 4706 2593 4706 2243 4707 2593 4707 2244 4707 2244 4708 2593 4708 2592 4708 2244 4709 2592 4709 2245 4709 2245 4710 2592 4710 2591 4710 2245 4711 2591 4711 2246 4711 2246 4712 2591 4712 2590 4712 2246 4713 2590 4713 2247 4713 2247 4714 2590 4714 2589 4714 2247 4715 2589 4715 2248 4715 2248 4716 2589 4716 2313 4716 2248 4717 2313 4717 1981 4717 1691 4718 2909 4718 1881 4718 1881 4719 2909 4719 2908 4719 1881 4720 2908 4720 1855 4720 1855 4721 2908 4721 2907 4721 1855 4722 2907 4722 1856 4722 1856 4723 2907 4723 2906 4723 1856 4724 2906 4724 1857 4724 1857 4725 2906 4725 2905 4725 1857 4726 2905 4726 1858 4726 1858 4727 2905 4727 2904 4727 1858 4728 2904 4728 1859 4728 1859 4729 2904 4729 2903 4729 1859 4730 2903 4730 1860 4730 2909 4731 1691 4731 2910 4731 2910 4732 1691 4732 1690 4732 2910 4733 1690 4733 2690 4733 2690 4734 1690 4734 1689 4734 2690 4735 1689 4735 2691 4735 2691 4736 1689 4736 1688 4736 2691 4737 1688 4737 2692 4737 2692 4738 1688 4738 1687 4738 2692 4739 1687 4739 2693 4739 2693 4740 1687 4740 1686 4740 2693 4741 1686 4741 2694 4741 2694 4742 1686 4742 1685 4742 2694 4743 1685 4743 2695 4743 2695 4744 1685 4744 1684 4744 2695 4745 1684 4745 2696 4745 2360 4746 2023 4746 2361 4746 2361 4747 2023 4747 2022 4747 2361 4748 2022 4748 2362 4748 2362 4749 2022 4749 2021 4749 2362 4750 2021 4750 2363 4750 2363 4751 2021 4751 2020 4751 2363 4752 2020 4752 2364 4752 2364 4753 2020 4753 2019 4753 2364 4754 2019 4754 2365 4754 2365 4755 2019 4755 1980 4755 2365 4756 1980 4756 2314 4756 2314 4757 1980 4757 1982 4757 2314 4758 1982 4758 2312 4758 2023 4759 2360 4759 2024 4759 2024 4760 2360 4760 2588 4760 2024 4761 2588 4761 2249 4761 2249 4762 2588 4762 2587 4762 2249 4763 2587 4763 2250 4763 2250 4764 2587 4764 2586 4764 2250 4765 2586 4765 2251 4765 2251 4766 2586 4766 2585 4766 2251 4767 2585 4767 2252 4767 2252 4768 2585 4768 2584 4768 2252 4769 2584 4769 2253 4769 2253 4770 2584 4770 2583 4770 2253 4771 2583 4771 2254 4771 2254 4772 2583 4772 2573 4772 2254 4773 2573 4773 2230 4773 1882 4774 2920 4774 1883 4774 1883 4775 2920 4775 2919 4775 1883 4776 2919 4776 1884 4776 1884 4777 2919 4777 2918 4777 1884 4778 2918 4778 1885 4778 1885 4779 2918 4779 2917 4779 1885 4780 2917 4780 1886 4780 1886 4781 2917 4781 2916 4781 1886 4782 2916 4782 1887 4782 1887 4783 2916 4783 2915 4783 1887 4784 2915 4784 1888 4784 1888 4785 2915 4785 2689 4785 1888 4786 2689 4786 1677 4786 2920 4787 1882 4787 2921 4787 2921 4788 1882 4788 1894 4788 2921 4789 1894 4789 2925 4789 2925 4790 1894 4790 1893 4790 2925 4791 1893 4791 2926 4791 2926 4792 1893 4792 1892 4792 2926 4793 1892 4793 2927 4793 2927 4794 1892 4794 1891 4794 2927 4795 1891 4795 2928 4795 2928 4796 1891 4796 1890 4796 2928 4797 1890 4797 2929 4797 2929 4798 1890 4798 1889 4798 2929 4799 1889 4799 2930 4799 2930 4800 1889 4800 1847 4800 2930 4801 1847 4801 2877 4801 2359 4802 2236 4802 2567 4802 2567 4803 2236 4803 2235 4803 2567 4804 2235 4804 2568 4804 2568 4805 2235 4805 2234 4805 2568 4806 2234 4806 2569 4806 2569 4807 2234 4807 2233 4807 2569 4808 2233 4808 2570 4808 2570 4809 2233 4809 2232 4809 2570 4810 2232 4810 2571 4810 2571 4811 2232 4811 2231 4811 2571 4812 2231 4812 2572 4812 2572 4813 2231 4813 2230 4813 2572 4814 2230 4814 2573 4814 2236 4815 2359 4815 2013 4815 2013 4816 2359 4816 2358 4816 2013 4817 2358 4817 2014 4817 2014 4818 2358 4818 2357 4818 2014 4819 2357 4819 2015 4819 2015 4820 2357 4820 2356 4820 2015 4821 2356 4821 2016 4821 2016 4822 2356 4822 2355 4822 2016 4823 2355 4823 2017 4823 2017 4824 2355 4824 2354 4824 2017 4825 2354 4825 2018 4825 2018 4826 2354 4826 2315 4826 2018 4827 2315 4827 1983 4827 1983 4828 2315 4828 2312 4828 1983 4829 2312 4829 1982 4829 1840 4830 2883 4830 1841 4830 1841 4831 2883 4831 2882 4831 1841 4832 2882 4832 1842 4832 1842 4833 2882 4833 2881 4833 1842 4834 2881 4834 1843 4834 1843 4835 2881 4835 2880 4835 1843 4836 2880 4836 1844 4836 1844 4837 2880 4837 2879 4837 1844 4838 2879 4838 1845 4838 1845 4839 2879 4839 2878 4839 1845 4840 2878 4840 1846 4840 1846 4841 2878 4841 2877 4841 1846 4842 2877 4842 1847 4842 2883 4843 1840 4843 2884 4843 2884 4844 1840 4844 1873 4844 2884 4845 1873 4845 2890 4845 2890 4846 1873 4846 1872 4846 2890 4847 1872 4847 2891 4847 2891 4848 1872 4848 1871 4848 2891 4849 1871 4849 2892 4849 2892 4850 1871 4850 1870 4850 2892 4851 1870 4851 2893 4851 2893 4852 1870 4852 1869 4852 2893 4853 1869 4853 2894 4853 2894 4854 1869 4854 1868 4854 2894 4855 1868 4855 2895 4855 2895 4856 1868 4856 1677 4856 2895 4857 1677 4857 2689 4857 3006 4858 3007 4858 3008 4858 3008 4859 3007 4859 3009 4859 3008 4860 3009 4860 3010 4860 3010 4861 3009 4861 3011 4861 3010 4862 3011 4862 3012 4862 3012 4863 3011 4863 3013 4863 3012 4864 3013 4864 3014 4864 3014 4865 3013 4865 3015 4865 3014 4866 3015 4866 3016 4866 3016 4867 3015 4867 3017 4867 3016 4868 3017 4868 3018 4868 3018 4869 3017 4869 3019 4869 3018 4870 3019 4870 3020 4870 3020 4871 3019 4871 3021 4871 3020 4872 3021 4872 3022 4872 3022 4873 3021 4873 3023 4873 3022 4874 3023 4874 3024 4874 3024 4875 3023 4875 3025 4875 3024 4876 3025 4876 3026 4876 3026 4877 3025 4877 3027 4877 3026 4878 3027 4878 3028 4878 3028 4879 3027 4879 3029 4879 3028 4880 3029 4880 3030 4880 3030 4881 3029 4881 3031 4881 3030 4882 3031 4882 3032 4882 3032 4883 3031 4883 3033 4883 3032 4884 3033 4884 3034 4884 3034 4885 3033 4885 3035 4885 3034 4886 3035 4886 3036 4886 3036 4887 3035 4887 3037 4887 3036 4888 3037 4888 3038 4888 3038 4889 3037 4889 3039 4889 3038 4890 3039 4890 3040 4890 3040 4891 3039 4891 3041 4891 3040 4892 3041 4892 3042 4892 3042 4893 3041 4893 3043 4893 3042 4894 3043 4894 3044 4894 3044 4895 3043 4895 3045 4895 3044 4896 3045 4896 3046 4896 3046 4897 3045 4897 3047 4897 3046 4898 3047 4898 3048 4898 3048 4899 3047 4899 3049 4899 3048 4900 3049 4900 3050 4900 3050 4901 3049 4901 3051 4901 3052 4902 3053 4902 3054 4902 3055 4903 3056 4903 3057 4903 3058 4904 3059 4904 3060 4904 3061 4905 3062 4905 3063 4905 3061 4906 3063 4906 3064 4906 3065 4907 3064 4907 3066 4907 3066 4908 3064 4908 3067 4908 3067 4909 3064 4909 3068 4909 3068 4910 3064 4910 3069 4910 3007 4911 3070 4911 3071 4911 3007 4912 3071 4912 3072 4912 3007 4913 3072 4913 3073 4913 3007 4914 3073 4914 3074 4914 3007 4915 3074 4915 3075 4915 3007 4916 3075 4916 3009 4916 3051 4917 3049 4917 3076 4917 3051 4918 3076 4918 3077 4918 3051 4919 3077 4919 3078 4919 3051 4920 3078 4920 3079 4920 3051 4921 3079 4921 3080 4921 3051 4922 3080 4922 3081 4922 3082 4923 3083 4923 3084 4923 3082 4924 3084 4924 3085 4924 3082 4925 3085 4925 3086 4925 3082 4926 3086 4926 3087 4926 3082 4927 3087 4927 3088 4927 3082 4928 3088 4928 3089 4928 3090 4929 3091 4929 3092 4929 3090 4930 3092 4930 3093 4930 3090 4931 3093 4931 3094 4931 3090 4932 3094 4932 3095 4932 3090 4933 3095 4933 3096 4933 3090 4934 3096 4934 3097 4934 3098 4935 3099 4935 3100 4935 3098 4936 3100 4936 3101 4936 3098 4937 3101 4937 3102 4937 3098 4938 3102 4938 3103 4938 3098 4939 3103 4939 3104 4939 3098 4940 3104 4940 3105 4940 3098 4941 3105 4941 3106 4941 3098 4942 3106 4942 3107 4942 3098 4943 3107 4943 3108 4943 3098 4944 3108 4944 3109 4944 3098 4945 3109 4945 3110 4945 3098 4946 3110 4946 3111 4946 3098 4947 3111 4947 3112 4947 3098 4948 3112 4948 3113 4948 3098 4949 3113 4949 3114 4949 3098 4950 3114 4950 1763 4950 3098 4951 1763 4951 3115 4951 3098 4952 3115 4952 3116 4952 3098 4953 3116 4953 3117 4953 3098 4954 3117 4954 3118 4954 3098 4955 3118 4955 3119 4955 3098 4956 3119 4956 3120 4956 3098 4957 3120 4957 3121 4957 3098 4958 3121 4958 3122 4958 3098 4959 3122 4959 3123 4959 3098 4960 3123 4960 3124 4960 3098 4961 3124 4961 3125 4961 3098 4962 3125 4962 3126 4962 3098 4963 3126 4963 3057 4963 3098 4964 3057 4964 3056 4964 3098 4965 3056 4965 3127 4965 3098 4966 3127 4966 3128 4966 3098 4967 3128 4967 3129 4967 3098 4968 3129 4968 3130 4968 3098 4969 3130 4969 3131 4969 3098 4970 3131 4970 3132 4970 3098 4971 3132 4971 3133 4971 3098 4972 3133 4972 3134 4972 3098 4973 3134 4973 3135 4973 3098 4974 3135 4974 3136 4974 3098 4975 3136 4975 3137 4975 3098 4976 3137 4976 3138 4976 3098 4977 3138 4977 3139 4977 3098 4978 3139 4978 3140 4978 3141 4979 3142 4979 3143 4979 3141 4980 3143 4980 3144 4980 3141 4981 3144 4981 3145 4981 3141 4982 3145 4982 3146 4982 3141 4983 3146 4983 3147 4983 3141 4984 3147 4984 3148 4984 3141 4985 3148 4985 3149 4985 3141 4986 3149 4986 3150 4986 3141 4987 3150 4987 3151 4987 3141 4988 3151 4988 3152 4988 3141 4989 3152 4989 3153 4989 3141 4990 3153 4990 3058 4990 3141 4991 3058 4991 3060 4991 2136 4992 3154 4992 3155 4992 2136 4993 3155 4993 2353 4993 2136 4994 2353 4994 2352 4994 2136 4995 2352 4995 3156 4995 2136 4996 3156 4996 2350 4996 2136 4997 2350 4997 2349 4997 2136 4998 2349 4998 3157 4998 2136 4999 3157 4999 2124 4999 1763 5000 1765 5000 3158 5000 1763 5001 3158 5001 3003 5001 1763 5002 3003 5002 3002 5002 1763 5003 3002 5003 3159 5003 1763 5004 3159 5004 3005 5004 1763 5005 3005 5005 3004 5005 1763 5006 3004 5006 3115 5006 3158 5007 1765 5007 3160 5007 3158 5008 3160 5008 3161 5008 3158 5009 3161 5009 3162 5009 3158 5010 3162 5010 3163 5010 3158 5011 3163 5011 3164 5011 3158 5012 3164 5012 3165 5012 3158 5013 3165 5013 3166 5013 3158 5014 3166 5014 3167 5014 3158 5015 3167 5015 3168 5015 3158 5016 3168 5016 3169 5016 3158 5017 3169 5017 3170 5017 3158 5018 3170 5018 3171 5018 3158 5019 3171 5019 3172 5019 3158 5020 3172 5020 3173 5020 3158 5021 3173 5021 3174 5021 3158 5022 3174 5022 3175 5022 3158 5023 3175 5023 3176 5023 3177 5024 3076 5024 3049 5024 3177 5025 3049 5025 3047 5025 3177 5026 3047 5026 3045 5026 3177 5027 3045 5027 3043 5027 3177 5028 3043 5028 3041 5028 3177 5029 3041 5029 3039 5029 3177 5030 3039 5030 3037 5030 3177 5031 3037 5031 3035 5031 3177 5032 3035 5032 3033 5032 3177 5033 3033 5033 3031 5033 3177 5034 3031 5034 3029 5034 3177 5035 3029 5035 3027 5035 3177 5036 3027 5036 3025 5036 3177 5037 3025 5037 3023 5037 3177 5038 3023 5038 3021 5038 3177 5039 3021 5039 3019 5039 3177 5040 3019 5040 3017 5040 3177 5041 3017 5041 3015 5041 3177 5042 3015 5042 3013 5042 3177 5043 3013 5043 3011 5043 3177 5044 3011 5044 3009 5044 3177 5045 3009 5045 3075 5045 3178 5046 3092 5046 3091 5046 3178 5047 3091 5047 3179 5047 3178 5048 3179 5048 3180 5048 3178 5049 3180 5049 3181 5049 3178 5050 3181 5050 3182 5050 3178 5051 3182 5051 3183 5051 3178 5052 3183 5052 3184 5052 3178 5053 3184 5053 3185 5053 3178 5054 3185 5054 3186 5054 3178 5055 3186 5055 3187 5055 3178 5056 3187 5056 3188 5056 3178 5057 3188 5057 3189 5057 3178 5058 3189 5058 3190 5058 3178 5059 3190 5059 3056 5059 3178 5060 3056 5060 3055 5060 3191 5061 3052 5061 3054 5061 3191 5062 3054 5062 3192 5062 3191 5063 3192 5063 3193 5063 3191 5064 3193 5064 3194 5064 3191 5065 3194 5065 3195 5065 3191 5066 3195 5066 3196 5066 3191 5067 3196 5067 3197 5067 3191 5068 3197 5068 3198 5068 3191 5069 3198 5069 3199 5069 3191 5070 3199 5070 3200 5070 3191 5071 3200 5071 3201 5071 3191 5072 3201 5072 3202 5072 3191 5073 3202 5073 3203 5073 3191 5074 3203 5074 3089 5074 3191 5075 3089 5075 3088 5075 3155 5076 3154 5076 3204 5076 3155 5077 3204 5077 3205 5077 3155 5078 3205 5078 3206 5078 3155 5079 3206 5079 3207 5079 3155 5080 3207 5080 3208 5080 3155 5081 3208 5081 3209 5081 3155 5082 3209 5082 3210 5082 3155 5083 3210 5083 3211 5083 3155 5084 3211 5084 3212 5084 3155 5085 3212 5085 3213 5085 3155 5086 3213 5086 3214 5086 3155 5087 3214 5087 3215 5087 3155 5088 3215 5088 3216 5088 3155 5089 3216 5089 3217 5089 3155 5090 3217 5090 3218 5090 3155 5091 3218 5091 3219 5091 3220 5092 3143 5092 3142 5092 3220 5093 3142 5093 3221 5093 3220 5094 3221 5094 3222 5094 3223 5095 3220 5095 3222 5095 3223 5096 3222 5096 3224 5096 3223 5097 3224 5097 3225 5097 3223 5098 3225 5098 3139 5098 3223 5099 3139 5099 3138 5099 3219 5100 3098 5100 3140 5100 3219 5101 3140 5101 3226 5101 3219 5102 3226 5102 3227 5102 3219 5103 3227 5103 3228 5103 3219 5104 3228 5104 3229 5104 3219 5105 3229 5105 3230 5105 3219 5106 3230 5106 3231 5106 3219 5107 3231 5107 3155 5107 3232 5108 3233 5108 3234 5108 3232 5109 3234 5109 3235 5109 3232 5110 3235 5110 3236 5110 3232 5111 3236 5111 3237 5111 3232 5112 3237 5112 3238 5112 3232 5113 3238 5113 3239 5113 3233 5114 3232 5114 3240 5114 3233 5115 3240 5115 3241 5115 3233 5116 3241 5116 3242 5116 3233 5117 3242 5117 3243 5117 3233 5118 3243 5118 3244 5118 3233 5119 3244 5119 3245 5119 3233 5120 3245 5120 3246 5120 3233 5121 3246 5121 3247 5121 3233 5122 3247 5122 3248 5122 3249 5123 3250 5123 3251 5123 3249 5124 3251 5124 3252 5124 3249 5125 3252 5125 3253 5125 3249 5126 3253 5126 3254 5126 3249 5127 3254 5127 3234 5127 3233 5128 3255 5128 3256 5128 3233 5129 3256 5129 3257 5129 3233 5130 3257 5130 3258 5130 3233 5131 3258 5131 3259 5131 3233 5132 3259 5132 3260 5132 3233 5133 3260 5133 3261 5133 3233 5134 3261 5134 3262 5134 3233 5135 3262 5135 3263 5135 3233 5136 3263 5136 3249 5136 3233 5137 3249 5137 3234 5137 3157 5138 3264 5138 3265 5138 3157 5139 3265 5139 3266 5139 3157 5140 3266 5140 3267 5140 3157 5141 3267 5141 3268 5141 3157 5142 3268 5142 3269 5142 3157 5143 3269 5143 3270 5143 3157 5144 3270 5144 3271 5144 3157 5145 3271 5145 3272 5145 3157 5146 3272 5146 3273 5146 3157 5147 3273 5147 3274 5147 3157 5148 3274 5148 3275 5148 3157 5149 3275 5149 3276 5149 3157 5150 3276 5150 3277 5150 3157 5151 3277 5151 3278 5151 3157 5152 3278 5152 3279 5152 3157 5153 3279 5153 3280 5153 3157 5154 3280 5154 3281 5154 3157 5155 3281 5155 2124 5155 3176 5156 3282 5156 3283 5156 3176 5157 3283 5157 3284 5157 3176 5158 3284 5158 3285 5158 3176 5159 3285 5159 3286 5159 3176 5160 3286 5160 3287 5160 3176 5161 3287 5161 3288 5161 3176 5162 3288 5162 3289 5162 3176 5163 3289 5163 3290 5163 3176 5164 3290 5164 3291 5164 3176 5165 3291 5165 3292 5165 3176 5166 3292 5166 3054 5166 3176 5167 3054 5167 3053 5167 3176 5168 3053 5168 3293 5168 3176 5169 3293 5169 3294 5169 3176 5170 3294 5170 3295 5170 3176 5171 3295 5171 3296 5171 3176 5172 3296 5172 3297 5172 3176 5173 3297 5173 3298 5173 3176 5174 3298 5174 3299 5174 3176 5175 3299 5175 3300 5175 3176 5176 3300 5176 3301 5176 3176 5177 3301 5177 3302 5177 3176 5178 3302 5178 3303 5178 3176 5179 3303 5179 3158 5179 3304 5180 3305 5180 3306 5180 3304 5181 3306 5181 3307 5181 3304 5182 3307 5182 3308 5182 3309 5183 3310 5183 3311 5183 3309 5184 3311 5184 3312 5184 3309 5185 3312 5185 3313 5185 3309 5186 3313 5186 3305 5186 3309 5187 3305 5187 3304 5187 3265 5188 3264 5188 3314 5188 3265 5189 3314 5189 3315 5189 3265 5190 3315 5190 3316 5190 3265 5191 3316 5191 3317 5191 3265 5192 3317 5192 3318 5192 3265 5193 3318 5193 3310 5193 3265 5194 3310 5194 3309 5194 3265 5195 3309 5195 3282 5195 3265 5196 3282 5196 3176 5196 3319 5197 3320 5197 3063 5197 3063 5198 3320 5198 3321 5198 3063 5199 3321 5199 3064 5199 3064 5200 3321 5200 3322 5200 3064 5201 3322 5201 3069 5201 3152 5202 3151 5202 3323 5202 3323 5203 3151 5203 3324 5203 3323 5204 3324 5204 3325 5204 3325 5205 3324 5205 3326 5205 3325 5206 3326 5206 3327 5206 3327 5207 3326 5207 3328 5207 3327 5208 3328 5208 3329 5208 3329 5209 3328 5209 3330 5209 3329 5210 3330 5210 3331 5210 3071 5211 3070 5211 3332 5211 3332 5212 3070 5212 3333 5212 3332 5213 3333 5213 3334 5213 3334 5214 3333 5214 3335 5214 3335 5215 3333 5215 3336 5215 3335 5216 3336 5216 3337 5216 3337 5217 3336 5217 3338 5217 3337 5218 3338 5218 3339 5218 3339 5219 3338 5219 3340 5219 3339 5220 3340 5220 3341 5220 3341 5221 3340 5221 3342 5221 3341 5222 3342 5222 3343 5222 3343 5223 3342 5223 3344 5223 3343 5224 3344 5224 3345 5224 3345 5225 3344 5225 3346 5225 3345 5226 3346 5226 3159 5226 3159 5227 3346 5227 3005 5227 3097 5228 3096 5228 3347 5228 3347 5229 3096 5229 3348 5229 3347 5230 3348 5230 3349 5230 3347 5231 3349 5231 3350 5231 3350 5232 3349 5232 3351 5232 3350 5233 3351 5233 3352 5233 3352 5234 3351 5234 3353 5234 3352 5235 3353 5235 3354 5235 3354 5236 3353 5236 3355 5236 3354 5237 3355 5237 3356 5237 3356 5238 3355 5238 3357 5238 3356 5239 3357 5239 3358 5239 3358 5240 3357 5240 3359 5240 3358 5241 3359 5241 3360 5241 3360 5242 3359 5242 3361 5242 3360 5243 3361 5243 3004 5243 3004 5244 3361 5244 3115 5244 3084 5245 3083 5245 3362 5245 3362 5246 3083 5246 3363 5246 3362 5247 3363 5247 3364 5247 3364 5248 3363 5248 3365 5248 3365 5249 3363 5249 3366 5249 3365 5250 3366 5250 3367 5250 3367 5251 3366 5251 3368 5251 3367 5252 3368 5252 3369 5252 3369 5253 3368 5253 3370 5253 3369 5254 3370 5254 3371 5254 3371 5255 3370 5255 3372 5255 3371 5256 3372 5256 3373 5256 3373 5257 3372 5257 3374 5257 3373 5258 3374 5258 3375 5258 3375 5259 3374 5259 3376 5259 3375 5260 3376 5260 3158 5260 3158 5261 3376 5261 3003 5261 3081 5262 3080 5262 3377 5262 3377 5263 3080 5263 3378 5263 3377 5264 3378 5264 3379 5264 3377 5265 3379 5265 3380 5265 3380 5266 3379 5266 3381 5266 3380 5267 3381 5267 3382 5267 3382 5268 3381 5268 3383 5268 3382 5269 3383 5269 3384 5269 3384 5270 3383 5270 3385 5270 3384 5271 3385 5271 3386 5271 3386 5272 3385 5272 3387 5272 3386 5273 3387 5273 3388 5273 3388 5274 3387 5274 3389 5274 3388 5275 3389 5275 3390 5275 3390 5276 3389 5276 3391 5276 3390 5277 3391 5277 3002 5277 3002 5278 3391 5278 3159 5278 2353 5279 3155 5279 3392 5279 3392 5280 3155 5280 3393 5280 3392 5281 3393 5281 3394 5281 3394 5282 3393 5282 3395 5282 3394 5283 3395 5283 3396 5283 3396 5284 3395 5284 3397 5284 3396 5285 3397 5285 3398 5285 3398 5286 3397 5286 3399 5286 3398 5287 3399 5287 3400 5287 3400 5288 3399 5288 3401 5288 3400 5289 3401 5289 3402 5289 3402 5290 3401 5290 3403 5290 3402 5291 3403 5291 3404 5291 3404 5292 3403 5292 3405 5292 3404 5293 3405 5293 3406 5293 3406 5294 3405 5294 3407 5294 3406 5295 3407 5295 3408 5295 3406 5296 3408 5296 3409 5296 3409 5297 3408 5297 3410 5297 3409 5298 3410 5298 3058 5298 3058 5299 3410 5299 3411 5299 3058 5300 3411 5300 3059 5300 3156 5301 2352 5301 3412 5301 3412 5302 2352 5302 3413 5302 3412 5303 3413 5303 3414 5303 3414 5304 3413 5304 3415 5304 3414 5305 3415 5305 3416 5305 3416 5306 3415 5306 3417 5306 3416 5307 3417 5307 3418 5307 3418 5308 3417 5308 3419 5308 3418 5309 3419 5309 3420 5309 3420 5310 3419 5310 3421 5310 3420 5311 3421 5311 3422 5311 3422 5312 3421 5312 3423 5312 3422 5313 3423 5313 3424 5313 3424 5314 3423 5314 3425 5314 3424 5315 3425 5315 3426 5315 3426 5316 3425 5316 3427 5316 3426 5317 3427 5317 3428 5317 3239 5318 3238 5318 3427 5318 3427 5319 3238 5319 3428 5319 2350 5320 3156 5320 3429 5320 3429 5321 3156 5321 3430 5321 3429 5322 3430 5322 3431 5322 3431 5323 3430 5323 3432 5323 3431 5324 3432 5324 3433 5324 3433 5325 3432 5325 3434 5325 3433 5326 3434 5326 3435 5326 3435 5327 3434 5327 3436 5327 3435 5328 3436 5328 3437 5328 3437 5329 3436 5329 3438 5329 3437 5330 3438 5330 3439 5330 3439 5331 3438 5331 3440 5331 3439 5332 3440 5332 3441 5332 3441 5333 3440 5333 3442 5333 3441 5334 3442 5334 3443 5334 3443 5335 3442 5335 3444 5335 3443 5336 3444 5336 3445 5336 3445 5337 3251 5337 3443 5337 3443 5338 3251 5338 3250 5338 3157 5339 2349 5339 3446 5339 3446 5340 2349 5340 3447 5340 3446 5341 3447 5341 3448 5341 3448 5342 3447 5342 3449 5342 3448 5343 3449 5343 3450 5343 3450 5344 3449 5344 3451 5344 3450 5345 3451 5345 3452 5345 3452 5346 3451 5346 3453 5346 3452 5347 3453 5347 3454 5347 3454 5348 3453 5348 3455 5348 3454 5349 3455 5349 3456 5349 3456 5350 3455 5350 3457 5350 3456 5351 3457 5351 3458 5351 3458 5352 3457 5352 3459 5352 3458 5353 3459 5353 3460 5353 3460 5354 3459 5354 3461 5354 3460 5355 3461 5355 3462 5355 3462 5356 3461 5356 3463 5356 3463 5357 3461 5357 3464 5357 3463 5358 3464 5358 3465 5358 3465 5359 3464 5359 3063 5359 3465 5360 3063 5360 3062 5360 3321 5361 3320 5361 3466 5361 3466 5362 3320 5362 3467 5362 3466 5363 3467 5363 3468 5363 3468 5364 3467 5364 3469 5364 3468 5365 3469 5365 3470 5365 3470 5366 3469 5366 3471 5366 3470 5367 3471 5367 3472 5367 3472 5368 3471 5368 3473 5368 3472 5369 3473 5369 3474 5369 3308 5370 3307 5370 3475 5370 3475 5371 3307 5371 3064 5371 3475 5372 3064 5372 3065 5372 2797 5373 3476 5373 2798 5373 3477 5374 3478 5374 3048 5374 2800 5375 3479 5375 2801 5375 3006 5376 3480 5376 3481 5376 3006 5377 3481 5377 3482 5377 3006 5378 3482 5378 3483 5378 3006 5379 3483 5379 3484 5379 3006 5380 3484 5380 3485 5380 3050 5381 3486 5381 3487 5381 3050 5382 3487 5382 3488 5382 3050 5383 3488 5383 3489 5383 3050 5384 3489 5384 3490 5384 3050 5385 3490 5385 3477 5385 3050 5386 3477 5386 3048 5386 3008 5387 3010 5387 3046 5387 3008 5388 3046 5388 3048 5388 3008 5389 3048 5389 3478 5389 3008 5390 3478 5390 3480 5390 3008 5391 3480 5391 3006 5391 3028 5392 3030 5392 3026 5392 3026 5393 3030 5393 3032 5393 3026 5394 3032 5394 3024 5394 3024 5395 3032 5395 3034 5395 3024 5396 3034 5396 3022 5396 3022 5397 3034 5397 3036 5397 3022 5398 3036 5398 3020 5398 3020 5399 3036 5399 3038 5399 3020 5400 3038 5400 3018 5400 3018 5401 3038 5401 3040 5401 3018 5402 3040 5402 3016 5402 3016 5403 3040 5403 3042 5403 3016 5404 3042 5404 3014 5404 3014 5405 3042 5405 3044 5405 3014 5406 3044 5406 3012 5406 3012 5407 3044 5407 3046 5407 3012 5408 3046 5408 3010 5408 3491 5409 3492 5409 3493 5409 3493 5410 3492 5410 3485 5410 3493 5411 3485 5411 3484 5411 3494 5412 3495 5412 3496 5412 3496 5413 3495 5413 3497 5413 3496 5414 3497 5414 3498 5414 3498 5415 3497 5415 3492 5415 3498 5416 3492 5416 3491 5416 3495 5417 3494 5417 3499 5417 3499 5418 3494 5418 3500 5418 3499 5419 3500 5419 3501 5419 3501 5420 3500 5420 3502 5420 3501 5421 3502 5421 3503 5421 3503 5422 3502 5422 3504 5422 3503 5423 3504 5423 3476 5423 3476 5424 3504 5424 2799 5424 3476 5425 2799 5425 2798 5425 3505 5426 3506 5426 3507 5426 3507 5427 3506 5427 3487 5427 3507 5428 3487 5428 3486 5428 3508 5429 3509 5429 3510 5429 3510 5430 3509 5430 3511 5430 3510 5431 3511 5431 3512 5431 3512 5432 3511 5432 3505 5432 3512 5433 3505 5433 3507 5433 3509 5434 3508 5434 3513 5434 3513 5435 3508 5435 3514 5435 3513 5436 3514 5436 3515 5436 3515 5437 3514 5437 3516 5437 3515 5438 3516 5438 3517 5438 3517 5439 3516 5439 3479 5439 3517 5440 3479 5440 3518 5440 3518 5441 3479 5441 2800 5441 3518 5442 2800 5442 2799 5442 3340 5443 3501 5443 3342 5443 3342 5444 3501 5444 3503 5444 3342 5445 3503 5445 3344 5445 3344 5446 3503 5446 3476 5446 3344 5447 3476 5447 3346 5447 3346 5448 3476 5448 2797 5448 3346 5449 2797 5449 3005 5449 3501 5450 3340 5450 3499 5450 3499 5451 3340 5451 3338 5451 3499 5452 3338 5452 3495 5452 3495 5453 3338 5453 3336 5453 3495 5454 3336 5454 3497 5454 3497 5455 3336 5455 3333 5455 3497 5456 3333 5456 3492 5456 3492 5457 3333 5457 3070 5457 3492 5458 3070 5458 3485 5458 3485 5459 3070 5459 3007 5459 3485 5460 3007 5460 3006 5460 3382 5461 3512 5461 3380 5461 3380 5462 3512 5462 3507 5462 3380 5463 3507 5463 3377 5463 3377 5464 3507 5464 3486 5464 3377 5465 3486 5465 3081 5465 3081 5466 3486 5466 3050 5466 3081 5467 3050 5467 3051 5467 3512 5468 3382 5468 3510 5468 3510 5469 3382 5469 3384 5469 3510 5470 3384 5470 3508 5470 3508 5471 3384 5471 3386 5471 3508 5472 3386 5472 3514 5472 3514 5473 3386 5473 3388 5473 3514 5474 3388 5474 3516 5474 3516 5475 3388 5475 3390 5475 3516 5476 3390 5476 3479 5476 3479 5477 3390 5477 3002 5477 3479 5478 3002 5478 2801 5478 3519 5479 3250 5479 3520 5479 3520 5480 3250 5480 3249 5480 3520 5481 3249 5481 3521 5481 3521 5482 3249 5482 3263 5482 3521 5483 3263 5483 3522 5483 3522 5484 3263 5484 3262 5484 3522 5485 3262 5485 3523 5485 3523 5486 3262 5486 3261 5486 3523 5487 3261 5487 3524 5487 3524 5488 3261 5488 3260 5488 3524 5489 3260 5489 3525 5489 3525 5490 3260 5490 3259 5490 3525 5491 3259 5491 3526 5491 3526 5492 3259 5492 3258 5492 3526 5493 3258 5493 3527 5493 3527 5494 3258 5494 3257 5494 3527 5495 3257 5495 3528 5495 3528 5496 3257 5496 3256 5496 3528 5497 3256 5497 3529 5497 3529 5498 3256 5498 3255 5498 3529 5499 3255 5499 3530 5499 3530 5500 3255 5500 3233 5500 3530 5501 3233 5501 3531 5501 3531 5502 3233 5502 3248 5502 3531 5503 3248 5503 3532 5503 3532 5504 3248 5504 3247 5504 3532 5505 3247 5505 3533 5505 3533 5506 3247 5506 3246 5506 3533 5507 3246 5507 3534 5507 3534 5508 3246 5508 3245 5508 3534 5509 3245 5509 3535 5509 3535 5510 3245 5510 3244 5510 3535 5511 3244 5511 3536 5511 3536 5512 3244 5512 3243 5512 3536 5513 3243 5513 3537 5513 3537 5514 3243 5514 3242 5514 3537 5515 3242 5515 3538 5515 3538 5516 3242 5516 3241 5516 3538 5517 3241 5517 3539 5517 3539 5518 3241 5518 3240 5518 3539 5519 3240 5519 3540 5519 3540 5520 3240 5520 3232 5520 3540 5521 3232 5521 3541 5521 3541 5522 3232 5522 3239 5522 2643 5523 3542 5523 2644 5523 3543 5524 2642 5524 2641 5524 3543 5525 2641 5525 2348 5525 3543 5526 2348 5526 3544 5526 3543 5527 3544 5527 3545 5527 3543 5528 3545 5528 3546 5528 3520 5529 3521 5529 3539 5529 3520 5530 3539 5530 3540 5530 3520 5531 3540 5531 3547 5531 3520 5532 3547 5532 3548 5532 3520 5533 3548 5533 3549 5533 3520 5534 3549 5534 3550 5534 3520 5535 3550 5535 3551 5535 3520 5536 3551 5536 3519 5536 3540 5537 3541 5537 3552 5537 3540 5538 3552 5538 3553 5538 3540 5539 3553 5539 3554 5539 3540 5540 3554 5540 3555 5540 3540 5541 3555 5541 3547 5541 3556 5542 3557 5542 3558 5542 3558 5543 3557 5543 3559 5543 3558 5544 3559 5544 3560 5544 3560 5545 3559 5545 3561 5545 3560 5546 3561 5546 3562 5546 3562 5547 3561 5547 3563 5547 3562 5548 3563 5548 3564 5548 3564 5549 3563 5549 3565 5549 3564 5550 3565 5550 3566 5550 3566 5551 3565 5551 3567 5551 3566 5552 3567 5552 3568 5552 3568 5553 3567 5553 3546 5553 3568 5554 3546 5554 3545 5554 3556 5555 3558 5555 3551 5555 3551 5556 3558 5556 3519 5556 3530 5557 3531 5557 3529 5557 3529 5558 3531 5558 3532 5558 3529 5559 3532 5559 3528 5559 3528 5560 3532 5560 3533 5560 3528 5561 3533 5561 3527 5561 3527 5562 3533 5562 3534 5562 3527 5563 3534 5563 3526 5563 3526 5564 3534 5564 3535 5564 3526 5565 3535 5565 3525 5565 3525 5566 3535 5566 3536 5566 3525 5567 3536 5567 3524 5567 3524 5568 3536 5568 3537 5568 3524 5569 3537 5569 3523 5569 3523 5570 3537 5570 3538 5570 3523 5571 3538 5571 3522 5571 3522 5572 3538 5572 3539 5572 3522 5573 3539 5573 3521 5573 3569 5574 3570 5574 3571 5574 3571 5575 3570 5575 3572 5575 3571 5576 3572 5576 3573 5576 3573 5577 3572 5577 3574 5577 3573 5578 3574 5578 3575 5578 3575 5579 3574 5579 3576 5579 3575 5580 3576 5580 3577 5580 3577 5581 3576 5581 3578 5581 3577 5582 3578 5582 3579 5582 3579 5583 3578 5583 3580 5583 3579 5584 3580 5584 3581 5584 3581 5585 3580 5585 3582 5585 3581 5586 3582 5586 3583 5586 3583 5587 3582 5587 3542 5587 3583 5588 3542 5588 3584 5588 3584 5589 3542 5589 2643 5589 3584 5590 2643 5590 2642 5590 3541 5591 3570 5591 3552 5591 3552 5592 3570 5592 3569 5592 3435 5593 3568 5593 3433 5593 3433 5594 3568 5594 3545 5594 3433 5595 3545 5595 3431 5595 3431 5596 3545 5596 3544 5596 3431 5597 3544 5597 3429 5597 3429 5598 3544 5598 2348 5598 3429 5599 2348 5599 2350 5599 3568 5600 3435 5600 3566 5600 3566 5601 3435 5601 3437 5601 3566 5602 3437 5602 3564 5602 3564 5603 3437 5603 3439 5603 3564 5604 3439 5604 3562 5604 3562 5605 3439 5605 3441 5605 3562 5606 3441 5606 3560 5606 3560 5607 3441 5607 3443 5607 3560 5608 3443 5608 3558 5608 3558 5609 3443 5609 3250 5609 3558 5610 3250 5610 3519 5610 3421 5611 3574 5611 3423 5611 3423 5612 3574 5612 3572 5612 3423 5613 3572 5613 3425 5613 3425 5614 3572 5614 3570 5614 3425 5615 3570 5615 3427 5615 3427 5616 3570 5616 3541 5616 3427 5617 3541 5617 3239 5617 3574 5618 3421 5618 3576 5618 3576 5619 3421 5619 3419 5619 3576 5620 3419 5620 3578 5620 3578 5621 3419 5621 3417 5621 3578 5622 3417 5622 3580 5622 3580 5623 3417 5623 3415 5623 3580 5624 3415 5624 3582 5624 3582 5625 3415 5625 3413 5625 3582 5626 3413 5626 3542 5626 3542 5627 3413 5627 2352 5627 3542 5628 2352 5628 2644 5628 3585 5629 3323 5629 3586 5629 3586 5630 3323 5630 3325 5630 3586 5631 3325 5631 3587 5631 3587 5632 3325 5632 3327 5632 3587 5633 3327 5633 3588 5633 3588 5634 3327 5634 3329 5634 3588 5635 3329 5635 3589 5635 3589 5636 3329 5636 3331 5636 3589 5637 3331 5637 3590 5637 3591 5638 3592 5638 3593 5638 3592 5639 3594 5639 3593 5639 3595 5640 3593 5640 3594 5640 3594 5641 3596 5641 3595 5641 3597 5642 3595 5642 3596 5642 3596 5643 3598 5643 3597 5643 3599 5644 3597 5644 3598 5644 3330 5645 3592 5645 3591 5645 3330 5646 3591 5646 3590 5646 3330 5647 3590 5647 3331 5647 3600 5648 3409 5648 3601 5648 3601 5649 3409 5649 3058 5649 3601 5650 3058 5650 3602 5650 3602 5651 3058 5651 3153 5651 3602 5652 3153 5652 3585 5652 3585 5653 3153 5653 3152 5653 3585 5654 3152 5654 3323 5654 3603 5655 3604 5655 3605 5655 3605 5656 3604 5656 3606 5656 3606 5657 3604 5657 3607 5657 3607 5658 3604 5658 3608 5658 3609 5659 3610 5659 3611 5659 3609 5660 3611 5660 3612 5660 3609 5661 3612 5661 3613 5661 3609 5662 3613 5662 3614 5662 3612 5663 3611 5663 3615 5663 3612 5664 3615 5664 3616 5664 3612 5665 3616 5665 3617 5665 3612 5666 3617 5666 3618 5666 3612 5667 3618 5667 3619 5667 3612 5668 3619 5668 3604 5668 3612 5669 3604 5669 3603 5669 3138 5670 3137 5670 3136 5670 3138 5671 3136 5671 3604 5671 3604 5672 3136 5672 3620 5672 3604 5673 3620 5673 3608 5673 3621 5674 3622 5674 3623 5674 3624 5675 3625 5675 3626 5675 3622 5676 3627 5676 3623 5676 3623 5677 3627 5677 3610 5677 3623 5678 3610 5678 3609 5678 3622 5679 3621 5679 3628 5679 3628 5680 3621 5680 3624 5680 3628 5681 3624 5681 3626 5681 3629 5682 3630 5682 3631 5682 3631 5683 3630 5683 3632 5683 3631 5684 3632 5684 3633 5684 3633 5685 3632 5685 3625 5685 3633 5686 3625 5686 3624 5686 2475 5687 3629 5687 2468 5687 2468 5688 3629 5688 3631 5688 3634 5689 3635 5689 3636 5689 3634 5690 3637 5690 3635 5690 3638 5691 2474 5691 2645 5691 3638 5692 2645 5692 2351 5692 3638 5693 2351 5693 3639 5693 3638 5694 3639 5694 3640 5694 3638 5695 3640 5695 3641 5695 3601 5696 3634 5696 3642 5696 3601 5697 3642 5697 3643 5697 3601 5698 3643 5698 3644 5698 3601 5699 3644 5699 3645 5699 3601 5700 3645 5700 3600 5700 3646 5701 3647 5701 3602 5701 3646 5702 3602 5702 3585 5702 3646 5703 3585 5703 3586 5703 3646 5704 3586 5704 3587 5704 3646 5705 3587 5705 3648 5705 3649 5706 3637 5706 3634 5706 3649 5707 3634 5707 3601 5707 3649 5708 3601 5708 3602 5708 3649 5709 3602 5709 3647 5709 3650 5710 3651 5710 3652 5710 3650 5711 3652 5711 3653 5711 3650 5712 3653 5712 3634 5712 3650 5713 3634 5713 3636 5713 3654 5714 3655 5714 3656 5714 3654 5715 3656 5715 3657 5715 3654 5716 3657 5716 3651 5716 3654 5717 3651 5717 3650 5717 3658 5718 3659 5718 3660 5718 3658 5719 3660 5719 3655 5719 3658 5720 3655 5720 3654 5720 3610 5721 3627 5721 3661 5721 3610 5722 3661 5722 3659 5722 3610 5723 3659 5723 3658 5723 3610 5724 3658 5724 3662 5724 3610 5725 3662 5725 3663 5725 3610 5726 3663 5726 3664 5726 3610 5727 3664 5727 3611 5727 3665 5728 3666 5728 3667 5728 3667 5729 3666 5729 3668 5729 3667 5730 3668 5730 3669 5730 3669 5731 3668 5731 3670 5731 3669 5732 3670 5732 3671 5732 3671 5733 3670 5733 3672 5733 3671 5734 3672 5734 3673 5734 3673 5735 3672 5735 3674 5735 3673 5736 3674 5736 3675 5736 3675 5737 3674 5737 3676 5737 3675 5738 3676 5738 3677 5738 3677 5739 3676 5739 3641 5739 3677 5740 3641 5740 3640 5740 3665 5741 3667 5741 3645 5741 3645 5742 3667 5742 3600 5742 2475 5743 2474 5743 3629 5743 3629 5744 2474 5744 3678 5744 3629 5745 3678 5745 3630 5745 3630 5746 3678 5746 3679 5746 3630 5747 3679 5747 3632 5747 3632 5748 3679 5748 3680 5748 3632 5749 3680 5749 3625 5749 3625 5750 3680 5750 3681 5750 3625 5751 3681 5751 3626 5751 3626 5752 3681 5752 3622 5752 3626 5753 3622 5753 3628 5753 3622 5754 3681 5754 3627 5754 3627 5755 3681 5755 3661 5755 3589 5756 3682 5756 3588 5756 3588 5757 3682 5757 3648 5757 3588 5758 3648 5758 3587 5758 3682 5759 3589 5759 3683 5759 3683 5760 3589 5760 3590 5760 3683 5761 3590 5761 3684 5761 3684 5762 3590 5762 3591 5762 3684 5763 3591 5763 3685 5763 3686 5764 3687 5764 3593 5764 3593 5765 3687 5765 3685 5765 3593 5766 3685 5766 3591 5766 3597 5767 3599 5767 3595 5767 3595 5768 3599 5768 3686 5768 3595 5769 3686 5769 3593 5769 3688 5770 3328 5770 3326 5770 3328 5771 3688 5771 3330 5771 3689 5772 3151 5772 3150 5772 3690 5773 3149 5773 3148 5773 3691 5774 3684 5774 3685 5774 3692 5775 3646 5775 3648 5775 3648 5776 3693 5776 3692 5776 3694 5777 3693 5777 3648 5777 3663 5778 3695 5778 3696 5778 3650 5779 3636 5779 3697 5779 3689 5780 3698 5780 3151 5780 3699 5781 3149 5781 3690 5781 3144 5782 3143 5782 3700 5782 3145 5783 3144 5783 3700 5783 3701 5784 3699 5784 3702 5784 3703 5785 3699 5785 3701 5785 3704 5786 3703 5786 3701 5786 3705 5787 3703 5787 3704 5787 3706 5788 3705 5788 3704 5788 3707 5789 3705 5789 3706 5789 3708 5790 3707 5790 3706 5790 3594 5791 3707 5791 3708 5791 3596 5792 3594 5792 3708 5792 3709 5793 3710 5793 3711 5793 3711 5794 3712 5794 3709 5794 3712 5795 3711 5795 3713 5795 3713 5796 3714 5796 3712 5796 3714 5797 3713 5797 3715 5797 3715 5798 3716 5798 3714 5798 3716 5799 3715 5799 3717 5799 3717 5800 3718 5800 3716 5800 3719 5801 3718 5801 3717 5801 3720 5802 3718 5802 3719 5802 3721 5803 3720 5803 3719 5803 3722 5804 3720 5804 3721 5804 3723 5805 3722 5805 3721 5805 3724 5806 3722 5806 3723 5806 3725 5807 3724 5807 3723 5807 3726 5808 3724 5808 3725 5808 3727 5809 3728 5809 3729 5809 3728 5810 3727 5810 3730 5810 3730 5811 3731 5811 3728 5811 3731 5812 3730 5812 3732 5812 3732 5813 3733 5813 3731 5813 3733 5814 3732 5814 3734 5814 3734 5815 3735 5815 3733 5815 3735 5816 3734 5816 3736 5816 3736 5817 3737 5817 3735 5817 3692 5818 3737 5818 3736 5818 3693 5819 3737 5819 3692 5819 3648 5820 3682 5820 3694 5820 3738 5821 3691 5821 3685 5821 3738 5822 3685 5822 3687 5822 3738 5823 3687 5823 3686 5823 3738 5824 3686 5824 3599 5824 3738 5825 3599 5825 3598 5825 3738 5826 3598 5826 3726 5826 3738 5827 3726 5827 3725 5827 3738 5828 3725 5828 3691 5828 3324 5829 3739 5829 3326 5829 3326 5830 3739 5830 3740 5830 3326 5831 3740 5831 3688 5831 3688 5832 3740 5832 3592 5832 3688 5833 3592 5833 3330 5833 3592 5834 3740 5834 3741 5834 3741 5835 3740 5835 3739 5835 3741 5836 3739 5836 3698 5836 3698 5837 3739 5837 3324 5837 3698 5838 3324 5838 3151 5838 3149 5839 3699 5839 3150 5839 3150 5840 3699 5840 3703 5840 3150 5841 3703 5841 3689 5841 3689 5842 3703 5842 3705 5842 3689 5843 3705 5843 3698 5843 3698 5844 3705 5844 3707 5844 3698 5845 3707 5845 3741 5845 3741 5846 3707 5846 3594 5846 3741 5847 3594 5847 3592 5847 3699 5848 3690 5848 3702 5848 3702 5849 3690 5849 3148 5849 3702 5850 3148 5850 3742 5850 3709 5851 3618 5851 3710 5851 3618 5852 3709 5852 3619 5852 3619 5853 3709 5853 3743 5853 3619 5854 3743 5854 3604 5854 3604 5855 3743 5855 3223 5855 3604 5856 3223 5856 3138 5856 3637 5857 3734 5857 3635 5857 3635 5858 3734 5858 3697 5858 3635 5859 3697 5859 3636 5859 3663 5860 3696 5860 3664 5860 3664 5861 3696 5861 3615 5861 3664 5862 3615 5862 3611 5862 3663 5863 3662 5863 3695 5863 3695 5864 3662 5864 3658 5864 3695 5865 3658 5865 3744 5865 3658 5866 3654 5866 3744 5866 3744 5867 3654 5867 3650 5867 3744 5868 3650 5868 3697 5868 3223 5869 3743 5869 3220 5869 3220 5870 3743 5870 3700 5870 3220 5871 3700 5871 3143 5871 3148 5872 3147 5872 3742 5872 3742 5873 3147 5873 3146 5873 3742 5874 3146 5874 3745 5874 3745 5875 3146 5875 3145 5875 3745 5876 3145 5876 3700 5876 3718 5877 3742 5877 3716 5877 3716 5878 3742 5878 3745 5878 3716 5879 3745 5879 3714 5879 3714 5880 3745 5880 3700 5880 3714 5881 3700 5881 3712 5881 3712 5882 3700 5882 3743 5882 3712 5883 3743 5883 3709 5883 3742 5884 3718 5884 3702 5884 3702 5885 3718 5885 3720 5885 3702 5886 3720 5886 3701 5886 3701 5887 3720 5887 3722 5887 3701 5888 3722 5888 3704 5888 3704 5889 3722 5889 3724 5889 3704 5890 3724 5890 3706 5890 3706 5891 3724 5891 3726 5891 3706 5892 3726 5892 3708 5892 3708 5893 3726 5893 3598 5893 3708 5894 3598 5894 3596 5894 3733 5895 3713 5895 3731 5895 3731 5896 3713 5896 3711 5896 3731 5897 3711 5897 3728 5897 3728 5898 3711 5898 3710 5898 3728 5899 3710 5899 3729 5899 3729 5900 3710 5900 3618 5900 3729 5901 3618 5901 3617 5901 3713 5902 3733 5902 3715 5902 3715 5903 3733 5903 3735 5903 3715 5904 3735 5904 3717 5904 3717 5905 3735 5905 3737 5905 3717 5906 3737 5906 3719 5906 3719 5907 3737 5907 3693 5907 3719 5908 3693 5908 3721 5908 3721 5909 3693 5909 3694 5909 3721 5910 3694 5910 3723 5910 3723 5911 3694 5911 3691 5911 3723 5912 3691 5912 3725 5912 3727 5913 3729 5913 3746 5913 3746 5914 3729 5914 3617 5914 3746 5915 3617 5915 3616 5915 3682 5916 3683 5916 3694 5916 3694 5917 3683 5917 3684 5917 3694 5918 3684 5918 3691 5918 3734 5919 3732 5919 3697 5919 3697 5920 3732 5920 3730 5920 3697 5921 3730 5921 3744 5921 3744 5922 3730 5922 3727 5922 3744 5923 3727 5923 3695 5923 3695 5924 3727 5924 3746 5924 3695 5925 3746 5925 3696 5925 3696 5926 3746 5926 3616 5926 3696 5927 3616 5927 3615 5927 3646 5928 3692 5928 3647 5928 3647 5929 3692 5929 3736 5929 3647 5930 3736 5930 3649 5930 3649 5931 3736 5931 3734 5931 3649 5932 3734 5932 3637 5932 1997 5933 1996 5933 3747 5933 1997 5934 3747 5934 3748 5934 2431 5935 2430 5935 3749 5935 2431 5936 3749 5936 3750 5936 2204 5937 2203 5937 3751 5937 2204 5938 3751 5938 3752 5938 2430 5939 2366 5939 3753 5939 2430 5940 3753 5940 3749 5940 2340 5941 2339 5941 3754 5941 2340 5942 3754 5942 3755 5942 2438 5943 2437 5943 3756 5943 2438 5944 3756 5944 3757 5944 2106 5945 2105 5945 3758 5945 2106 5946 3758 5946 3759 5946 2538 5947 2537 5947 3760 5947 2538 5948 3760 5948 3761 5948 2034 5949 2110 5949 3762 5949 2034 5950 3762 5950 3763 5950 2107 5951 2106 5951 3759 5951 2107 5952 3759 5952 3764 5952 2010 5953 2011 5953 3765 5953 2010 5954 3765 5954 3766 5954 2331 5955 2332 5955 3767 5955 2331 5956 3767 5956 3768 5956 2207 5957 2206 5957 3769 5957 2207 5958 3769 5958 3770 5958 2317 5959 1984 5959 3771 5959 2317 5960 3771 5960 3772 5960 2433 5961 2432 5961 3773 5961 2433 5962 3773 5962 3774 5962 2199 5963 2198 5963 3775 5963 2199 5964 3775 5964 3776 5964 2342 5965 2341 5965 3777 5965 2342 5966 3777 5966 3778 5966 2539 5967 2538 5967 3761 5967 2539 5968 3761 5968 3779 5968 2333 5969 2334 5969 3780 5969 2333 5970 3780 5970 3781 5970 2347 5971 2346 5971 3782 5971 2347 5972 3782 5972 3783 5972 2531 5973 2322 5973 3784 5973 2531 5974 3784 5974 3785 5974 2325 5975 2326 5975 3786 5975 2325 5976 3786 5976 3787 5976 2339 5977 2338 5977 3788 5977 2339 5978 3788 5978 3754 5978 2540 5979 2539 5979 3779 5979 2540 5980 3779 5980 3789 5980 2209 5981 2208 5981 3790 5981 2209 5982 3790 5982 3791 5982 2318 5983 2317 5983 3772 5983 2318 5984 3772 5984 3792 5984 2330 5985 2331 5985 3768 5985 2330 5986 3768 5986 3793 5986 1984 5987 2317 5987 1985 5987 1985 5988 2317 5988 2442 5988 1985 5989 2442 5989 2098 5989 2098 5990 2442 5990 2441 5990 2098 5991 2441 5991 2099 5991 2099 5992 2441 5992 2440 5992 2099 5993 2440 5993 2100 5993 2100 5994 2440 5994 2439 5994 2100 5995 2439 5995 2101 5995 2532 5996 2531 5996 3785 5996 2532 5997 3785 5997 3794 5997 2201 5998 2200 5998 3795 5998 2201 5999 3795 5999 3796 5999 2002 6000 2003 6000 3797 6000 2002 6001 3797 6001 3798 6001 2008 6002 2009 6002 3799 6002 2008 6003 3799 6003 3800 6003 2346 6004 2345 6004 3801 6004 2346 6005 3801 6005 3782 6005 2322 6006 2324 6006 3802 6006 2322 6007 3802 6007 3784 6007 2338 6008 2337 6008 3803 6008 2338 6009 3803 6009 3788 6009 2341 6010 2340 6010 3755 6010 2341 6011 3755 6011 3777 6011 1984 6012 2001 6012 3804 6012 1984 6013 3804 6013 3771 6013 2345 6014 2344 6014 3805 6014 2345 6015 3805 6015 3801 6015 1993 6016 1992 6016 3806 6016 1993 6017 3806 6017 3807 6017 2329 6018 2330 6018 3793 6018 2329 6019 3793 6019 3808 6019 2337 6020 2336 6020 3809 6020 2337 6021 3809 6021 3803 6021 2544 6022 2543 6022 3810 6022 2544 6023 3810 6023 3811 6023 1995 6024 1994 6024 3812 6024 1995 6025 3812 6025 3813 6025 2328 6026 2329 6026 3808 6026 2328 6027 3808 6027 3814 6027 2536 6028 2535 6028 3815 6028 2536 6029 3815 6029 3816 6029 1989 6030 2209 6030 3791 6030 1989 6031 3791 6031 3817 6031 2005 6032 2006 6032 3818 6032 2005 6033 3818 6033 3819 6033 2108 6034 2107 6034 3764 6034 2108 6035 3764 6035 3820 6035 3398 6036 3677 6036 3396 6036 3396 6037 3677 6037 3640 6037 3396 6038 3640 6038 3394 6038 3394 6039 3640 6039 3639 6039 3394 6040 3639 6040 3392 6040 3392 6041 3639 6041 2351 6041 3392 6042 2351 6042 2353 6042 3677 6043 3398 6043 3675 6043 3675 6044 3398 6044 3400 6044 3675 6045 3400 6045 3673 6045 3673 6046 3400 6046 3402 6046 3673 6047 3402 6047 3671 6047 3671 6048 3402 6048 3404 6048 3671 6049 3404 6049 3669 6049 3669 6050 3404 6050 3406 6050 3669 6051 3406 6051 3667 6051 3667 6052 3406 6052 3409 6052 3667 6053 3409 6053 3600 6053 3821 6054 3822 6054 3823 6054 3823 6055 3822 6055 3824 6055 3823 6056 3824 6056 3825 6056 3825 6057 3824 6057 3826 6057 3825 6058 3826 6058 3827 6058 3827 6059 3826 6059 3828 6059 3827 6060 3828 6060 3829 6060 3830 6061 3831 6061 3474 6061 3474 6062 3473 6062 3830 6062 3832 6063 3830 6063 3473 6063 3473 6064 3471 6064 3832 6064 3833 6065 3832 6065 3471 6065 3471 6066 3469 6066 3833 6066 3834 6067 3833 6067 3469 6067 3469 6068 3467 6068 3834 6068 3835 6069 3834 6069 3467 6069 3472 6070 3474 6070 3831 6070 3472 6071 3831 6071 3829 6071 3472 6072 3829 6072 3828 6072 3464 6073 3836 6073 3063 6073 3063 6074 3836 6074 3837 6074 3063 6075 3837 6075 3319 6075 3319 6076 3837 6076 3838 6076 3319 6077 3838 6077 3320 6077 3320 6078 3838 6078 3835 6078 3320 6079 3835 6079 3467 6079 3839 6080 3840 6080 3827 6080 3841 6081 3842 6081 3843 6081 3844 6082 3842 6082 3841 6082 3845 6083 2640 6083 2639 6083 3846 6084 3847 6084 3833 6084 3846 6085 3833 6085 3834 6085 3846 6086 3834 6086 3835 6086 3846 6087 3835 6087 3838 6087 3846 6088 3838 6088 3848 6088 3849 6089 3848 6089 3838 6089 3849 6090 3838 6090 3837 6090 3849 6091 3837 6091 3842 6091 3849 6092 3842 6092 3844 6092 3850 6093 3843 6093 3842 6093 3850 6094 3842 6094 3851 6094 3850 6095 3851 6095 3852 6095 3850 6096 3852 6096 3853 6096 3854 6097 3850 6097 3853 6097 3854 6098 3853 6098 3855 6098 3854 6099 3855 6099 3856 6099 3854 6100 3856 6100 3857 6100 3858 6101 3854 6101 3857 6101 3858 6102 3857 6102 3859 6102 3858 6103 3859 6103 3860 6103 3861 6104 3862 6104 3863 6104 3861 6105 3863 6105 3864 6105 3861 6106 3864 6106 3865 6106 3861 6107 3865 6107 3858 6107 3861 6108 3858 6108 3860 6108 3861 6109 3860 6109 3866 6109 3861 6110 3866 6110 3867 6110 3837 6111 3836 6111 3868 6111 3837 6112 3868 6112 3869 6112 3837 6113 3869 6113 3870 6113 3837 6114 3870 6114 3871 6114 3837 6115 3871 6115 3842 6115 3872 6116 3873 6116 3829 6116 3829 6117 3873 6117 3839 6117 3829 6118 3839 6118 3827 6118 3823 6119 3825 6119 3821 6119 3821 6120 3825 6120 3827 6120 3821 6121 3827 6121 3840 6121 2395 6122 3874 6122 2638 6122 2638 6123 3874 6123 3875 6123 2638 6124 3875 6124 3876 6124 3876 6125 3875 6125 3877 6125 3876 6126 3877 6126 3878 6126 3878 6127 3877 6127 3879 6127 3878 6128 3879 6128 3880 6128 3880 6129 3879 6129 3881 6129 3880 6130 3881 6130 3882 6130 3882 6131 3881 6131 3883 6131 3882 6132 3883 6132 3884 6132 3866 6133 3882 6133 3867 6133 3867 6134 3882 6134 3884 6134 3829 6135 3831 6135 3872 6135 3872 6136 3831 6136 3830 6136 3872 6137 3830 6137 3885 6137 3885 6138 3830 6138 3832 6138 3885 6139 3832 6139 3886 6139 3886 6140 3832 6140 3833 6140 3886 6141 3833 6141 3847 6141 3887 6142 3888 6142 3889 6142 3889 6143 3888 6143 3890 6143 3889 6144 3890 6144 3891 6144 3891 6145 3890 6145 3892 6145 3891 6146 3892 6146 3893 6146 3893 6147 3892 6147 3894 6147 3893 6148 3894 6148 3895 6148 3895 6149 3894 6149 3896 6149 3895 6150 3896 6150 3897 6150 3897 6151 3896 6151 3898 6151 3897 6152 3898 6152 3899 6152 3899 6153 3898 6153 3900 6153 3899 6154 3900 6154 3901 6154 3901 6155 3900 6155 3845 6155 3901 6156 3845 6156 3902 6156 3902 6157 3845 6157 2639 6157 3902 6158 2639 6158 2638 6158 3836 6159 3888 6159 3868 6159 3868 6160 3888 6160 3887 6160 3455 6161 3892 6161 3457 6161 3457 6162 3892 6162 3890 6162 3457 6163 3890 6163 3459 6163 3459 6164 3890 6164 3888 6164 3459 6165 3888 6165 3461 6165 3461 6166 3888 6166 3836 6166 3461 6167 3836 6167 3464 6167 3892 6168 3455 6168 3894 6168 3894 6169 3455 6169 3453 6169 3894 6170 3453 6170 3896 6170 3896 6171 3453 6171 3451 6171 3896 6172 3451 6172 3898 6172 3898 6173 3451 6173 3449 6173 3898 6174 3449 6174 3900 6174 3900 6175 3449 6175 3447 6175 3900 6176 3447 6176 3845 6176 3845 6177 3447 6177 2349 6177 3845 6178 2349 6178 2640 6178 3903 6179 3904 6179 3905 6179 3905 6180 3904 6180 3906 6180 3906 6181 3904 6181 3907 6181 3907 6182 3904 6182 3908 6182 3909 6183 3910 6183 3911 6183 3909 6184 3911 6184 3862 6184 3909 6185 3862 6185 3861 6185 3909 6186 3861 6186 3912 6186 3862 6187 3911 6187 3913 6187 3862 6188 3913 6188 3914 6188 3862 6189 3914 6189 3915 6189 3862 6190 3915 6190 3916 6190 3862 6191 3916 6191 3917 6191 3862 6192 3917 6192 3904 6192 3862 6193 3904 6193 3903 6193 3283 6194 3282 6194 3904 6194 3904 6195 3282 6195 3918 6195 3904 6196 3918 6196 3908 6196 3875 6197 3919 6197 3920 6197 3877 6198 3875 6198 3920 6198 3877 6199 3920 6199 3921 6199 3877 6200 3921 6200 3879 6200 3875 6201 3874 6201 3919 6201 3919 6202 3874 6202 2395 6202 3919 6203 2395 6203 2394 6203 3884 6204 3883 6204 3922 6204 3922 6205 3883 6205 3881 6205 3922 6206 3881 6206 3923 6206 3923 6207 3881 6207 3879 6207 3923 6208 3879 6208 3921 6208 3922 6209 3924 6209 3884 6209 3884 6210 3924 6210 3867 6210 3924 6211 3912 6211 3867 6211 3867 6212 3912 6212 3861 6212 3840 6213 3925 6213 3821 6213 3925 6214 3822 6214 3821 6214 3466 6215 3926 6215 3321 6215 3069 6216 3927 6216 3068 6216 3309 6217 3304 6217 3928 6217 3929 6218 3822 6218 3925 6218 3847 6219 3846 6219 3930 6219 3850 6220 3931 6220 3843 6220 3932 6221 3865 6221 3864 6221 3864 6222 3933 6222 3932 6222 3926 6223 3466 6223 3468 6223 3927 6224 3069 6224 3934 6224 3935 6225 3936 6225 3937 6225 3936 6226 3935 6226 3938 6226 3938 6227 3939 6227 3936 6227 3939 6228 3938 6228 3940 6228 3940 6229 3934 6229 3939 6229 3934 6230 3940 6230 3941 6230 3928 6231 3304 6231 3308 6231 3942 6232 3943 6232 3929 6232 3943 6233 3942 6233 3944 6233 3944 6234 3945 6234 3943 6234 3945 6235 3944 6235 3946 6235 3946 6236 3947 6236 3945 6236 3947 6237 3946 6237 3948 6237 3948 6238 3949 6238 3947 6238 3950 6239 3949 6239 3948 6239 3951 6240 3949 6240 3950 6240 3952 6241 3951 6241 3950 6241 3953 6242 3951 6242 3952 6242 3954 6243 3953 6243 3952 6243 3955 6244 3953 6244 3954 6244 3956 6245 3955 6245 3954 6245 3957 6246 3955 6246 3956 6246 3958 6247 3957 6247 3956 6247 3907 6248 3908 6248 3958 6248 3839 6249 3925 6249 3840 6249 3886 6250 3959 6250 3885 6250 3960 6251 3930 6251 3961 6251 3961 6252 3962 6252 3960 6252 3963 6253 3962 6253 3961 6253 3964 6254 3962 6254 3963 6254 3965 6255 3964 6255 3963 6255 3966 6256 3964 6256 3965 6256 3967 6257 3966 6257 3965 6257 3968 6258 3966 6258 3967 6258 3969 6259 3968 6259 3967 6259 3970 6260 3968 6260 3969 6260 3971 6261 3970 6261 3969 6261 3906 6262 3970 6262 3971 6262 3905 6263 3906 6263 3971 6263 3841 6264 3963 6264 3844 6264 3963 6265 3841 6265 3965 6265 3472 6266 3828 6266 3972 6266 3472 6267 3972 6267 3973 6267 3472 6268 3973 6268 3470 6268 3974 6269 3959 6269 3886 6269 3974 6270 3886 6270 3847 6270 3974 6271 3847 6271 3930 6271 3974 6272 3930 6272 3960 6272 3470 6273 3973 6273 3468 6273 3468 6274 3973 6274 3972 6274 3468 6275 3972 6275 3926 6275 3926 6276 3972 6276 3975 6276 3926 6277 3975 6277 3976 6277 3322 6278 3321 6278 3977 6278 3977 6279 3321 6279 3926 6279 3977 6280 3926 6280 3976 6280 3069 6281 3322 6281 3934 6281 3934 6282 3322 6282 3977 6282 3934 6283 3977 6283 3939 6283 3939 6284 3977 6284 3976 6284 3939 6285 3976 6285 3936 6285 3936 6286 3976 6286 3975 6286 3936 6287 3975 6287 3937 6287 3937 6288 3975 6288 3826 6288 3826 6289 3975 6289 3972 6289 3826 6290 3972 6290 3828 6290 3958 6291 3908 6291 3957 6291 3957 6292 3908 6292 3918 6292 3957 6293 3918 6293 3928 6293 3928 6294 3918 6294 3282 6294 3928 6295 3282 6295 3309 6295 3978 6296 3965 6296 3931 6296 3931 6297 3965 6297 3841 6297 3931 6298 3841 6298 3843 6298 3965 6299 3978 6299 3967 6299 3967 6300 3978 6300 3932 6300 3967 6301 3932 6301 3969 6301 3969 6302 3932 6302 3933 6302 3969 6303 3933 6303 3971 6303 3971 6304 3933 6304 3903 6304 3971 6305 3903 6305 3905 6305 3865 6306 3932 6306 3858 6306 3858 6307 3932 6307 3978 6307 3858 6308 3978 6308 3854 6308 3854 6309 3978 6309 3931 6309 3854 6310 3931 6310 3850 6310 3864 6311 3863 6311 3933 6311 3933 6312 3863 6312 3862 6312 3933 6313 3862 6313 3903 6313 3935 6314 3937 6314 3979 6314 3979 6315 3937 6315 3826 6315 3979 6316 3826 6316 3824 6316 3934 6317 3941 6317 3927 6317 3927 6318 3941 6318 3980 6318 3927 6319 3980 6319 3068 6319 3068 6320 3980 6320 3981 6320 3068 6321 3981 6321 3067 6321 3067 6322 3981 6322 3066 6322 3066 6323 3981 6323 3982 6323 3066 6324 3982 6324 3065 6324 3065 6325 3982 6325 3475 6325 3475 6326 3982 6326 3928 6326 3475 6327 3928 6327 3308 6327 3947 6328 3938 6328 3945 6328 3945 6329 3938 6329 3935 6329 3945 6330 3935 6330 3943 6330 3943 6331 3935 6331 3979 6331 3943 6332 3979 6332 3929 6332 3929 6333 3979 6333 3824 6333 3929 6334 3824 6334 3822 6334 3938 6335 3947 6335 3940 6335 3940 6336 3947 6336 3949 6336 3940 6337 3949 6337 3941 6337 3941 6338 3949 6338 3951 6338 3941 6339 3951 6339 3980 6339 3980 6340 3951 6340 3953 6340 3980 6341 3953 6341 3981 6341 3981 6342 3953 6342 3955 6342 3981 6343 3955 6343 3982 6343 3982 6344 3955 6344 3957 6344 3982 6345 3957 6345 3928 6345 3929 6346 3925 6346 3942 6346 3942 6347 3925 6347 3839 6347 3942 6348 3839 6348 3873 6348 3873 6349 3983 6349 3942 6349 3942 6350 3983 6350 3959 6350 3942 6351 3959 6351 3944 6351 3944 6352 3959 6352 3974 6352 3944 6353 3974 6353 3946 6353 3946 6354 3974 6354 3960 6354 3946 6355 3960 6355 3948 6355 3948 6356 3960 6356 3962 6356 3948 6357 3962 6357 3950 6357 3950 6358 3962 6358 3964 6358 3950 6359 3964 6359 3952 6359 3952 6360 3964 6360 3966 6360 3952 6361 3966 6361 3954 6361 3954 6362 3966 6362 3968 6362 3954 6363 3968 6363 3956 6363 3956 6364 3968 6364 3970 6364 3956 6365 3970 6365 3958 6365 3958 6366 3970 6366 3906 6366 3958 6367 3906 6367 3907 6367 3873 6368 3872 6368 3983 6368 3983 6369 3872 6369 3885 6369 3983 6370 3885 6370 3959 6370 3846 6371 3848 6371 3930 6371 3930 6372 3848 6372 3849 6372 3930 6373 3849 6373 3961 6373 3961 6374 3849 6374 3844 6374 3961 6375 3844 6375 3963 6375 3984 6376 3201 6376 3985 6376 3985 6377 3201 6377 3200 6377 3985 6378 3200 6378 3986 6378 3986 6379 3200 6379 3199 6379 3986 6380 3199 6380 3987 6380 3987 6381 3199 6381 3198 6381 3987 6382 3198 6382 3988 6382 3988 6383 3198 6383 3197 6383 3988 6384 3197 6384 3989 6384 3990 6385 3991 6385 3992 6385 3991 6386 3993 6386 3992 6386 3994 6387 3992 6387 3993 6387 3993 6388 3995 6388 3994 6388 3996 6389 3994 6389 3995 6389 3995 6390 3997 6390 3996 6390 3998 6391 3996 6391 3997 6391 3196 6392 3991 6392 3990 6392 3196 6393 3990 6393 3989 6393 3196 6394 3989 6394 3197 6394 3999 6395 3082 6395 4000 6395 4000 6396 3082 6396 3089 6396 4000 6397 3089 6397 4001 6397 4001 6398 3089 6398 3203 6398 4001 6399 3203 6399 3984 6399 3984 6400 3203 6400 3202 6400 3984 6401 3202 6401 3201 6401 4002 6402 4003 6402 4004 6402 4005 6403 4006 6403 4007 6403 4005 6404 4007 6404 4004 6404 4005 6405 4004 6405 4003 6405 4008 6406 4009 6406 4010 6406 4010 6407 4009 6407 4011 6407 4010 6408 4011 6408 4012 6408 4012 6409 4011 6409 4013 6409 4012 6410 4013 6410 4014 6410 4014 6411 4013 6411 3910 6411 4014 6412 3910 6412 3909 6412 4008 6413 4010 6413 4006 6413 4006 6414 4010 6414 4007 6414 4003 6415 4002 6415 4015 6415 4015 6416 4002 6416 2780 6416 4015 6417 2780 6417 2794 6417 4000 6418 4016 6418 4017 6418 2802 6419 4018 6419 2803 6419 3985 6420 3986 6420 4019 6420 4000 6421 4001 6421 4016 6421 4006 6422 4020 6422 4008 6422 3999 6423 4000 6423 4017 6423 3999 6424 4017 6424 4021 6424 3999 6425 4021 6425 4022 6425 3999 6426 4022 6426 4023 6426 3999 6427 4023 6427 4024 6427 3999 6428 4024 6428 4025 6428 3910 6429 4013 6429 4026 6429 3910 6430 4026 6430 4027 6430 3910 6431 4027 6431 4028 6431 3910 6432 4028 6432 4029 6432 3910 6433 4029 6433 4030 6433 3910 6434 4030 6434 4031 6434 3910 6435 4031 6435 4032 6435 3910 6436 4032 6436 4019 6436 3910 6437 4019 6437 3986 6437 3910 6438 3986 6438 3987 6438 3910 6439 3987 6439 3988 6439 3910 6440 3988 6440 3989 6440 3910 6441 3989 6441 3990 6441 3910 6442 3990 6442 4033 6442 3910 6443 4033 6443 4034 6443 3910 6444 4034 6444 4035 6444 3910 6445 4035 6445 4036 6445 3910 6446 4036 6446 4037 6446 3910 6447 4037 6447 4038 6447 3910 6448 4038 6448 4039 6448 3910 6449 4039 6449 4040 6449 3910 6450 4040 6450 4041 6450 3910 6451 4041 6451 4042 6451 3910 6452 4042 6452 4043 6452 3910 6453 4043 6453 4044 6453 3910 6454 4044 6454 4045 6454 3910 6455 4045 6455 4046 6455 3910 6456 4046 6456 4047 6456 3910 6457 4047 6457 4048 6457 3910 6458 4048 6458 3911 6458 4049 6459 4016 6459 4001 6459 4049 6460 4001 6460 3984 6460 4049 6461 3984 6461 3985 6461 4049 6462 3985 6462 4019 6462 3990 6463 3992 6463 4050 6463 3990 6464 4050 6464 4051 6464 3990 6465 4051 6465 4052 6465 3990 6466 4052 6466 4033 6466 4053 6467 4054 6467 4055 6467 4055 6468 4054 6468 4025 6468 4055 6469 4025 6469 4024 6469 4056 6470 4057 6470 4058 6470 4058 6471 4057 6471 4059 6471 4058 6472 4059 6472 4060 6472 4060 6473 4059 6473 4054 6473 4060 6474 4054 6474 4053 6474 4057 6475 4056 6475 4061 6475 4061 6476 4056 6476 4062 6476 4061 6477 4062 6477 4063 6477 4063 6478 4062 6478 4064 6478 4063 6479 4064 6479 4065 6479 4065 6480 4064 6480 4066 6480 4065 6481 4066 6481 4018 6481 4018 6482 4066 6482 2804 6482 4018 6483 2804 6483 2803 6483 4008 6484 4020 6484 4009 6484 4009 6485 4020 6485 4067 6485 4009 6486 4067 6486 4011 6486 4011 6487 4067 6487 4026 6487 4011 6488 4026 6488 4013 6488 2794 6489 2804 6489 4015 6489 4015 6490 2804 6490 4068 6490 4015 6491 4068 6491 4003 6491 4003 6492 4068 6492 4069 6492 4003 6493 4069 6493 4005 6493 4005 6494 4069 6494 4020 6494 4005 6495 4020 6495 4006 6495 4050 6496 3992 6496 3998 6496 3998 6497 3992 6497 3994 6497 3998 6498 3994 6498 3996 6498 4070 6499 3195 6499 3194 6499 3195 6500 4070 6500 3196 6500 4071 6501 3192 6501 3054 6501 4072 6502 3292 6502 3291 6502 4073 6503 4033 6503 4052 6503 4074 6504 4037 6504 4036 6504 4036 6505 4075 6505 4074 6505 4076 6506 4075 6506 4036 6506 4047 6507 4077 6507 4078 6507 4043 6508 4042 6508 4079 6508 4071 6509 4080 6509 3192 6509 4081 6510 3292 6510 4072 6510 3287 6511 3286 6511 4082 6511 3288 6512 3287 6512 4082 6512 4083 6513 4081 6513 4084 6513 4085 6514 4081 6514 4083 6514 4086 6515 4085 6515 4083 6515 4087 6516 4085 6516 4086 6516 4088 6517 4087 6517 4086 6517 4089 6518 4087 6518 4088 6518 4090 6519 4089 6519 4088 6519 3993 6520 4089 6520 4090 6520 3995 6521 3993 6521 4090 6521 4091 6522 4092 6522 4093 6522 4093 6523 4094 6523 4091 6523 4094 6524 4093 6524 4095 6524 4095 6525 4096 6525 4094 6525 4096 6526 4095 6526 4097 6526 4097 6527 4098 6527 4096 6527 4098 6528 4097 6528 4099 6528 4099 6529 4100 6529 4098 6529 4101 6530 4100 6530 4099 6530 4102 6531 4100 6531 4101 6531 4103 6532 4102 6532 4101 6532 4104 6533 4102 6533 4103 6533 4105 6534 4104 6534 4103 6534 4106 6535 4104 6535 4105 6535 4107 6536 4106 6536 4105 6536 4108 6537 4106 6537 4107 6537 4109 6538 4110 6538 4111 6538 4110 6539 4109 6539 4112 6539 4112 6540 4113 6540 4110 6540 4113 6541 4112 6541 4114 6541 4114 6542 4115 6542 4113 6542 4115 6543 4114 6543 4116 6543 4116 6544 4117 6544 4115 6544 4117 6545 4116 6545 4118 6545 4118 6546 4119 6546 4117 6546 4074 6547 4119 6547 4118 6547 4075 6548 4119 6548 4074 6548 4036 6549 4035 6549 4076 6549 4120 6550 4073 6550 4052 6550 4120 6551 4052 6551 4051 6551 4120 6552 4051 6552 4050 6552 4120 6553 4050 6553 3998 6553 4120 6554 3998 6554 3997 6554 4120 6555 3997 6555 4108 6555 4120 6556 4108 6556 4107 6556 4120 6557 4107 6557 4073 6557 3193 6558 4121 6558 3194 6558 3194 6559 4121 6559 4122 6559 3194 6560 4122 6560 4070 6560 4070 6561 4122 6561 3991 6561 4070 6562 3991 6562 3196 6562 3991 6563 4122 6563 4123 6563 4123 6564 4122 6564 4121 6564 4123 6565 4121 6565 4080 6565 4080 6566 4121 6566 3193 6566 4080 6567 3193 6567 3192 6567 3292 6568 4081 6568 3054 6568 3054 6569 4081 6569 4085 6569 3054 6570 4085 6570 4071 6570 4071 6571 4085 6571 4087 6571 4071 6572 4087 6572 4080 6572 4080 6573 4087 6573 4089 6573 4080 6574 4089 6574 4123 6574 4123 6575 4089 6575 3993 6575 4123 6576 3993 6576 3991 6576 4081 6577 4072 6577 4084 6577 4084 6578 4072 6578 3291 6578 4084 6579 3291 6579 4124 6579 4091 6580 3916 6580 4092 6580 3916 6581 4091 6581 3917 6581 3917 6582 4091 6582 4125 6582 3917 6583 4125 6583 3904 6583 3904 6584 4125 6584 3284 6584 3904 6585 3284 6585 3283 6585 4040 6586 4116 6586 4041 6586 4041 6587 4116 6587 4079 6587 4041 6588 4079 6588 4042 6588 4047 6589 4078 6589 4048 6589 4048 6590 4078 6590 3913 6590 4048 6591 3913 6591 3911 6591 4047 6592 4046 6592 4077 6592 4077 6593 4046 6593 4045 6593 4077 6594 4045 6594 4126 6594 4045 6595 4044 6595 4126 6595 4126 6596 4044 6596 4043 6596 4126 6597 4043 6597 4079 6597 3284 6598 4125 6598 3285 6598 3285 6599 4125 6599 4082 6599 3285 6600 4082 6600 3286 6600 3291 6601 3290 6601 4124 6601 4124 6602 3290 6602 3289 6602 4124 6603 3289 6603 4127 6603 4127 6604 3289 6604 3288 6604 4127 6605 3288 6605 4082 6605 4100 6606 4124 6606 4098 6606 4098 6607 4124 6607 4127 6607 4098 6608 4127 6608 4096 6608 4096 6609 4127 6609 4082 6609 4096 6610 4082 6610 4094 6610 4094 6611 4082 6611 4125 6611 4094 6612 4125 6612 4091 6612 4124 6613 4100 6613 4084 6613 4084 6614 4100 6614 4102 6614 4084 6615 4102 6615 4083 6615 4083 6616 4102 6616 4104 6616 4083 6617 4104 6617 4086 6617 4086 6618 4104 6618 4106 6618 4086 6619 4106 6619 4088 6619 4088 6620 4106 6620 4108 6620 4088 6621 4108 6621 4090 6621 4090 6622 4108 6622 3997 6622 4090 6623 3997 6623 3995 6623 4115 6624 4095 6624 4113 6624 4113 6625 4095 6625 4093 6625 4113 6626 4093 6626 4110 6626 4110 6627 4093 6627 4092 6627 4110 6628 4092 6628 4111 6628 4111 6629 4092 6629 3916 6629 4111 6630 3916 6630 3915 6630 4095 6631 4115 6631 4097 6631 4097 6632 4115 6632 4117 6632 4097 6633 4117 6633 4099 6633 4099 6634 4117 6634 4119 6634 4099 6635 4119 6635 4101 6635 4101 6636 4119 6636 4075 6636 4101 6637 4075 6637 4103 6637 4103 6638 4075 6638 4076 6638 4103 6639 4076 6639 4105 6639 4105 6640 4076 6640 4073 6640 4105 6641 4073 6641 4107 6641 4109 6642 4111 6642 4128 6642 4128 6643 4111 6643 3915 6643 4128 6644 3915 6644 3914 6644 4035 6645 4034 6645 4076 6645 4076 6646 4034 6646 4033 6646 4076 6647 4033 6647 4073 6647 4116 6648 4114 6648 4079 6648 4079 6649 4114 6649 4112 6649 4079 6650 4112 6650 4126 6650 4126 6651 4112 6651 4109 6651 4126 6652 4109 6652 4077 6652 4077 6653 4109 6653 4128 6653 4077 6654 4128 6654 4078 6654 4078 6655 4128 6655 3914 6655 4078 6656 3914 6656 3913 6656 4037 6657 4074 6657 4038 6657 4038 6658 4074 6658 4118 6658 4038 6659 4118 6659 4039 6659 4039 6660 4118 6660 4116 6660 4039 6661 4116 6661 4040 6661 3370 6662 4063 6662 3372 6662 3372 6663 4063 6663 4065 6663 3372 6664 4065 6664 3374 6664 3374 6665 4065 6665 4018 6665 3374 6666 4018 6666 3376 6666 3376 6667 4018 6667 2802 6667 3376 6668 2802 6668 3003 6668 4063 6669 3370 6669 4061 6669 4061 6670 3370 6670 3368 6670 4061 6671 3368 6671 4057 6671 4057 6672 3368 6672 3366 6672 4057 6673 3366 6673 4059 6673 4059 6674 3366 6674 3363 6674 4059 6675 3363 6675 4054 6675 4054 6676 3363 6676 3083 6676 4054 6677 3083 6677 4025 6677 4025 6678 3083 6678 3082 6678 4025 6679 3082 6679 3999 6679 4129 6680 4130 6680 4131 6680 4131 6681 4130 6681 4132 6681 4131 6682 4132 6682 4133 6682 4133 6683 4132 6683 4134 6683 4133 6684 4134 6684 4135 6684 4135 6685 4134 6685 4136 6685 4135 6686 4136 6686 4137 6686 4138 6687 4139 6687 3185 6687 3185 6688 3184 6688 4138 6688 4140 6689 4138 6689 3184 6689 3184 6690 3183 6690 4140 6690 4141 6691 4140 6691 3183 6691 3183 6692 3182 6692 4141 6692 4142 6693 4141 6693 3182 6693 3182 6694 3181 6694 4142 6694 4143 6695 4142 6695 3181 6695 3186 6696 3185 6696 4139 6696 3186 6697 4139 6697 4137 6697 3186 6698 4137 6698 4136 6698 3090 6699 4144 6699 3091 6699 3091 6700 4144 6700 4145 6700 3091 6701 4145 6701 3179 6701 3179 6702 4145 6702 4146 6702 3179 6703 4146 6703 3180 6703 3180 6704 4146 6704 4143 6704 3180 6705 4143 6705 3181 6705 4147 6706 4148 6706 2704 6706 4148 6707 2999 6707 2704 6707 4149 6708 4141 6708 4142 6708 4146 6709 4145 6709 4150 6709 4151 6710 4152 6710 4153 6710 4154 6711 4150 6711 4145 6711 4155 6712 2796 6712 2795 6712 4144 6713 4156 6713 4157 6713 4144 6714 4157 6714 4158 6714 4144 6715 4158 6715 4159 6715 4144 6716 4159 6716 4160 6716 4144 6717 4160 6717 4154 6717 4144 6718 4154 6718 4145 6718 4137 6719 4161 6719 4162 6719 4137 6720 4162 6720 4163 6720 4137 6721 4163 6721 4164 6721 4137 6722 4164 6722 4135 6722 3613 6723 3612 6723 4165 6723 3613 6724 4165 6724 4166 6724 3613 6725 4166 6725 4167 6725 3613 6726 4167 6726 4168 6726 3613 6727 4168 6727 4169 6727 3613 6728 4169 6728 4170 6728 3613 6729 4170 6729 4171 6729 3613 6730 4171 6730 4172 6730 3613 6731 4172 6731 4173 6731 3613 6732 4173 6732 4174 6732 3613 6733 4174 6733 4175 6733 3613 6734 4175 6734 4176 6734 3613 6735 4176 6735 4177 6735 3613 6736 4177 6736 4178 6736 3613 6737 4178 6737 4179 6737 3613 6738 4179 6738 4161 6738 3613 6739 4161 6739 4137 6739 3613 6740 4137 6740 4139 6740 3613 6741 4139 6741 4138 6741 3613 6742 4138 6742 4140 6742 3613 6743 4140 6743 4141 6743 3613 6744 4141 6744 4149 6744 3613 6745 4149 6745 4180 6745 3613 6746 4180 6746 4181 6746 3613 6747 4181 6747 4182 6747 3613 6748 4182 6748 4183 6748 3613 6749 4183 6749 4184 6749 3613 6750 4184 6750 4185 6750 3613 6751 4185 6751 4186 6751 3613 6752 4186 6752 4187 6752 4188 6753 4149 6753 4142 6753 4188 6754 4142 6754 4143 6754 4188 6755 4143 6755 4146 6755 4188 6756 4146 6756 4150 6756 4164 6757 4129 6757 4135 6757 4135 6758 4129 6758 4131 6758 4135 6759 4131 6759 4133 6759 4153 6760 4189 6760 4151 6760 4151 6761 4189 6761 4190 6761 4151 6762 4190 6762 4191 6762 4191 6763 4190 6763 4187 6763 4191 6764 4187 6764 4186 6764 4147 6765 4192 6765 4148 6765 4148 6766 4192 6766 4193 6766 4148 6767 4193 6767 4194 6767 4194 6768 4193 6768 4152 6768 4194 6769 4152 6769 4151 6769 4195 6770 4196 6770 4197 6770 4197 6771 4196 6771 4157 6771 4197 6772 4157 6772 4156 6772 4198 6773 4199 6773 4200 6773 4200 6774 4199 6774 4201 6774 4200 6775 4201 6775 4202 6775 4202 6776 4201 6776 4195 6776 4202 6777 4195 6777 4197 6777 4199 6778 4198 6778 4203 6778 4203 6779 4198 6779 4204 6779 4203 6780 4204 6780 4205 6780 4205 6781 4204 6781 4206 6781 4205 6782 4206 6782 4207 6782 4207 6783 4206 6783 4155 6783 4207 6784 4155 6784 4208 6784 4208 6785 4155 6785 2795 6785 4208 6786 2795 6786 2999 6786 1648 6787 2752 6787 1722 6787 1806 6788 1805 6788 4209 6788 1806 6789 4209 6789 4210 6789 2751 6790 2750 6790 4211 6790 2751 6791 4211 6791 4212 6791 1735 6792 1734 6792 4213 6792 1735 6793 4213 6793 4214 6793 2743 6794 2742 6794 4215 6794 2743 6795 4215 6795 4216 6795 1727 6796 1726 6796 4217 6796 1727 6797 4217 6797 4218 6797 1798 6798 1797 6798 4219 6798 1798 6799 4219 6799 4220 6799 1722 6800 2752 6800 4221 6800 1722 6801 4221 6801 4222 6801 2748 6802 2747 6802 4223 6802 2748 6803 4223 6803 4224 6803 2832 6804 2831 6804 4225 6804 2832 6805 4225 6805 4226 6805 2825 6806 1806 6806 4210 6806 2825 6807 4210 6807 4227 6807 2749 6808 2748 6808 4224 6808 2749 6809 4224 6809 4228 6809 2745 6810 2744 6810 4229 6810 2745 6811 4229 6811 4230 6811 2834 6812 2833 6812 4231 6812 2834 6813 4231 6813 4232 6813 1802 6814 1801 6814 4233 6814 1802 6815 4233 6815 4234 6815 2740 6816 2739 6816 4235 6816 2740 6817 4235 6817 4236 6817 1803 6818 1802 6818 4234 6818 1803 6819 4234 6819 4237 6819 1733 6820 1732 6820 4238 6820 1733 6821 4238 6821 4239 6821 2741 6822 2740 6822 4236 6822 2741 6823 4236 6823 4240 6823 1732 6824 1731 6824 4241 6824 1732 6825 4241 6825 4238 6825 2826 6826 2825 6826 4227 6826 2826 6827 4227 6827 4242 6827 2739 6828 2835 6828 4243 6828 2739 6829 4243 6829 4235 6829 1725 6830 1724 6830 4244 6830 1725 6831 4244 6831 4245 6831 2747 6832 2746 6832 4246 6832 2747 6833 4246 6833 4223 6833 1724 6834 1723 6834 4247 6834 1724 6835 4247 6835 4244 6835 2835 6836 2834 6836 4232 6836 2835 6837 4232 6837 4243 6837 1801 6838 1800 6838 4248 6838 1801 6839 4248 6839 4233 6839 2752 6840 1648 6840 2660 6840 2660 6841 1648 6841 1647 6841 2660 6842 1647 6842 2661 6842 2661 6843 1647 6843 1665 6843 2661 6844 1665 6844 2677 6844 2677 6845 1665 6845 1666 6845 2677 6846 1666 6846 2678 6846 2678 6847 1666 6847 1667 6847 2678 6848 1667 6848 2679 6848 2679 6849 1667 6849 1668 6849 2679 6850 1668 6850 2680 6850 2680 6851 1668 6851 1669 6851 2680 6852 1669 6852 2681 6852 2681 6853 1669 6853 1670 6853 2681 6854 1670 6854 2682 6854 2682 6855 1670 6855 1671 6855 2682 6856 1671 6856 2683 6856 2683 6857 1671 6857 1672 6857 2683 6858 1672 6858 2684 6858 2684 6859 1672 6859 1673 6859 2684 6860 1673 6860 2685 6860 2685 6861 1673 6861 1674 6861 2685 6862 1674 6862 2686 6862 2686 6863 1674 6863 1675 6863 2686 6864 1675 6864 2687 6864 2687 6865 1675 6865 1676 6865 2687 6866 1676 6866 2688 6866 2688 6867 1676 6867 1704 6867 2688 6868 1704 6868 2718 6868 3352 6869 4202 6869 3350 6869 3350 6870 4202 6870 4197 6870 3350 6871 4197 6871 3347 6871 3347 6872 4197 6872 4156 6872 3347 6873 4156 6873 3097 6873 3097 6874 4156 6874 4144 6874 3097 6875 4144 6875 3090 6875 4202 6876 3352 6876 4200 6876 4200 6877 3352 6877 3354 6877 4200 6878 3354 6878 4198 6878 4198 6879 3354 6879 3356 6879 4198 6880 3356 6880 4204 6880 4204 6881 3356 6881 3358 6881 4204 6882 3358 6882 4206 6882 4206 6883 3358 6883 3360 6883 4206 6884 3360 6884 4155 6884 4155 6885 3360 6885 3004 6885 4155 6886 3004 6886 2796 6886 4190 6887 4189 6887 4249 6887 4250 6888 4190 6888 4249 6888 4192 6889 4147 6889 4251 6889 4251 6890 4147 6890 2704 6890 4251 6891 2704 6891 2703 6891 4189 6892 4153 6892 4249 6892 4249 6893 4153 6893 4152 6893 4249 6894 4152 6894 4252 6894 4252 6895 4152 6895 4193 6895 4252 6896 4193 6896 4253 6896 4253 6897 4193 6897 4192 6897 4253 6898 4192 6898 4251 6898 4190 6899 4250 6899 4187 6899 4187 6900 4250 6900 3614 6900 4187 6901 3614 6901 3613 6901 4164 6902 4254 6902 4129 6902 4254 6903 4130 6903 4129 6903 3189 6904 4255 6904 3190 6904 3127 6905 4256 6905 3128 6905 3135 6906 3134 6906 4257 6906 4177 6907 4176 6907 4258 6907 4170 6908 4259 6908 4171 6908 4260 6909 4167 6909 4166 6909 4166 6910 4261 6910 4260 6910 4255 6911 3189 6911 3188 6911 4256 6912 3127 6912 4262 6912 4263 6913 4264 6913 4265 6913 4264 6914 4263 6914 4266 6914 4266 6915 4267 6915 4264 6915 4267 6916 4266 6916 4268 6916 4268 6917 4262 6917 4267 6917 4262 6918 4268 6918 4269 6918 4257 6919 3134 6919 3133 6919 4254 6920 4270 6920 4130 6920 4271 6921 4272 6921 4270 6921 4272 6922 4271 6922 4273 6922 4273 6923 4274 6923 4272 6923 4274 6924 4273 6924 4275 6924 4275 6925 4276 6925 4274 6925 4276 6926 4275 6926 4277 6926 4277 6927 4278 6927 4276 6927 4279 6928 4278 6928 4277 6928 4280 6929 4278 6929 4279 6929 4281 6930 4280 6930 4279 6930 4282 6931 4280 6931 4281 6931 4283 6932 4282 6932 4281 6932 4284 6933 4282 6933 4283 6933 4285 6934 4284 6934 4283 6934 4286 6935 4284 6935 4285 6935 4287 6936 4286 6936 4285 6936 3607 6937 3608 6937 4287 6937 4163 6938 4254 6938 4164 6938 4178 6939 4288 6939 4179 6939 4289 6940 4258 6940 4290 6940 4290 6941 4291 6941 4289 6941 4292 6942 4291 6942 4290 6942 4293 6943 4291 6943 4292 6943 4294 6944 4293 6944 4292 6944 4295 6945 4293 6945 4294 6945 4296 6946 4295 6946 4294 6946 4297 6947 4295 6947 4296 6947 4298 6948 4297 6948 4296 6948 4299 6949 4297 6949 4298 6949 4300 6950 4299 6950 4298 6950 3606 6951 4299 6951 4300 6951 3605 6952 3606 6952 4300 6952 4172 6953 4292 6953 4173 6953 4292 6954 4172 6954 4294 6954 3186 6955 4136 6955 4301 6955 3186 6956 4301 6956 4302 6956 3186 6957 4302 6957 3187 6957 4303 6958 4288 6958 4178 6958 4303 6959 4178 6959 4177 6959 4303 6960 4177 6960 4258 6960 4303 6961 4258 6961 4289 6961 3187 6962 4302 6962 3188 6962 3188 6963 4302 6963 4301 6963 3188 6964 4301 6964 4255 6964 4255 6965 4301 6965 4304 6965 4255 6966 4304 6966 4305 6966 3056 6967 3190 6967 4306 6967 4306 6968 3190 6968 4255 6968 4306 6969 4255 6969 4305 6969 3127 6970 3056 6970 4262 6970 4262 6971 3056 6971 4306 6971 4262 6972 4306 6972 4267 6972 4267 6973 4306 6973 4305 6973 4267 6974 4305 6974 4264 6974 4264 6975 4305 6975 4304 6975 4264 6976 4304 6976 4265 6976 4265 6977 4304 6977 4134 6977 4134 6978 4304 6978 4301 6978 4134 6979 4301 6979 4136 6979 4287 6980 3608 6980 4286 6980 4286 6981 3608 6981 3620 6981 4286 6982 3620 6982 4257 6982 4257 6983 3620 6983 3136 6983 4257 6984 3136 6984 3135 6984 4307 6985 4294 6985 4259 6985 4259 6986 4294 6986 4172 6986 4259 6987 4172 6987 4171 6987 4294 6988 4307 6988 4296 6988 4296 6989 4307 6989 4260 6989 4296 6990 4260 6990 4298 6990 4298 6991 4260 6991 4261 6991 4298 6992 4261 6992 4300 6992 4300 6993 4261 6993 3603 6993 4300 6994 3603 6994 3605 6994 4167 6995 4260 6995 4168 6995 4168 6996 4260 6996 4307 6996 4168 6997 4307 6997 4169 6997 4169 6998 4307 6998 4259 6998 4169 6999 4259 6999 4170 6999 4166 7000 4165 7000 4261 7000 4261 7001 4165 7001 3612 7001 4261 7002 3612 7002 3603 7002 4263 7003 4265 7003 4308 7003 4308 7004 4265 7004 4134 7004 4308 7005 4134 7005 4132 7005 4262 7006 4269 7006 4256 7006 4256 7007 4269 7007 4309 7007 4256 7008 4309 7008 3128 7008 3128 7009 4309 7009 4310 7009 3128 7010 4310 7010 3129 7010 3129 7011 4310 7011 3130 7011 3130 7012 4310 7012 4311 7012 3130 7013 4311 7013 3131 7013 3131 7014 4311 7014 3132 7014 3132 7015 4311 7015 4257 7015 3132 7016 4257 7016 3133 7016 4276 7017 4266 7017 4274 7017 4274 7018 4266 7018 4263 7018 4274 7019 4263 7019 4272 7019 4272 7020 4263 7020 4308 7020 4272 7021 4308 7021 4270 7021 4270 7022 4308 7022 4132 7022 4270 7023 4132 7023 4130 7023 4266 7024 4276 7024 4268 7024 4268 7025 4276 7025 4278 7025 4268 7026 4278 7026 4269 7026 4269 7027 4278 7027 4280 7027 4269 7028 4280 7028 4309 7028 4309 7029 4280 7029 4282 7029 4309 7030 4282 7030 4310 7030 4310 7031 4282 7031 4284 7031 4310 7032 4284 7032 4311 7032 4311 7033 4284 7033 4286 7033 4311 7034 4286 7034 4257 7034 4270 7035 4254 7035 4271 7035 4271 7036 4254 7036 4163 7036 4271 7037 4163 7037 4162 7037 4162 7038 4312 7038 4271 7038 4271 7039 4312 7039 4288 7039 4271 7040 4288 7040 4273 7040 4273 7041 4288 7041 4303 7041 4273 7042 4303 7042 4275 7042 4275 7043 4303 7043 4289 7043 4275 7044 4289 7044 4277 7044 4277 7045 4289 7045 4291 7045 4277 7046 4291 7046 4279 7046 4279 7047 4291 7047 4293 7047 4279 7048 4293 7048 4281 7048 4281 7049 4293 7049 4295 7049 4281 7050 4295 7050 4283 7050 4283 7051 4295 7051 4297 7051 4283 7052 4297 7052 4285 7052 4285 7053 4297 7053 4299 7053 4285 7054 4299 7054 4287 7054 4287 7055 4299 7055 3606 7055 4287 7056 3606 7056 3607 7056 4162 7057 4161 7057 4312 7057 4312 7058 4161 7058 4179 7058 4312 7059 4179 7059 4288 7059 4176 7060 4175 7060 4258 7060 4258 7061 4175 7061 4174 7061 4258 7062 4174 7062 4290 7062 4290 7063 4174 7063 4173 7063 4290 7064 4173 7064 4292 7064 2999 7065 3361 7065 4208 7065 4208 7066 3361 7066 3359 7066 4208 7067 3359 7067 4207 7067 4207 7068 3359 7068 3357 7068 4207 7069 3357 7069 4205 7069 4205 7070 3357 7070 3355 7070 4205 7071 3355 7071 4203 7071 4203 7072 3355 7072 3353 7072 4203 7073 3353 7073 4199 7073 4199 7074 3353 7074 3351 7074 4199 7075 3351 7075 4201 7075 4201 7076 3351 7076 3349 7076 4201 7077 3349 7077 4195 7077 3361 7078 2999 7078 3115 7078 3115 7079 2999 7079 4148 7079 3115 7080 4148 7080 3116 7080 3116 7081 4148 7081 4194 7081 3116 7082 4194 7082 3117 7082 3117 7083 4194 7083 4151 7083 3117 7084 4151 7084 3118 7084 3118 7085 4151 7085 4191 7085 3118 7086 4191 7086 3119 7086 3119 7087 4191 7087 4186 7087 3119 7088 4186 7088 3120 7088 3120 7089 4186 7089 4185 7089 3120 7090 4185 7090 3121 7090 3121 7091 4185 7091 4184 7091 3121 7092 4184 7092 3122 7092 2804 7093 3303 7093 4068 7093 4068 7094 3303 7094 3302 7094 4068 7095 3302 7095 4069 7095 4069 7096 3302 7096 3301 7096 4069 7097 3301 7097 4020 7097 4020 7098 3301 7098 3300 7098 4020 7099 3300 7099 4067 7099 4067 7100 3300 7100 3299 7100 4067 7101 3299 7101 4026 7101 4026 7102 3299 7102 3298 7102 4026 7103 3298 7103 4027 7103 4027 7104 3298 7104 3297 7104 4027 7105 3297 7105 4028 7105 3303 7106 2804 7106 3158 7106 3158 7107 2804 7107 4066 7107 3158 7108 4066 7108 3375 7108 3375 7109 4066 7109 4064 7109 3375 7110 4064 7110 3373 7110 3373 7111 4064 7111 4062 7111 3373 7112 4062 7112 3371 7112 3371 7113 4062 7113 4056 7113 3371 7114 4056 7114 3369 7114 3369 7115 4056 7115 4058 7115 3369 7116 4058 7116 3367 7116 3367 7117 4058 7117 4060 7117 3367 7118 4060 7118 3365 7118 3365 7119 4060 7119 4053 7119 3365 7120 4053 7120 3364 7120 2642 7121 3412 7121 3584 7121 3584 7122 3412 7122 3414 7122 3584 7123 3414 7123 3583 7123 3583 7124 3414 7124 3416 7124 3583 7125 3416 7125 3581 7125 3581 7126 3416 7126 3418 7126 3581 7127 3418 7127 3579 7127 3579 7128 3418 7128 3420 7128 3579 7129 3420 7129 3577 7129 3577 7130 3420 7130 3422 7130 3577 7131 3422 7131 3575 7131 3575 7132 3422 7132 3424 7132 3575 7133 3424 7133 3573 7133 3412 7134 2642 7134 3156 7134 3156 7135 2642 7135 3543 7135 3156 7136 3543 7136 3430 7136 3430 7137 3543 7137 3546 7137 3430 7138 3546 7138 3432 7138 3432 7139 3546 7139 3567 7139 3432 7140 3567 7140 3434 7140 3434 7141 3567 7141 3565 7141 3434 7142 3565 7142 3436 7142 3436 7143 3565 7143 3563 7143 3436 7144 3563 7144 3438 7144 3438 7145 3563 7145 3561 7145 3438 7146 3561 7146 3440 7146 3440 7147 3561 7147 3559 7147 3440 7148 3559 7148 3442 7148 2799 7149 3391 7149 3518 7149 3518 7150 3391 7150 3389 7150 3518 7151 3389 7151 3517 7151 3517 7152 3389 7152 3387 7152 3517 7153 3387 7153 3515 7153 3515 7154 3387 7154 3385 7154 3515 7155 3385 7155 3513 7155 3513 7156 3385 7156 3383 7156 3513 7157 3383 7157 3509 7157 3509 7158 3383 7158 3381 7158 3509 7159 3381 7159 3511 7159 3511 7160 3381 7160 3379 7160 3511 7161 3379 7161 3505 7161 3391 7162 2799 7162 3159 7162 3159 7163 2799 7163 3504 7163 3159 7164 3504 7164 3345 7164 3345 7165 3504 7165 3502 7165 3345 7166 3502 7166 3343 7166 3343 7167 3502 7167 3500 7167 3343 7168 3500 7168 3341 7168 3341 7169 3500 7169 3494 7169 3341 7170 3494 7170 3339 7170 3339 7171 3494 7171 3496 7171 3339 7172 3496 7172 3337 7172 3337 7173 3496 7173 3498 7173 3337 7174 3498 7174 3335 7174 3335 7175 3498 7175 3491 7175 3335 7176 3491 7176 3334 7176 2474 7177 3231 7177 3678 7177 3678 7178 3231 7178 3230 7178 3678 7179 3230 7179 3679 7179 3679 7180 3230 7180 3229 7180 3679 7181 3229 7181 3680 7181 3680 7182 3229 7182 3228 7182 3680 7183 3228 7183 3681 7183 3681 7184 3228 7184 3227 7184 3681 7185 3227 7185 3661 7185 3661 7186 3227 7186 3226 7186 3661 7187 3226 7187 3659 7187 3659 7188 3226 7188 3140 7188 3659 7189 3140 7189 3660 7189 3231 7190 2474 7190 3155 7190 3155 7191 2474 7191 3638 7191 3155 7192 3638 7192 3393 7192 3393 7193 3638 7193 3641 7193 3393 7194 3641 7194 3395 7194 3395 7195 3641 7195 3676 7195 3395 7196 3676 7196 3397 7196 3397 7197 3676 7197 3674 7197 3397 7198 3674 7198 3399 7198 3399 7199 3674 7199 3672 7199 3399 7200 3672 7200 3401 7200 3401 7201 3672 7201 3670 7201 3401 7202 3670 7202 3403 7202 3403 7203 3670 7203 3668 7203 3403 7204 3668 7204 3405 7204 2638 7205 3446 7205 3902 7205 3902 7206 3446 7206 3448 7206 3902 7207 3448 7207 3901 7207 3901 7208 3448 7208 3450 7208 3901 7209 3450 7209 3899 7209 3899 7210 3450 7210 3452 7210 3899 7211 3452 7211 3897 7211 3897 7212 3452 7212 3454 7212 3897 7213 3454 7213 3895 7213 3895 7214 3454 7214 3456 7214 3895 7215 3456 7215 3893 7215 3893 7216 3456 7216 3458 7216 3893 7217 3458 7217 3891 7217 3446 7218 2638 7218 3157 7218 3157 7219 2638 7219 3876 7219 3157 7220 3876 7220 3264 7220 3264 7221 3876 7221 3878 7221 3264 7222 3878 7222 3314 7222 3314 7223 3878 7223 3880 7223 3314 7224 3880 7224 3315 7224 3315 7225 3880 7225 3882 7225 3315 7226 3882 7226 3316 7226 3316 7227 3882 7227 3866 7227 3316 7228 3866 7228 3317 7228 3317 7229 3866 7229 3860 7229 3317 7230 3860 7230 3318 7230 3318 7231 3860 7231 3859 7231 3318 7232 3859 7232 3310 7232 3842 7233 3307 7233 3851 7233 3851 7234 3307 7234 3306 7234 3851 7235 3306 7235 3852 7235 3852 7236 3306 7236 3305 7236 3852 7237 3305 7237 3853 7237 3853 7238 3305 7238 3313 7238 3853 7239 3313 7239 3855 7239 3855 7240 3313 7240 3312 7240 3855 7241 3312 7241 3856 7241 3856 7242 3312 7242 3311 7242 3856 7243 3311 7243 3857 7243 3857 7244 3311 7244 3310 7244 3857 7245 3310 7245 3859 7245 3307 7246 3842 7246 3064 7246 3064 7247 3842 7247 3871 7247 3064 7248 3871 7248 3061 7248 3061 7249 3871 7249 3870 7249 3061 7250 3870 7250 3062 7250 3062 7251 3870 7251 3869 7251 3062 7252 3869 7252 3465 7252 3465 7253 3869 7253 3868 7253 3465 7254 3868 7254 3463 7254 3463 7255 3868 7255 3887 7255 3463 7256 3887 7256 3462 7256 3462 7257 3887 7257 3889 7257 3462 7258 3889 7258 3460 7258 3460 7259 3889 7259 3891 7259 3460 7260 3891 7260 3458 7260 3634 7261 3060 7261 3642 7261 3642 7262 3060 7262 3059 7262 3642 7263 3059 7263 3643 7263 3643 7264 3059 7264 3411 7264 3643 7265 3411 7265 3644 7265 3644 7266 3411 7266 3410 7266 3644 7267 3410 7267 3645 7267 3645 7268 3410 7268 3408 7268 3645 7269 3408 7269 3665 7269 3665 7270 3408 7270 3407 7270 3665 7271 3407 7271 3666 7271 3666 7272 3407 7272 3405 7272 3666 7273 3405 7273 3668 7273 3060 7274 3634 7274 3141 7274 3141 7275 3634 7275 3653 7275 3141 7276 3653 7276 3142 7276 3142 7277 3653 7277 3652 7277 3142 7278 3652 7278 3221 7278 3221 7279 3652 7279 3651 7279 3221 7280 3651 7280 3222 7280 3222 7281 3651 7281 3657 7281 3222 7282 3657 7282 3224 7282 3224 7283 3657 7283 3656 7283 3224 7284 3656 7284 3225 7284 3225 7285 3656 7285 3655 7285 3225 7286 3655 7286 3139 7286 3139 7287 3655 7287 3660 7287 3139 7288 3660 7288 3140 7288 4016 7289 3088 7289 4017 7289 4017 7290 3088 7290 3087 7290 4017 7291 3087 7291 4021 7291 4021 7292 3087 7292 3086 7292 4021 7293 3086 7293 4022 7293 4022 7294 3086 7294 3085 7294 4022 7295 3085 7295 4023 7295 4023 7296 3085 7296 3084 7296 4023 7297 3084 7297 4024 7297 4024 7298 3084 7298 3362 7298 4024 7299 3362 7299 4055 7299 4055 7300 3362 7300 3364 7300 4055 7301 3364 7301 4053 7301 3088 7302 4016 7302 3191 7302 3191 7303 4016 7303 4049 7303 3191 7304 4049 7304 3052 7304 3052 7305 4049 7305 4019 7305 3052 7306 4019 7306 3053 7306 3053 7307 4019 7307 4032 7307 3053 7308 4032 7308 3293 7308 3293 7309 4032 7309 4031 7309 3293 7310 4031 7310 3294 7310 3294 7311 4031 7311 4030 7311 3294 7312 4030 7312 3295 7312 3295 7313 4030 7313 4029 7313 3295 7314 4029 7314 3296 7314 3296 7315 4029 7315 4028 7315 3296 7316 4028 7316 3297 7316 4150 7317 3055 7317 4188 7317 4188 7318 3055 7318 3057 7318 4188 7319 3057 7319 4149 7319 4149 7320 3057 7320 3126 7320 4149 7321 3126 7321 4180 7321 4180 7322 3126 7322 3125 7322 4180 7323 3125 7323 4181 7323 4181 7324 3125 7324 3124 7324 4181 7325 3124 7325 4182 7325 4182 7326 3124 7326 3123 7326 4182 7327 3123 7327 4183 7327 4183 7328 3123 7328 3122 7328 4183 7329 3122 7329 4184 7329 3055 7330 4150 7330 3178 7330 3178 7331 4150 7331 4154 7331 3178 7332 4154 7332 3092 7332 3092 7333 4154 7333 4160 7333 3092 7334 4160 7334 3093 7334 3093 7335 4160 7335 4159 7335 3093 7336 4159 7336 3094 7336 3094 7337 4159 7337 4158 7337 3094 7338 4158 7338 3095 7338 3095 7339 4158 7339 4157 7339 3095 7340 4157 7340 3096 7340 3096 7341 4157 7341 4196 7341 3096 7342 4196 7342 3348 7342 3348 7343 4196 7343 4195 7343 3348 7344 4195 7344 3349 7344 3478 7345 3075 7345 3480 7345 3480 7346 3075 7346 3074 7346 3480 7347 3074 7347 3481 7347 3481 7348 3074 7348 3073 7348 3481 7349 3073 7349 3482 7349 3482 7350 3073 7350 3072 7350 3482 7351 3072 7351 3483 7351 3483 7352 3072 7352 3071 7352 3483 7353 3071 7353 3484 7353 3484 7354 3071 7354 3332 7354 3484 7355 3332 7355 3493 7355 3493 7356 3332 7356 3334 7356 3493 7357 3334 7357 3491 7357 3075 7358 3478 7358 3177 7358 3177 7359 3478 7359 3477 7359 3177 7360 3477 7360 3076 7360 3076 7361 3477 7361 3490 7361 3076 7362 3490 7362 3077 7362 3077 7363 3490 7363 3489 7363 3077 7364 3489 7364 3078 7364 3078 7365 3489 7365 3488 7365 3078 7366 3488 7366 3079 7366 3079 7367 3488 7367 3487 7367 3079 7368 3487 7368 3080 7368 3080 7369 3487 7369 3506 7369 3080 7370 3506 7370 3378 7370 3378 7371 3506 7371 3505 7371 3378 7372 3505 7372 3379 7372 3547 7373 3254 7373 3548 7373 3548 7374 3254 7374 3253 7374 3548 7375 3253 7375 3549 7375 3549 7376 3253 7376 3252 7376 3549 7377 3252 7377 3550 7377 3550 7378 3252 7378 3251 7378 3550 7379 3251 7379 3551 7379 3551 7380 3251 7380 3445 7380 3551 7381 3445 7381 3556 7381 3556 7382 3445 7382 3444 7382 3556 7383 3444 7383 3557 7383 3557 7384 3444 7384 3442 7384 3557 7385 3442 7385 3559 7385 3254 7386 3547 7386 3234 7386 3234 7387 3547 7387 3555 7387 3234 7388 3555 7388 3235 7388 3235 7389 3555 7389 3554 7389 3235 7390 3554 7390 3236 7390 3236 7391 3554 7391 3553 7391 3236 7392 3553 7392 3237 7392 3237 7393 3553 7393 3552 7393 3237 7394 3552 7394 3238 7394 3238 7395 3552 7395 3569 7395 3238 7396 3569 7396 3428 7396 3428 7397 3569 7397 3571 7397 3428 7398 3571 7398 3426 7398 3426 7399 3571 7399 3573 7399 3426 7400 3573 7400 3424 7400 4313 7401 4314 7401 4315 7401 4316 7402 4317 7402 4315 7402 4316 7403 4315 7403 4314 7403 4316 7404 4314 7404 4318 7404 4316 7405 4318 7405 4319 7405 4316 7406 4319 7406 4320 7406 4316 7407 4320 7407 4321 7407 4316 7408 4321 7408 4322 7408 4321 7409 4323 7409 4322 7409 4322 7410 4323 7410 4324 7410 4322 7411 4324 7411 4325 7411 4325 7412 4324 7412 4326 7412 4326 7413 4324 7413 4327 7413 4326 7414 4327 7414 4328 7414 4328 7415 4327 7415 4329 7415 4329 7416 4327 7416 4330 7416 4329 7417 4330 7417 4331 7417 4331 7418 4330 7418 4332 7418 4332 7419 4330 7419 4333 7419 4332 7420 4333 7420 4334 7420 4333 7421 4335 7421 4334 7421 4334 7422 4335 7422 4336 7422 4334 7423 4336 7423 4337 7423 4338 7424 4339 7424 4340 7424 4341 7425 4342 7425 4343 7425 4344 7426 4345 7426 4346 7426 4344 7427 4346 7427 4347 7427 4344 7428 4347 7428 4348 7428 4344 7429 4348 7429 4340 7429 4344 7430 4340 7430 4339 7430 4349 7431 4350 7431 4351 7431 4349 7432 4351 7432 4352 7432 4349 7433 4352 7433 4353 7433 4349 7434 4353 7434 4354 7434 4349 7435 4354 7435 4355 7435 4349 7436 4355 7436 4356 7436 4349 7437 4356 7437 4357 7437 4349 7438 4357 7438 4358 7438 4349 7439 4358 7439 4359 7439 4349 7440 4359 7440 4360 7440 4349 7441 4360 7441 4361 7441 4349 7442 4361 7442 4362 7442 4363 7443 4345 7443 4344 7443 4363 7444 4344 7444 4364 7444 4363 7445 4364 7445 4365 7445 4363 7446 4365 7446 4366 7446 4367 7447 4363 7447 4366 7447 4367 7448 4366 7448 4368 7448 4367 7449 4368 7449 4369 7449 4370 7450 4362 7450 4361 7450 4370 7451 4361 7451 4371 7451 4370 7452 4371 7452 4372 7452 4370 7453 4372 7453 4373 7453 4370 7454 4373 7454 4374 7454 4375 7455 4376 7455 4377 7455 4375 7456 4377 7456 4370 7456 4375 7457 4370 7457 4374 7457 4375 7458 4374 7458 4378 7458 4375 7459 4378 7459 4379 7459 4375 7460 4379 7460 4380 7460 4375 7461 4380 7461 4381 7461 4375 7462 4381 7462 4382 7462 4383 7463 4384 7463 4385 7463 4383 7464 4385 7464 4343 7464 4383 7465 4343 7465 4342 7465 4350 7466 4386 7466 4387 7466 4350 7467 4387 7467 4388 7467 4350 7468 4388 7468 4389 7468 4350 7469 4389 7469 4390 7469 4350 7470 4390 7470 4391 7470 4350 7471 4391 7471 4392 7471 4350 7472 4392 7472 4393 7472 4350 7473 4393 7473 4394 7473 4350 7474 4394 7474 4395 7474 4350 7475 4395 7475 4396 7475 4350 7476 4396 7476 4351 7476 4384 7477 4383 7477 4397 7477 4384 7478 4397 7478 4398 7478 4384 7479 4398 7479 4399 7479 4384 7480 4399 7480 4400 7480 4384 7481 4400 7481 4401 7481 4384 7482 4401 7482 4387 7482 4384 7483 4387 7483 4386 7483 4402 7484 4351 7484 4396 7484 4402 7485 4396 7485 4403 7485 4402 7486 4403 7486 4404 7486 4402 7487 4404 7487 4405 7487 4402 7488 4405 7488 4406 7488 4347 7489 4407 7489 4348 7489 4348 7490 4407 7490 4408 7490 4348 7491 4408 7491 4409 7491 4409 7492 4408 7492 4353 7492 4409 7493 4353 7493 4352 7493 4397 7494 4383 7494 4410 7494 4410 7495 4383 7495 4411 7495 4410 7496 4411 7496 4412 7496 4413 7497 4414 7497 4415 7497 4415 7498 4414 7498 4406 7498 4415 7499 4406 7499 4405 7499 4416 7500 4413 7500 4417 7500 4417 7501 4413 7501 4415 7501 4418 7502 4419 7502 4420 7502 4419 7503 4421 7503 4420 7503 4422 7504 4423 7504 4424 7504 4423 7505 4425 7505 4424 7505 4426 7506 4427 7506 4428 7506 4422 7507 4429 7507 4423 7507 4430 7508 4431 7508 4432 7508 4430 7509 4433 7509 4431 7509 4430 7510 4434 7510 4433 7510 4430 7511 4435 7511 4434 7511 4430 7512 4436 7512 4435 7512 4430 7513 4437 7513 4436 7513 4419 7514 4438 7514 4439 7514 4419 7515 4439 7515 4440 7515 4419 7516 4440 7516 4421 7516 4419 7517 4418 7517 4441 7517 4419 7518 4441 7518 4442 7518 4419 7519 4442 7519 4443 7519 4419 7520 4443 7520 4444 7520 4445 7521 4446 7521 4447 7521 4445 7522 4447 7522 4448 7522 4445 7523 4448 7523 4449 7523 4445 7524 4449 7524 4450 7524 4445 7525 4450 7525 4451 7525 4452 7526 4446 7526 4445 7526 4452 7527 4445 7527 4453 7527 4452 7528 4453 7528 4454 7528 4455 7529 4456 7529 4457 7529 4455 7530 4457 7530 4419 7530 4455 7531 4419 7531 4444 7531 4455 7532 4444 7532 4458 7532 4455 7533 4458 7533 4459 7533 4455 7534 4459 7534 4460 7534 4461 7535 4426 7535 4428 7535 4461 7536 4428 7536 4462 7536 4461 7537 4462 7537 4463 7537 4461 7538 4463 7538 4464 7538 4461 7539 4464 7539 4465 7539 4461 7540 4465 7540 4466 7540 4461 7541 4466 7541 4467 7541 4468 7542 4437 7542 4430 7542 4468 7543 4430 7543 4469 7543 4468 7544 4469 7544 4470 7544 4468 7545 4470 7545 4471 7545 4472 7546 4473 7546 4474 7546 4472 7547 4474 7547 4475 7547 4472 7548 4475 7548 4476 7548 4472 7549 4476 7549 4477 7549 4472 7550 4477 7550 4478 7550 4472 7551 4478 7551 4479 7551 4472 7552 4479 7552 4480 7552 4472 7553 4480 7553 4481 7553 4472 7554 4481 7554 4482 7554 4472 7555 4482 7555 4483 7555 4472 7556 4483 7556 4484 7556 4472 7557 4484 7557 4485 7557 4472 7558 4485 7558 4486 7558 4472 7559 4486 7559 4487 7559 4488 7560 4472 7560 4487 7560 4488 7561 4487 7561 4489 7561 4488 7562 4489 7562 4490 7562 4488 7563 4490 7563 4491 7563 4488 7564 4491 7564 4492 7564 4488 7565 4492 7565 4493 7565 4488 7566 4493 7566 4494 7566 4488 7567 4494 7567 4495 7567 4488 7568 4495 7568 4496 7568 4488 7569 4496 7569 4497 7569 4488 7570 4497 7570 4498 7570 4499 7571 4500 7571 4501 7571 4499 7572 4501 7572 4502 7572 4499 7573 4502 7573 4503 7573 4499 7574 4503 7574 4504 7574 4499 7575 4504 7575 4505 7575 4499 7576 4505 7576 4454 7576 4499 7577 4454 7577 4453 7577 4506 7578 4474 7578 4507 7578 4506 7579 4507 7579 4508 7579 4506 7580 4508 7580 4509 7580 4506 7581 4509 7581 4510 7581 4506 7582 4510 7582 4511 7582 4506 7583 4511 7583 4512 7583 4506 7584 4512 7584 4513 7584 4506 7585 4513 7585 4514 7585 4506 7586 4514 7586 4515 7586 4506 7587 4515 7587 4516 7587 4506 7588 4516 7588 4517 7588 4506 7589 4517 7589 4518 7589 4506 7590 4518 7590 4456 7590 4519 7591 4473 7591 4520 7591 4519 7592 4520 7592 4521 7592 4519 7593 4521 7593 4522 7593 4519 7594 4522 7594 4523 7594 4519 7595 4523 7595 4524 7595 4519 7596 4524 7596 4525 7596 4519 7597 4525 7597 4471 7597 4519 7598 4471 7598 4470 7598 4526 7599 4473 7599 4527 7599 4526 7600 4527 7600 4528 7600 4526 7601 4528 7601 4529 7601 4526 7602 4529 7602 4530 7602 4526 7603 4530 7603 4531 7603 4526 7604 4531 7604 4427 7604 4526 7605 4427 7605 4426 7605 4473 7606 4498 7606 4532 7606 4473 7607 4532 7607 4533 7607 4473 7608 4533 7608 4534 7608 4473 7609 4534 7609 4535 7609 4473 7610 4535 7610 4536 7610 4473 7611 4536 7611 4537 7611 4473 7612 4537 7612 4538 7612 4473 7613 4538 7613 4539 7613 4473 7614 4539 7614 4540 7614 4473 7615 4540 7615 4541 7615 4473 7616 4541 7616 4542 7616 4473 7617 4542 7617 4543 7617 4473 7618 4543 7618 4527 7618 4473 7619 4526 7619 4544 7619 4473 7620 4544 7620 4545 7620 4473 7621 4545 7621 4546 7621 4473 7622 4546 7622 4547 7622 4473 7623 4547 7623 4548 7623 4473 7624 4548 7624 4549 7624 4473 7625 4549 7625 4550 7625 4473 7626 4550 7626 4551 7626 4473 7627 4551 7627 4520 7627 4473 7628 4519 7628 4552 7628 4473 7629 4552 7629 4553 7629 4473 7630 4553 7630 4554 7630 4473 7631 4554 7631 4555 7631 4473 7632 4555 7632 4556 7632 4473 7633 4556 7633 4557 7633 4473 7634 4557 7634 4558 7634 4473 7635 4558 7635 4559 7635 4473 7636 4559 7636 4560 7636 4473 7637 4560 7637 4561 7637 4473 7638 4561 7638 4562 7638 4473 7639 4562 7639 4563 7639 4473 7640 4563 7640 4564 7640 4473 7641 4564 7641 4474 7641 4507 7642 4565 7642 4566 7642 4507 7643 4566 7643 4567 7643 4507 7644 4567 7644 4568 7644 4507 7645 4568 7645 4569 7645 4507 7646 4569 7646 4570 7646 4507 7647 4570 7647 4571 7647 4507 7648 4571 7648 4572 7648 4507 7649 4572 7649 4573 7649 4507 7650 4573 7650 4508 7650 4474 7651 4506 7651 4574 7651 4474 7652 4574 7652 4575 7652 4474 7653 4575 7653 4576 7653 4474 7654 4576 7654 4577 7654 4474 7655 4577 7655 4578 7655 4474 7656 4578 7656 4579 7656 4474 7657 4579 7657 4580 7657 4474 7658 4580 7658 4581 7658 4474 7659 4581 7659 4582 7659 4474 7660 4582 7660 4583 7660 4474 7661 4583 7661 4475 7661 4584 7662 4500 7662 4499 7662 4584 7663 4499 7663 4585 7663 4584 7664 4585 7664 4586 7664 4584 7665 4586 7665 4587 7665 4584 7666 4587 7666 4581 7666 4584 7667 4581 7667 4580 7667 4498 7668 4497 7668 4423 7668 4498 7669 4423 7669 4429 7669 4498 7670 4429 7670 4588 7670 4498 7671 4588 7671 4589 7671 4498 7672 4589 7672 4590 7672 4498 7673 4590 7673 4430 7673 4498 7674 4430 7674 4432 7674 4498 7675 4432 7675 4591 7675 4498 7676 4591 7676 4592 7676 4498 7677 4592 7677 4593 7677 4498 7678 4593 7678 4594 7678 4498 7679 4594 7679 4595 7679 4498 7680 4595 7680 4596 7680 4498 7681 4596 7681 4597 7681 4498 7682 4597 7682 4598 7682 4498 7683 4598 7683 4599 7683 4498 7684 4599 7684 4600 7684 4498 7685 4600 7685 4461 7685 4498 7686 4461 7686 4467 7686 4498 7687 4467 7687 4601 7687 4498 7688 4601 7688 4602 7688 4498 7689 4602 7689 4603 7689 4498 7690 4603 7690 4604 7690 4498 7691 4604 7691 4605 7691 4498 7692 4605 7692 4606 7692 4498 7693 4606 7693 4607 7693 4498 7694 4607 7694 4608 7694 4498 7695 4608 7695 4609 7695 4498 7696 4609 7696 4610 7696 4498 7697 4610 7697 4611 7697 4498 7698 4611 7698 4532 7698 4497 7699 4496 7699 4612 7699 4497 7700 4612 7700 4613 7700 4497 7701 4613 7701 4614 7701 4497 7702 4614 7702 4615 7702 4497 7703 4615 7703 4616 7703 4497 7704 4616 7704 4617 7704 4497 7705 4617 7705 4618 7705 4497 7706 4618 7706 4619 7706 4497 7707 4619 7707 4620 7707 4497 7708 4620 7708 4621 7708 4497 7709 4621 7709 4622 7709 4623 7710 4624 7710 4625 7710 4623 7711 4625 7711 4455 7711 4623 7712 4455 7712 4460 7712 4495 7713 4494 7713 4626 7713 4495 7714 4626 7714 4627 7714 4495 7715 4627 7715 4628 7715 4495 7716 4628 7716 4629 7716 4495 7717 4629 7717 4630 7717 4495 7718 4630 7718 4631 7718 4495 7719 4631 7719 4632 7719 4495 7720 4632 7720 4633 7720 4495 7721 4633 7721 4634 7721 4495 7722 4634 7722 4635 7722 4495 7723 4635 7723 4624 7723 4495 7724 4624 7724 4623 7724 4636 7725 4637 7725 4638 7725 4636 7726 4638 7726 4445 7726 4636 7727 4445 7727 4451 7727 4639 7728 4629 7728 4628 7728 4639 7729 4628 7729 4640 7729 4639 7730 4640 7730 4641 7730 4639 7731 4641 7731 4642 7731 4639 7732 4642 7732 4637 7732 4639 7733 4637 7733 4636 7733 4457 7734 4456 7734 4518 7734 4457 7735 4518 7735 4643 7735 4457 7736 4643 7736 4644 7736 4457 7737 4644 7737 4645 7737 4457 7738 4645 7738 4646 7738 4457 7739 4646 7739 4647 7739 4457 7740 4647 7740 4648 7740 4649 7741 4650 7741 4322 7741 4322 7742 4650 7742 4316 7742 4650 7743 4651 7743 4316 7743 4316 7744 4651 7744 4317 7744 4651 7745 4652 7745 4317 7745 4317 7746 4652 7746 4315 7746 4652 7747 4653 7747 4315 7747 4315 7748 4653 7748 4313 7748 4327 7749 4654 7749 4330 7749 4330 7750 4654 7750 4655 7750 4330 7751 4655 7751 4333 7751 4333 7752 4655 7752 4656 7752 4333 7753 4656 7753 4335 7753 4335 7754 4656 7754 4657 7754 4335 7755 4657 7755 4336 7755 4336 7756 4657 7756 4658 7756 4336 7757 4658 7757 4337 7757 4337 7758 4658 7758 4659 7758 4337 7759 4659 7759 4334 7759 4334 7760 4659 7760 4660 7760 4334 7761 4660 7761 4332 7761 4654 7762 4327 7762 4661 7762 4661 7763 4327 7763 4324 7763 4661 7764 4324 7764 4662 7764 4662 7765 4324 7765 4323 7765 4662 7766 4323 7766 4663 7766 4663 7767 4323 7767 4321 7767 4663 7768 4321 7768 4664 7768 4664 7769 4321 7769 4320 7769 4664 7770 4320 7770 4665 7770 4665 7771 4320 7771 4319 7771 4665 7772 4319 7772 4666 7772 4666 7773 4319 7773 4318 7773 4666 7774 4318 7774 4667 7774 4667 7775 4318 7775 4314 7775 4667 7776 4314 7776 4668 7776 4668 7777 4314 7777 4313 7777 4668 7778 4313 7778 4653 7778 4328 7779 4669 7779 4326 7779 4326 7780 4669 7780 4670 7780 4326 7781 4670 7781 4325 7781 4325 7782 4670 7782 4649 7782 4325 7783 4649 7783 4322 7783 4669 7784 4328 7784 4671 7784 4671 7785 4328 7785 4329 7785 4671 7786 4329 7786 4672 7786 4672 7787 4329 7787 4331 7787 4672 7788 4331 7788 4673 7788 4673 7789 4331 7789 4332 7789 4673 7790 4332 7790 4660 7790 4674 7791 4675 7791 4356 7791 4356 7792 4675 7792 4357 7792 4675 7793 4676 7793 4357 7793 4357 7794 4676 7794 4358 7794 4371 7795 4677 7795 4372 7795 4372 7796 4677 7796 4678 7796 4372 7797 4678 7797 4373 7797 4373 7798 4678 7798 4679 7798 4373 7799 4679 7799 4374 7799 4374 7800 4679 7800 4680 7800 4374 7801 4680 7801 4378 7801 4677 7802 4371 7802 4681 7802 4681 7803 4371 7803 4361 7803 4681 7804 4361 7804 4682 7804 4682 7805 4361 7805 4360 7805 4682 7806 4360 7806 4683 7806 4683 7807 4360 7807 4359 7807 4683 7808 4359 7808 4684 7808 4684 7809 4359 7809 4358 7809 4684 7810 4358 7810 4676 7810 4380 7811 4685 7811 4381 7811 4381 7812 4685 7812 4686 7812 4381 7813 4686 7813 4382 7813 4685 7814 4380 7814 4687 7814 4687 7815 4380 7815 4379 7815 4687 7816 4379 7816 4688 7816 4688 7817 4379 7817 4378 7817 4688 7818 4378 7818 4680 7818 4686 7819 4689 7819 4382 7819 4382 7820 4689 7820 4375 7820 4689 7821 4690 7821 4375 7821 4375 7822 4690 7822 4376 7822 4376 7823 4690 7823 4377 7823 4377 7824 4690 7824 4691 7824 4691 7825 4692 7825 4377 7825 4377 7826 4692 7826 4370 7826 4692 7827 4693 7827 4370 7827 4370 7828 4693 7828 4362 7828 4693 7829 4694 7829 4362 7829 4362 7830 4694 7830 4349 7830 4694 7831 4695 7831 4349 7831 4349 7832 4695 7832 4350 7832 4695 7833 4696 7833 4350 7833 4350 7834 4696 7834 4386 7834 4386 7835 4696 7835 4384 7835 4384 7836 4696 7836 4697 7836 4697 7837 4698 7837 4384 7837 4384 7838 4698 7838 4385 7838 4385 7839 4698 7839 4343 7839 4343 7840 4698 7840 4699 7840 4699 7841 4700 7841 4343 7841 4343 7842 4700 7842 4341 7842 4700 7843 4701 7843 4341 7843 4341 7844 4701 7844 4342 7844 4701 7845 4702 7845 4342 7845 4342 7846 4702 7846 4383 7846 4400 7847 4703 7847 4401 7847 4401 7848 4703 7848 4704 7848 4401 7849 4704 7849 4387 7849 4387 7850 4704 7850 4705 7850 4387 7851 4705 7851 4388 7851 4388 7852 4705 7852 4706 7852 4388 7853 4706 7853 4389 7853 4389 7854 4706 7854 4707 7854 4389 7855 4707 7855 4390 7855 4390 7856 4707 7856 4708 7856 4390 7857 4708 7857 4391 7857 4391 7858 4708 7858 4709 7858 4391 7859 4709 7859 4392 7859 4703 7860 4400 7860 4710 7860 4710 7861 4400 7861 4399 7861 4710 7862 4399 7862 4711 7862 4711 7863 4399 7863 4398 7863 4711 7864 4398 7864 4712 7864 4712 7865 4398 7865 4397 7865 4712 7866 4397 7866 4713 7866 4713 7867 4397 7867 4410 7867 4713 7868 4410 7868 4714 7868 4714 7869 4410 7869 4412 7869 4714 7870 4412 7870 4715 7870 4715 7871 4412 7871 4411 7871 4715 7872 4411 7872 4716 7872 4716 7873 4411 7873 4383 7873 4716 7874 4383 7874 4702 7874 4394 7875 4717 7875 4395 7875 4395 7876 4717 7876 4718 7876 4395 7877 4718 7877 4396 7877 4717 7878 4394 7878 4719 7878 4719 7879 4394 7879 4393 7879 4719 7880 4393 7880 4720 7880 4720 7881 4393 7881 4392 7881 4720 7882 4392 7882 4709 7882 4405 7883 4721 7883 4415 7883 4415 7884 4721 7884 4722 7884 4415 7885 4722 7885 4417 7885 4721 7886 4405 7886 4723 7886 4723 7887 4405 7887 4404 7887 4723 7888 4404 7888 4724 7888 4724 7889 4404 7889 4403 7889 4724 7890 4403 7890 4725 7890 4725 7891 4403 7891 4396 7891 4725 7892 4396 7892 4718 7892 4722 7893 4726 7893 4417 7893 4417 7894 4726 7894 4416 7894 4726 7895 4727 7895 4416 7895 4416 7896 4727 7896 4413 7896 4413 7897 4727 7897 4414 7897 4414 7898 4727 7898 4728 7898 4728 7899 4729 7899 4414 7899 4414 7900 4729 7900 4406 7900 4406 7901 4729 7901 4402 7901 4402 7902 4729 7902 4730 7902 4730 7903 4731 7903 4402 7903 4402 7904 4731 7904 4351 7904 4731 7905 4732 7905 4351 7905 4351 7906 4732 7906 4352 7906 4352 7907 4732 7907 4409 7907 4409 7908 4732 7908 4733 7908 4733 7909 4734 7909 4409 7909 4409 7910 4734 7910 4348 7910 4348 7911 4734 7911 4340 7911 4340 7912 4734 7912 4735 7912 4735 7913 4736 7913 4340 7913 4340 7914 4736 7914 4338 7914 4338 7915 4736 7915 4339 7915 4339 7916 4736 7916 4737 7916 4737 7917 4738 7917 4339 7917 4339 7918 4738 7918 4344 7918 4366 7919 4739 7919 4368 7919 4368 7920 4739 7920 4740 7920 4368 7921 4740 7921 4369 7921 4739 7922 4366 7922 4741 7922 4741 7923 4366 7923 4365 7923 4741 7924 4365 7924 4742 7924 4742 7925 4365 7925 4364 7925 4742 7926 4364 7926 4743 7926 4743 7927 4364 7927 4344 7927 4743 7928 4344 7928 4738 7928 4740 7929 4744 7929 4369 7929 4369 7930 4744 7930 4367 7930 4744 7931 4745 7931 4367 7931 4367 7932 4745 7932 4363 7932 4408 7933 4746 7933 4353 7933 4353 7934 4746 7934 4747 7934 4353 7935 4747 7935 4354 7935 4354 7936 4747 7936 4748 7936 4354 7937 4748 7937 4355 7937 4355 7938 4748 7938 4674 7938 4355 7939 4674 7939 4356 7939 4746 7940 4408 7940 4749 7940 4749 7941 4408 7941 4407 7941 4749 7942 4407 7942 4750 7942 4750 7943 4407 7943 4347 7943 4750 7944 4347 7944 4751 7944 4751 7945 4347 7945 4346 7945 4751 7946 4346 7946 4752 7946 4752 7947 4346 7947 4345 7947 4752 7948 4345 7948 4753 7948 4753 7949 4345 7949 4363 7949 4753 7950 4363 7950 4745 7950 4754 7951 4755 7951 4497 7951 4497 7952 4755 7952 4423 7952 4755 7953 4756 7953 4423 7953 4423 7954 4756 7954 4425 7954 4756 7955 4757 7955 4425 7955 4425 7956 4757 7956 4424 7956 4429 7957 4758 7957 4588 7957 4588 7958 4758 7958 4759 7958 4588 7959 4759 7959 4589 7959 4758 7960 4429 7960 4760 7960 4760 7961 4429 7961 4422 7961 4760 7962 4422 7962 4761 7962 4761 7963 4422 7963 4424 7963 4761 7964 4424 7964 4757 7964 4553 7965 4762 7965 4554 7965 4554 7966 4762 7966 4763 7966 4554 7967 4763 7967 4555 7967 4555 7968 4763 7968 4764 7968 4555 7969 4764 7969 4556 7969 4556 7970 4764 7970 4765 7970 4556 7971 4765 7971 4557 7971 4557 7972 4765 7972 4766 7972 4557 7973 4766 7973 4558 7973 4558 7974 4766 7974 4767 7974 4558 7975 4767 7975 4559 7975 4762 7976 4553 7976 4768 7976 4768 7977 4553 7977 4552 7977 4768 7978 4552 7978 4769 7978 4769 7979 4552 7979 4519 7979 4769 7980 4519 7980 4770 7980 4770 7981 4519 7981 4470 7981 4770 7982 4470 7982 4771 7982 4771 7983 4470 7983 4469 7983 4771 7984 4469 7984 4772 7984 4772 7985 4469 7985 4430 7985 4772 7986 4430 7986 4773 7986 4773 7987 4430 7987 4590 7987 4773 7988 4590 7988 4774 7988 4774 7989 4590 7989 4589 7989 4774 7990 4589 7990 4759 7990 4561 7991 4775 7991 4562 7991 4562 7992 4775 7992 4776 7992 4562 7993 4776 7993 4563 7993 4775 7994 4561 7994 4777 7994 4777 7995 4561 7995 4560 7995 4777 7996 4560 7996 4778 7996 4778 7997 4560 7997 4559 7997 4778 7998 4559 7998 4767 7998 4776 7999 4779 7999 4563 7999 4563 8000 4779 8000 4564 8000 4564 8001 4779 8001 4474 8001 4474 8002 4779 8002 4780 8002 4780 8003 4781 8003 4474 8003 4474 8004 4781 8004 4507 8004 4781 8005 4782 8005 4507 8005 4507 8006 4782 8006 4565 8006 4508 8007 4783 8007 4509 8007 4509 8008 4783 8008 4784 8008 4509 8009 4784 8009 4510 8009 4510 8010 4784 8010 4785 8010 4510 8011 4785 8011 4511 8011 4511 8012 4785 8012 4786 8012 4511 8013 4786 8013 4512 8013 4512 8014 4786 8014 4787 8014 4512 8015 4787 8015 4513 8015 4513 8016 4787 8016 4788 8016 4513 8017 4788 8017 4514 8017 4514 8018 4788 8018 4789 8018 4514 8019 4789 8019 4515 8019 4515 8020 4789 8020 4790 8020 4515 8021 4790 8021 4516 8021 4783 8022 4508 8022 4791 8022 4791 8023 4508 8023 4573 8023 4791 8024 4573 8024 4792 8024 4792 8025 4573 8025 4572 8025 4792 8026 4572 8026 4793 8026 4793 8027 4572 8027 4571 8027 4793 8028 4571 8028 4794 8028 4794 8029 4571 8029 4570 8029 4794 8030 4570 8030 4795 8030 4795 8031 4570 8031 4569 8031 4795 8032 4569 8032 4796 8032 4796 8033 4569 8033 4568 8033 4796 8034 4568 8034 4797 8034 4797 8035 4568 8035 4567 8035 4797 8036 4567 8036 4798 8036 4798 8037 4567 8037 4566 8037 4798 8038 4566 8038 4799 8038 4799 8039 4566 8039 4565 8039 4799 8040 4565 8040 4782 8040 4644 8041 4800 8041 4645 8041 4645 8042 4800 8042 4801 8042 4645 8043 4801 8043 4646 8043 4646 8044 4801 8044 4802 8044 4646 8045 4802 8045 4647 8045 4647 8046 4802 8046 4803 8046 4647 8047 4803 8047 4648 8047 4800 8048 4644 8048 4804 8048 4804 8049 4644 8049 4643 8049 4804 8050 4643 8050 4805 8050 4805 8051 4643 8051 4518 8051 4805 8052 4518 8052 4806 8052 4806 8053 4518 8053 4517 8053 4806 8054 4517 8054 4807 8054 4807 8055 4517 8055 4516 8055 4807 8056 4516 8056 4790 8056 4803 8057 4808 8057 4648 8057 4648 8058 4808 8058 4457 8058 4808 8059 4809 8059 4457 8059 4457 8060 4809 8060 4419 8060 4809 8061 4810 8061 4419 8061 4419 8062 4810 8062 4438 8062 4440 8063 4811 8063 4421 8063 4421 8064 4811 8064 4812 8064 4421 8065 4812 8065 4420 8065 4811 8066 4440 8066 4813 8066 4813 8067 4440 8067 4439 8067 4813 8068 4439 8068 4814 8068 4814 8069 4439 8069 4438 8069 4814 8070 4438 8070 4810 8070 4443 8071 4815 8071 4444 8071 4444 8072 4815 8072 4816 8072 4444 8073 4816 8073 4458 8073 4458 8074 4816 8074 4817 8074 4458 8075 4817 8075 4459 8075 4459 8076 4817 8076 4818 8076 4459 8077 4818 8077 4460 8077 4815 8078 4443 8078 4819 8078 4819 8079 4443 8079 4442 8079 4819 8080 4442 8080 4820 8080 4820 8081 4442 8081 4441 8081 4820 8082 4441 8082 4821 8082 4821 8083 4441 8083 4418 8083 4821 8084 4418 8084 4822 8084 4822 8085 4418 8085 4420 8085 4822 8086 4420 8086 4812 8086 4615 8087 4823 8087 4616 8087 4616 8088 4823 8088 4824 8088 4616 8089 4824 8089 4617 8089 4617 8090 4824 8090 4825 8090 4617 8091 4825 8091 4618 8091 4618 8092 4825 8092 4826 8092 4618 8093 4826 8093 4619 8093 4619 8094 4826 8094 4827 8094 4619 8095 4827 8095 4620 8095 4620 8096 4827 8096 4828 8096 4620 8097 4828 8097 4621 8097 4823 8098 4615 8098 4829 8098 4829 8099 4615 8099 4614 8099 4829 8100 4614 8100 4830 8100 4830 8101 4614 8101 4613 8101 4830 8102 4613 8102 4831 8102 4831 8103 4613 8103 4612 8103 4831 8104 4612 8104 4832 8104 4832 8105 4612 8105 4496 8105 4832 8106 4496 8106 4833 8106 4833 8107 4496 8107 4495 8107 4833 8108 4495 8108 4834 8108 4834 8109 4495 8109 4623 8109 4834 8110 4623 8110 4835 8110 4835 8111 4623 8111 4460 8111 4835 8112 4460 8112 4818 8112 4621 8113 4828 8113 4622 8113 4622 8114 4828 8114 4836 8114 4836 8115 4754 8115 4622 8115 4622 8116 4754 8116 4497 8116 4730 8117 4728 8117 4731 8117 4730 8118 4729 8118 4728 8118 4719 8119 4791 8119 4717 8119 4779 8120 4781 8120 4780 8120 4682 8121 4820 8121 4681 8121 4689 8122 4702 8122 4701 8122 4832 8123 4833 8123 4834 8123 4824 8124 4748 8124 4747 8124 4667 8125 4766 8125 4765 8125 4674 8126 4748 8126 4824 8126 4674 8127 4824 8127 4816 8127 4674 8128 4816 8128 4815 8128 4674 8129 4815 8129 4675 8129 4694 8130 4693 8130 4692 8130 4694 8131 4692 8131 4691 8131 4694 8132 4691 8132 4690 8132 4694 8133 4690 8133 4695 8133 4700 8134 4699 8134 4698 8134 4700 8135 4698 8135 4697 8135 4700 8136 4697 8136 4696 8136 4700 8137 4696 8137 4695 8137 4722 8138 4721 8138 4777 8138 4722 8139 4777 8139 4653 8139 4722 8140 4653 8140 4652 8140 4722 8141 4652 8141 4726 8141 4776 8142 4775 8142 4723 8142 4776 8143 4723 8143 4724 8143 4776 8144 4724 8144 4725 8144 4776 8145 4725 8145 4792 8145 4776 8146 4792 8146 4793 8146 4776 8147 4793 8147 4782 8147 4776 8148 4782 8148 4781 8148 4776 8149 4781 8149 4779 8149 4782 8150 4793 8150 4794 8150 4782 8151 4794 8151 4795 8151 4782 8152 4795 8152 4796 8152 4782 8153 4796 8153 4799 8153 4803 8154 4802 8154 4702 8154 4803 8155 4702 8155 4689 8155 4803 8156 4689 8156 4686 8156 4803 8157 4686 8157 4808 8157 4828 8158 4827 8158 4744 8158 4828 8159 4744 8159 4756 8159 4828 8160 4756 8160 4836 8160 4651 8161 4650 8161 4739 8161 4651 8162 4739 8162 4741 8162 4651 8163 4741 8163 4742 8163 4651 8164 4742 8164 4743 8164 4651 8165 4743 8165 4738 8165 4651 8166 4738 8166 4737 8166 4651 8167 4737 8167 4736 8167 4651 8168 4736 8168 4731 8168 4651 8169 4731 8169 4728 8169 4651 8170 4728 8170 4727 8170 4651 8171 4727 8171 4726 8171 4651 8172 4726 8172 4652 8172 4825 8173 4824 8173 4747 8173 4825 8174 4747 8174 4746 8174 4825 8175 4746 8175 4749 8175 4825 8176 4749 8176 4750 8176 4825 8177 4750 8177 4751 8177 4825 8178 4751 8178 4752 8178 4825 8179 4752 8179 4753 8179 4825 8180 4753 8180 4745 8180 4825 8181 4745 8181 4826 8181 4792 8182 4725 8182 4718 8182 4792 8183 4718 8183 4717 8183 4792 8184 4717 8184 4791 8184 4695 8185 4690 8185 4689 8185 4695 8186 4689 8186 4701 8186 4695 8187 4701 8187 4700 8187 4808 8188 4686 8188 4685 8188 4808 8189 4685 8189 4810 8189 4808 8190 4810 8190 4809 8190 4731 8191 4736 8191 4735 8191 4731 8192 4735 8192 4734 8192 4731 8193 4734 8193 4733 8193 4731 8194 4733 8194 4732 8194 4760 8195 4761 8195 4649 8195 4760 8196 4649 8196 4670 8196 4760 8197 4670 8197 4669 8197 4760 8198 4669 8198 4671 8198 4760 8199 4671 8199 4672 8199 4760 8200 4672 8200 4758 8200 4767 8201 4766 8201 4778 8201 4778 8202 4766 8202 4667 8202 4778 8203 4667 8203 4777 8203 4777 8204 4667 8204 4668 8204 4777 8205 4668 8205 4653 8205 4745 8206 4744 8206 4826 8206 4826 8207 4744 8207 4827 8207 4721 8208 4723 8208 4777 8208 4777 8209 4723 8209 4775 8209 4702 8210 4802 8210 4716 8210 4716 8211 4802 8211 4801 8211 4716 8212 4801 8212 4800 8212 4716 8213 4800 8213 4715 8213 4715 8214 4800 8214 4804 8214 4715 8215 4804 8215 4714 8215 4714 8216 4804 8216 4805 8216 4714 8217 4805 8217 4713 8217 4713 8218 4805 8218 4806 8218 4713 8219 4806 8219 4712 8219 4712 8220 4806 8220 4807 8220 4712 8221 4807 8221 4711 8221 4711 8222 4807 8222 4710 8222 4710 8223 4807 8223 4790 8223 4710 8224 4790 8224 4703 8224 4703 8225 4790 8225 4789 8225 4703 8226 4789 8226 4704 8226 4704 8227 4789 8227 4788 8227 4704 8228 4788 8228 4705 8228 4705 8229 4788 8229 4787 8229 4705 8230 4787 8230 4706 8230 4706 8231 4787 8231 4786 8231 4706 8232 4786 8232 4707 8232 4707 8233 4786 8233 4785 8233 4707 8234 4785 8234 4708 8234 4708 8235 4785 8235 4784 8235 4708 8236 4784 8236 4709 8236 4709 8237 4784 8237 4783 8237 4709 8238 4783 8238 4720 8238 4720 8239 4783 8239 4791 8239 4720 8240 4791 8240 4719 8240 4796 8241 4797 8241 4799 8241 4799 8242 4797 8242 4798 8242 4819 8243 4684 8243 4815 8243 4815 8244 4684 8244 4676 8244 4815 8245 4676 8245 4675 8245 4820 8246 4682 8246 4819 8246 4819 8247 4682 8247 4683 8247 4819 8248 4683 8248 4684 8248 4681 8249 4820 8249 4677 8249 4677 8250 4820 8250 4821 8250 4677 8251 4821 8251 4678 8251 4678 8252 4821 8252 4822 8252 4678 8253 4822 8253 4679 8253 4679 8254 4822 8254 4680 8254 4680 8255 4822 8255 4812 8255 4680 8256 4812 8256 4811 8256 4680 8257 4811 8257 4688 8257 4688 8258 4811 8258 4813 8258 4688 8259 4813 8259 4687 8259 4687 8260 4813 8260 4814 8260 4687 8261 4814 8261 4685 8261 4685 8262 4814 8262 4810 8262 4816 8263 4824 8263 4817 8263 4817 8264 4824 8264 4823 8264 4817 8265 4823 8265 4818 8265 4818 8266 4823 8266 4829 8266 4818 8267 4829 8267 4835 8267 4835 8268 4829 8268 4830 8268 4835 8269 4830 8269 4834 8269 4834 8270 4830 8270 4831 8270 4834 8271 4831 8271 4832 8271 4836 8272 4756 8272 4754 8272 4754 8273 4756 8273 4755 8273 4744 8274 4740 8274 4756 8274 4756 8275 4740 8275 4649 8275 4756 8276 4649 8276 4757 8276 4757 8277 4649 8277 4761 8277 4740 8278 4739 8278 4649 8278 4649 8279 4739 8279 4650 8279 4758 8280 4672 8280 4759 8280 4759 8281 4672 8281 4673 8281 4759 8282 4673 8282 4774 8282 4774 8283 4673 8283 4660 8283 4774 8284 4660 8284 4773 8284 4773 8285 4660 8285 4659 8285 4773 8286 4659 8286 4658 8286 4773 8287 4658 8287 4772 8287 4772 8288 4658 8288 4657 8288 4772 8289 4657 8289 4771 8289 4771 8290 4657 8290 4656 8290 4771 8291 4656 8291 4770 8291 4770 8292 4656 8292 4655 8292 4770 8293 4655 8293 4769 8293 4769 8294 4655 8294 4654 8294 4769 8295 4654 8295 4768 8295 4768 8296 4654 8296 4661 8296 4768 8297 4661 8297 4762 8297 4762 8298 4661 8298 4662 8298 4762 8299 4662 8299 4763 8299 4763 8300 4662 8300 4663 8300 4763 8301 4663 8301 4764 8301 4764 8302 4663 8302 4664 8302 4764 8303 4664 8303 4665 8303 4764 8304 4665 8304 4765 8304 4765 8305 4665 8305 4666 8305 4765 8306 4666 8306 4667 8306 4837 8307 4838 8307 4839 8307 4837 8308 4839 8308 4840 8308 4837 8309 4840 8309 4841 8309 4841 8310 4840 8310 4842 8310 4841 8311 4842 8311 4843 8311 4841 8312 4843 8312 4844 8312 4841 8313 4844 8313 4845 8313 4841 8314 4845 8314 4846 8314 4841 8315 4846 8315 4847 8315 4841 8316 4847 8316 4848 8316 4849 8317 4850 8317 4851 8317 4852 8318 4850 8318 4849 8318 4853 8319 4852 8319 4849 8319 4854 8320 4855 8320 4856 8320 4854 8321 4856 8321 4857 8321 4854 8322 4857 8322 4858 8322 4854 8323 4858 8323 4859 8323 4854 8324 4859 8324 4860 8324 4854 8325 4860 8325 4861 8325 4854 8326 4861 8326 4862 8326 4854 8327 4862 8327 4863 8327 4854 8328 4863 8328 4864 8328 4854 8329 4864 8329 4865 8329 4864 8330 4866 8330 4865 8330 4865 8331 4866 8331 4849 8331 4865 8332 4849 8332 4851 8332 4867 8333 4868 8333 4869 8333 4870 8334 4871 8334 4872 8334 4873 8335 4874 8335 4875 8335 4876 8336 4877 8336 4878 8336 4877 8337 4879 8337 4878 8337 4880 8338 4881 8338 4882 8338 4883 8339 4884 8339 4885 8339 4883 8340 4886 8340 4884 8340 4887 8341 4888 8341 4889 8341 4890 8342 4891 8342 4892 8342 4887 8343 4889 8343 4893 8343 4893 8344 4894 8344 4887 8344 4895 8345 4877 8345 4896 8345 4897 8346 4898 8346 4899 8346 4897 8347 4900 8347 4898 8347 4901 8348 4900 8348 4897 8348 4902 8349 4894 8349 4903 8349 4887 8350 4894 8350 4902 8350 4904 8351 4877 8351 4876 8351 4905 8352 4877 8352 4904 8352 4896 8353 4877 8353 4905 8353 4906 8354 4907 8354 4908 8354 4906 8355 4909 8355 4907 8355 4910 8356 4911 8356 4912 8356 4910 8357 4913 8357 4911 8357 4914 8358 4915 8358 4916 8358 4890 8359 4917 8359 4918 8359 4890 8360 4919 8360 4917 8360 4890 8361 4920 8361 4919 8361 4890 8362 4921 8362 4920 8362 4890 8363 4922 8363 4921 8363 4890 8364 4923 8364 4922 8364 4890 8365 4924 8365 4923 8365 4890 8366 4892 8366 4924 8366 4925 8367 4926 8367 4927 8367 4925 8368 4927 8368 4928 8368 4925 8369 4928 8369 4929 8369 4925 8370 4929 8370 4930 8370 4925 8371 4930 8371 4931 8371 4925 8372 4931 8372 4932 8372 4925 8373 4932 8373 4933 8373 4925 8374 4933 8374 4881 8374 4925 8375 4881 8375 4934 8375 4925 8376 4934 8376 4935 8376 4936 8377 4895 8377 4896 8377 4936 8378 4896 8378 4937 8378 4936 8379 4937 8379 4938 8379 4936 8380 4938 8380 4939 8380 4936 8381 4939 8381 4940 8381 4941 8382 4942 8382 4943 8382 4941 8383 4943 8383 4944 8383 4941 8384 4944 8384 4945 8384 4941 8385 4945 8385 4946 8385 4941 8386 4946 8386 4947 8386 4941 8387 4947 8387 4948 8387 4941 8388 4948 8388 4949 8388 4941 8389 4949 8389 4950 8389 4941 8390 4950 8390 4951 8390 4941 8391 4951 8391 4952 8391 4941 8392 4952 8392 4953 8392 4941 8393 4953 8393 4954 8393 4941 8394 4954 8394 4955 8394 4941 8395 4955 8395 4956 8395 4941 8396 4956 8396 4957 8396 4958 8397 4959 8397 4960 8397 4958 8398 4960 8398 4961 8398 4958 8399 4961 8399 4962 8399 4958 8400 4962 8400 4963 8400 4958 8401 4963 8401 4964 8401 4958 8402 4964 8402 4965 8402 4958 8403 4965 8403 4966 8403 4967 8404 4899 8404 4898 8404 4967 8405 4898 8405 4968 8405 4967 8406 4968 8406 4969 8406 4967 8407 4969 8407 4970 8407 4967 8408 4970 8408 4971 8408 4967 8409 4971 8409 4972 8409 4967 8410 4972 8410 4973 8410 4967 8411 4973 8411 4974 8411 4967 8412 4974 8412 4975 8412 4967 8413 4975 8413 4959 8413 4967 8414 4959 8414 4958 8414 4976 8415 4977 8415 4978 8415 4976 8416 4978 8416 4979 8416 4976 8417 4979 8417 4980 8417 4976 8418 4980 8418 4981 8418 4976 8419 4981 8419 4982 8419 4983 8420 4984 8420 4985 8420 4983 8421 4985 8421 4986 8421 4983 8422 4986 8422 4987 8422 4983 8423 4987 8423 4988 8423 4983 8424 4988 8424 4989 8424 4983 8425 4989 8425 4990 8425 4983 8426 4990 8426 4991 8426 4983 8427 4991 8427 4992 8427 4983 8428 4992 8428 4993 8428 4983 8429 4993 8429 4994 8429 4995 8430 4996 8430 4997 8430 4995 8431 4997 8431 4871 8431 4995 8432 4871 8432 4870 8432 4995 8433 4870 8433 4998 8433 4995 8434 4998 8434 4999 8434 4995 8435 4999 8435 5000 8435 4995 8436 5000 8436 5001 8436 4995 8437 5001 8437 5002 8437 4995 8438 5002 8438 5003 8438 4995 8439 5003 8439 5004 8439 4995 8440 5004 8440 5005 8440 4995 8441 5005 8441 5006 8441 4995 8442 5006 8442 5007 8442 4995 8443 5007 8443 5008 8443 4995 8444 5008 8444 5009 8444 4995 8445 5009 8445 5010 8445 4995 8446 5010 8446 5011 8446 4996 8447 5012 8447 4914 8447 4996 8448 4914 8448 5013 8448 4996 8449 5013 8449 5014 8449 4996 8450 5014 8450 5015 8450 4996 8451 5015 8451 5016 8451 4996 8452 5016 8452 5017 8452 4996 8453 5017 8453 5018 8453 4996 8454 5018 8454 5019 8454 4996 8455 5019 8455 5020 8455 4996 8456 5020 8456 5021 8456 4996 8457 5021 8457 5022 8457 4996 8458 5022 8458 5023 8458 4996 8459 5023 8459 4997 8459 5024 8460 5025 8460 5026 8460 5024 8461 5026 8461 5027 8461 5024 8462 5027 8462 5028 8462 5024 8463 5028 8463 5029 8463 5024 8464 5029 8464 5030 8464 5024 8465 5030 8465 5031 8465 5024 8466 5031 8466 5032 8466 5024 8467 5032 8467 5033 8467 5024 8468 5033 8468 4868 8468 5024 8469 4868 8469 4867 8469 5024 8470 4867 8470 5034 8470 5024 8471 5034 8471 5035 8471 5024 8472 5035 8472 5036 8472 5024 8473 5036 8473 5013 8473 5024 8474 5013 8474 4914 8474 5024 8475 4914 8475 4916 8475 5024 8476 4916 8476 4934 8476 5024 8477 4934 8477 4881 8477 5024 8478 4881 8478 4880 8478 5024 8479 4880 8479 5037 8479 5024 8480 5037 8480 5038 8480 5024 8481 5038 8481 5039 8481 5024 8482 5039 8482 5040 8482 5025 8483 5041 8483 5042 8483 5025 8484 5042 8484 5043 8484 5025 8485 5043 8485 5044 8485 5025 8486 5044 8486 5045 8486 5025 8487 5045 8487 5046 8487 5025 8488 5046 8488 5047 8488 5025 8489 5047 8489 5048 8489 5025 8490 5048 8490 5049 8490 5025 8491 5049 8491 5050 8491 5025 8492 5050 8492 5051 8492 5025 8493 5051 8493 5052 8493 5025 8494 5052 8494 5053 8494 5025 8495 5053 8495 4943 8495 5025 8496 4943 8496 5054 8496 5025 8497 5054 8497 5055 8497 5025 8498 5055 8498 5056 8498 5025 8499 5056 8499 5057 8499 5025 8500 5057 8500 5058 8500 5025 8501 5058 8501 4995 8501 5025 8502 4995 8502 5011 8502 5025 8503 5011 8503 4959 8503 5025 8504 4959 8504 4975 8504 5025 8505 4975 8505 5059 8505 5025 8506 5059 8506 5060 8506 5025 8507 5060 8507 5061 8507 5025 8508 5061 8508 5062 8508 5025 8509 5062 8509 5063 8509 5025 8510 5063 8510 5064 8510 5025 8511 5064 8511 4978 8511 5025 8512 4978 8512 5065 8512 5025 8513 5065 8513 5066 8513 5025 8514 5066 8514 5067 8514 5025 8515 5067 8515 5068 8515 5025 8516 5068 8516 5069 8516 5025 8517 5069 8517 5070 8517 5025 8518 5070 8518 5071 8518 5025 8519 5071 8519 5072 8519 5025 8520 5072 8520 5073 8520 5025 8521 5073 8521 5074 8521 5025 8522 5074 8522 5075 8522 5025 8523 5075 8523 5076 8523 5025 8524 5076 8524 5077 8524 5025 8525 5077 8525 5078 8525 5025 8526 5078 8526 5079 8526 5025 8527 5079 8527 5080 8527 5025 8528 5080 8528 5081 8528 5025 8529 5081 8529 5082 8529 5025 8530 5082 8530 5083 8530 5025 8531 5083 8531 5026 8531 4978 8532 4977 8532 5084 8532 4978 8533 5084 8533 5085 8533 4978 8534 5085 8534 5086 8534 4978 8535 5086 8535 5087 8535 4978 8536 5087 8536 5088 8536 4978 8537 5088 8537 5089 8537 4978 8538 5089 8538 5090 8538 4978 8539 5090 8539 5091 8539 4978 8540 5091 8540 5092 8540 4978 8541 5092 8541 5093 8541 4978 8542 5093 8542 5094 8542 4978 8543 5094 8543 5065 8543 5064 8544 5063 8544 5095 8544 5064 8545 5095 8545 5096 8545 5064 8546 5096 8546 5097 8546 5064 8547 5097 8547 5098 8547 5062 8548 5061 8548 5099 8548 5062 8549 5099 8549 5100 8549 5062 8550 5100 8550 5101 8550 5062 8551 5101 8551 5102 8551 5062 8552 5102 8552 5103 8552 5104 8553 5105 8553 5106 8553 5104 8554 5106 8554 5107 8554 5104 8555 5107 8555 5108 8555 5104 8556 5108 8556 4886 8556 5104 8557 4886 8557 4883 8557 5109 8558 5110 8558 5111 8558 5109 8559 5111 8559 4907 8559 5109 8560 4907 8560 4909 8560 5109 8561 4909 8561 5112 8561 5109 8562 5112 8562 5113 8562 5109 8563 5113 8563 5114 8563 5109 8564 5114 8564 5115 8564 5109 8565 5115 8565 5116 8565 5109 8566 5116 8566 4883 8566 5109 8567 4883 8567 4885 8567 5109 8568 4885 8568 4889 8568 5109 8569 4889 8569 4888 8569 4926 8570 4940 8570 4939 8570 4926 8571 4939 8571 5117 8571 4926 8572 5117 8572 5118 8572 4926 8573 5118 8573 5119 8573 4926 8574 5119 8574 5120 8574 4926 8575 5120 8575 4927 8575 5049 8576 5121 8576 5122 8576 5049 8577 5122 8577 4874 8577 5049 8578 4874 8578 4873 8578 5049 8579 4873 8579 5123 8579 5049 8580 5123 8580 5124 8580 5049 8581 5124 8581 5125 8581 5049 8582 5125 8582 5126 8582 5049 8583 5126 8583 5127 8583 5049 8584 5127 8584 5128 8584 5049 8585 5128 8585 5129 8585 5049 8586 5129 8586 5130 8586 5049 8587 5130 8587 5131 8587 5049 8588 5131 8588 5132 8588 5049 8589 5132 8589 5133 8589 5049 8590 5133 8590 5134 8590 5049 8591 5134 8591 5050 8591 5048 8592 5047 8592 5135 8592 5048 8593 5135 8593 5136 8593 5048 8594 5136 8594 5137 8594 5048 8595 5137 8595 5138 8595 5046 8596 5045 8596 5139 8596 5046 8597 5139 8597 5140 8597 5046 8598 5140 8598 5141 8598 5046 8599 5141 8599 5142 8599 5046 8600 5142 8600 5143 8600 5044 8601 5043 8601 5144 8601 5044 8602 5144 8602 5145 8602 5044 8603 5145 8603 5146 8603 5044 8604 5146 8604 5147 8604 5044 8605 5147 8605 5148 8605 5044 8606 5148 8606 5149 8606 5044 8607 5149 8607 5150 8607 5044 8608 5150 8608 5151 8608 5044 8609 5151 8609 5152 8609 5044 8610 5152 8610 5153 8610 5044 8611 5153 8611 4892 8611 5044 8612 4892 8612 4891 8612 5044 8613 4891 8613 5154 8613 5155 8614 5156 8614 5157 8614 5155 8615 5157 8615 5158 8615 5155 8616 5158 8616 5159 8616 5155 8617 5159 8617 5160 8617 5155 8618 5160 8618 5161 8618 5155 8619 5161 8619 5162 8619 5052 8620 5162 8620 5161 8620 5052 8621 5161 8621 5163 8621 5052 8622 5163 8622 5164 8622 5052 8623 5164 8623 5053 8623 4966 8624 4903 8624 4894 8624 4966 8625 4894 8625 5165 8625 4966 8626 5165 8626 5166 8626 4966 8627 5166 8627 4958 8627 5041 8628 5040 8628 5167 8628 5041 8629 5167 8629 5168 8629 5041 8630 5168 8630 5169 8630 5041 8631 5169 8631 5170 8631 5041 8632 5170 8632 5171 8632 5041 8633 5171 8633 5172 8633 5041 8634 5172 8634 5173 8634 5041 8635 5173 8635 5174 8635 5041 8636 5174 8636 5175 8636 5041 8637 5175 8637 5176 8637 5041 8638 5176 8638 5177 8638 5041 8639 5177 8639 5042 8639 5178 8640 5084 8640 4977 8640 5178 8641 4977 8641 5179 8641 5178 8642 5179 8642 5180 8642 5178 8643 5180 8643 5181 8643 5178 8644 5181 8644 5182 8644 5178 8645 5182 8645 5183 8645 5178 8646 5183 8646 5184 8646 5178 8647 5184 8647 5185 8647 5178 8648 5185 8648 5186 8648 5187 8649 4999 8649 4998 8649 5187 8650 4998 8650 5188 8650 5187 8651 5188 8651 5189 8651 5187 8652 5189 8652 5190 8652 5187 8653 5190 8653 5191 8653 5187 8654 5191 8654 5192 8654 5187 8655 5192 8655 5193 8655 5187 8656 5193 8656 5194 8656 5187 8657 5194 8657 5195 8657 4940 8658 4926 8658 5196 8658 4940 8659 5196 8659 5197 8659 4940 8660 5197 8660 5198 8660 4940 8661 5198 8661 5199 8661 4940 8662 5199 8662 5200 8662 4940 8663 5200 8663 5201 8663 5202 8664 5124 8664 5123 8664 5202 8665 5123 8665 5203 8665 5202 8666 5203 8666 5204 8666 5202 8667 5204 8667 5205 8667 5202 8668 5205 8668 5206 8668 5202 8669 5206 8669 5207 8669 5202 8670 5207 8670 5208 8670 5202 8671 5208 8671 5209 8671 5202 8672 5209 8672 5210 8672 5211 8673 5212 8673 5213 8673 5211 8674 5213 8674 5214 8674 5211 8675 5214 8675 5215 8675 5211 8676 5215 8676 5216 8676 5211 8677 5216 8677 5217 8677 5211 8678 5217 8678 5218 8678 5211 8679 5218 8679 5219 8679 5211 8680 5219 8680 4873 8680 5211 8681 4873 8681 4875 8681 5220 8682 5221 8682 5222 8682 5220 8683 5222 8683 5223 8683 5220 8684 5223 8684 5224 8684 5220 8685 5224 8685 5225 8685 5220 8686 5225 8686 5226 8686 5220 8687 5226 8687 5227 8687 5220 8688 5227 8688 5228 8688 5220 8689 5228 8689 4870 8689 5220 8690 4870 8690 4872 8690 4981 8691 5229 8691 5230 8691 4981 8692 5230 8692 5231 8692 4981 8693 5231 8693 5232 8693 4981 8694 5232 8694 5233 8694 4981 8695 5233 8695 5234 8695 4981 8696 5234 8696 5235 8696 4981 8697 5235 8697 4982 8697 5038 8698 5037 8698 5236 8698 5038 8699 5236 8699 5237 8699 5038 8700 5237 8700 5238 8700 5038 8701 5238 8701 5239 8701 5038 8702 5239 8702 5240 8702 5038 8703 5240 8703 5241 8703 5038 8704 5241 8704 5242 8704 5038 8705 5242 8705 5243 8705 5038 8706 5243 8706 4890 8706 5038 8707 4890 8707 4918 8707 5121 8708 4882 8708 4881 8708 5121 8709 4881 8709 5244 8709 5121 8710 5244 8710 5245 8710 5121 8711 5245 8711 5246 8711 5121 8712 5246 8712 5247 8712 5121 8713 5247 8713 5248 8713 5121 8714 5248 8714 5249 8714 5121 8715 5249 8715 5250 8715 5121 8716 5250 8716 5251 8716 5121 8717 5251 8717 5252 8717 5121 8718 5252 8718 5253 8718 5121 8719 5253 8719 5122 8719 4935 8720 4934 8720 5254 8720 4935 8721 5254 8721 5255 8721 4935 8722 5255 8722 5256 8722 4935 8723 5256 8723 5257 8723 4935 8724 5257 8724 5258 8724 4935 8725 5258 8725 5259 8725 4935 8726 5259 8726 5260 8726 4935 8727 5260 8727 5261 8727 4935 8728 5261 8728 5262 8728 4935 8729 5262 8729 4956 8729 4935 8730 4956 8730 4955 8730 5263 8731 4916 8731 4915 8731 5263 8732 4915 8732 5264 8732 5263 8733 5264 8733 5265 8733 5263 8734 5265 8734 4983 8734 5263 8735 4983 8735 4994 8735 5266 8736 5267 8736 5268 8736 5266 8737 5268 8737 4910 8737 5266 8738 4910 8738 4912 8738 5269 8739 5270 8739 5271 8739 5269 8740 5271 8740 5272 8740 5269 8741 5272 8741 5273 8741 5274 8742 5275 8742 5276 8742 5274 8743 5276 8743 5270 8743 5274 8744 5270 8744 5269 8744 5013 8745 5036 8745 5277 8745 5013 8746 5277 8746 5275 8746 5013 8747 5275 8747 5274 8747 5278 8748 5035 8748 5034 8748 5278 8749 5034 8749 5279 8749 5278 8750 5279 8750 5280 8750 5278 8751 5280 8751 5281 8751 5278 8752 5281 8752 5282 8752 5278 8753 5282 8753 5283 8753 5278 8754 5283 8754 5284 8754 5278 8755 5284 8755 5285 8755 5278 8756 5285 8756 5286 8756 5278 8757 5286 8757 5287 8757 5278 8758 5287 8758 5288 8758 5278 8759 5288 8759 5059 8759 5289 8760 4869 8760 4868 8760 5289 8761 4868 8761 5290 8761 5289 8762 5290 8762 5291 8762 5289 8763 5291 8763 5292 8763 5289 8764 5292 8764 5293 8764 5289 8765 5293 8765 5294 8765 5289 8766 5294 8766 5295 8766 5289 8767 5295 8767 5296 8767 5289 8768 5296 8768 5297 8768 5289 8769 5297 8769 5298 8769 5289 8770 5298 8770 5299 8770 5289 8771 5299 8771 5300 8771 5289 8772 5300 8772 4979 8772 5289 8773 4979 8773 4978 8773 5040 8774 5039 8774 5301 8774 5040 8775 5301 8775 5302 8775 5040 8776 5302 8776 5303 8776 5040 8777 5303 8777 5304 8777 5040 8778 5304 8778 5305 8778 5040 8779 5305 8779 5306 8779 5040 8780 5306 8780 5307 8780 5040 8781 5307 8781 5308 8781 5040 8782 5308 8782 5167 8782 5309 8783 5310 8783 5311 8783 5311 8784 5310 8784 5100 8784 5311 8785 5100 8785 5099 8785 5312 8786 5313 8786 5314 8786 5314 8787 5313 8787 5140 8787 5314 8788 5140 8788 5139 8788 5315 8789 5316 8789 5317 8789 5317 8790 5316 8790 5318 8790 5316 8791 5103 8791 5318 8791 5318 8792 5103 8792 5102 8792 5059 8793 5288 8793 5060 8793 5060 8794 5288 8794 5319 8794 4985 8795 4984 8795 5320 8795 5320 8796 4984 8796 5056 8796 5320 8797 5056 8797 5055 8797 5321 8798 5322 8798 5323 8798 5323 8799 5322 8799 5324 8799 5322 8800 5143 8800 5324 8800 5324 8801 5143 8801 5142 8801 4913 8802 4910 8802 5325 8802 5325 8803 4910 8803 4907 8803 5325 8804 4907 8804 5111 8804 5326 8805 5327 8805 5328 8805 5328 8806 5327 8806 5329 8806 5327 8807 5096 8807 5329 8807 5329 8808 5096 8808 5095 8808 5330 8809 5331 8809 5332 8809 5332 8810 5331 8810 5333 8810 5331 8811 5136 8811 5333 8811 5333 8812 5136 8812 5135 8812 4877 8813 5334 8813 4879 8813 4879 8814 5334 8814 5335 8814 4879 8815 5335 8815 5336 8815 5336 8816 5335 8816 5157 8816 5336 8817 5157 8817 5156 8817 4943 8818 4942 8818 5054 8818 5054 8819 4942 8819 5337 8819 5054 8820 5337 8820 5338 8820 5339 8821 5058 8821 5340 8821 5340 8822 5058 8822 5057 8822 4996 8823 5341 8823 5012 8823 5012 8824 5341 8824 5342 8824 5341 8825 5343 8825 5342 8825 5342 8826 5343 8826 5344 8826 5273 8827 5272 8827 5345 8827 5345 8828 5272 8828 5346 8828 5345 8829 5346 8829 5347 8829 5347 8830 5346 8830 5267 8830 5347 8831 5267 8831 5266 8831 5348 8832 5349 8832 5121 8832 5121 8833 5349 8833 4882 8833 5236 8834 5350 8834 5237 8834 5237 8835 5350 8835 5351 8835 5237 8836 5351 8836 5238 8836 5238 8837 5351 8837 5352 8837 5238 8838 5352 8838 5239 8838 5350 8839 5236 8839 5353 8839 5353 8840 5236 8840 5037 8840 5353 8841 5037 8841 5354 8841 5354 8842 5037 8842 4880 8842 5354 8843 4880 8843 5355 8843 5355 8844 4880 8844 4882 8844 5355 8845 4882 8845 5349 8845 5243 8846 5356 8846 4890 8846 4890 8847 5356 8847 5357 8847 4890 8848 5357 8848 4891 8848 4891 8849 5357 8849 5358 8849 4891 8850 5358 8850 5154 8850 5356 8851 5243 8851 5359 8851 5359 8852 5243 8852 5242 8852 5359 8853 5242 8853 5360 8853 5360 8854 5242 8854 5241 8854 5360 8855 5241 8855 5361 8855 5361 8856 5241 8856 5240 8856 5361 8857 5240 8857 5362 8857 5362 8858 5240 8858 5239 8858 5362 8859 5239 8859 5352 8859 5358 8860 5363 8860 5154 8860 5154 8861 5363 8861 5044 8861 5363 8862 5364 8862 5044 8862 5044 8863 5364 8863 5045 8863 5364 8864 5365 8864 5045 8864 5045 8865 5365 8865 5139 8865 5313 8866 5366 8866 5140 8866 5140 8867 5366 8867 5367 8867 5140 8868 5367 8868 5141 8868 5141 8869 5367 8869 5368 8869 5141 8870 5368 8870 5142 8870 5366 8871 5313 8871 5369 8871 5369 8872 5313 8872 5312 8872 5369 8873 5312 8873 5370 8873 5370 8874 5312 8874 5314 8874 5370 8875 5314 8875 5371 8875 5371 8876 5314 8876 5139 8876 5371 8877 5139 8877 5365 8877 5321 8878 5372 8878 5322 8878 5322 8879 5372 8879 5373 8879 5322 8880 5373 8880 5143 8880 5372 8881 5321 8881 5374 8881 5374 8882 5321 8882 5323 8882 5374 8883 5323 8883 5375 8883 5375 8884 5323 8884 5324 8884 5375 8885 5324 8885 5376 8885 5376 8886 5324 8886 5142 8886 5376 8887 5142 8887 5368 8887 5373 8888 5377 8888 5143 8888 5143 8889 5377 8889 5046 8889 5377 8890 5378 8890 5046 8890 5046 8891 5378 8891 5047 8891 5378 8892 5379 8892 5047 8892 5047 8893 5379 8893 5135 8893 5330 8894 5380 8894 5331 8894 5331 8895 5380 8895 5381 8895 5331 8896 5381 8896 5136 8896 5136 8897 5381 8897 5382 8897 5136 8898 5382 8898 5137 8898 5380 8899 5330 8899 5383 8899 5383 8900 5330 8900 5332 8900 5383 8901 5332 8901 5384 8901 5384 8902 5332 8902 5333 8902 5384 8903 5333 8903 5385 8903 5385 8904 5333 8904 5135 8904 5385 8905 5135 8905 5379 8905 5382 8906 5386 8906 5137 8906 5137 8907 5386 8907 5138 8907 5386 8908 5387 8908 5138 8908 5138 8909 5387 8909 5048 8909 5387 8910 5388 8910 5048 8910 5048 8911 5388 8911 5049 8911 5388 8912 5348 8912 5049 8912 5049 8913 5348 8913 5121 8913 5389 8914 5390 8914 4875 8914 4875 8915 5390 8915 5211 8915 5390 8916 5391 8916 5211 8916 5211 8917 5391 8917 5212 8917 5212 8918 5391 8918 5213 8918 5213 8919 5391 8919 5392 8919 5216 8920 5393 8920 5217 8920 5217 8921 5393 8921 5394 8921 5217 8922 5394 8922 5218 8922 5393 8923 5216 8923 5395 8923 5395 8924 5216 8924 5215 8924 5395 8925 5215 8925 5396 8925 5396 8926 5215 8926 5214 8926 5396 8927 5214 8927 5397 8927 5397 8928 5214 8928 5213 8928 5397 8929 5213 8929 5392 8929 5394 8930 5398 8930 5218 8930 5218 8931 5398 8931 5219 8931 5398 8932 5399 8932 5219 8932 5219 8933 5399 8933 4873 8933 5399 8934 5400 8934 4873 8934 4873 8935 5400 8935 5123 8935 5400 8936 5401 8936 5123 8936 5123 8937 5401 8937 5203 8937 5401 8938 5402 8938 5203 8938 5203 8939 5402 8939 5204 8939 5204 8940 5402 8940 5205 8940 5205 8941 5402 8941 5403 8941 5208 8942 5404 8942 5209 8942 5209 8943 5404 8943 5405 8943 5209 8944 5405 8944 5210 8944 5404 8945 5208 8945 5406 8945 5406 8946 5208 8946 5207 8946 5406 8947 5207 8947 5407 8947 5407 8948 5207 8948 5206 8948 5407 8949 5206 8949 5408 8949 5408 8950 5206 8950 5205 8950 5408 8951 5205 8951 5403 8951 5405 8952 5409 8952 5210 8952 5210 8953 5409 8953 5202 8953 5409 8954 5410 8954 5202 8954 5202 8955 5410 8955 5124 8955 5128 8956 5411 8956 5129 8956 5129 8957 5411 8957 5412 8957 5129 8958 5412 8958 5130 8958 5130 8959 5412 8959 5413 8959 5130 8960 5413 8960 5131 8960 5411 8961 5128 8961 5414 8961 5414 8962 5128 8962 5127 8962 5414 8963 5127 8963 5415 8963 5415 8964 5127 8964 5126 8964 5415 8965 5126 8965 5416 8965 5416 8966 5126 8966 5125 8966 5416 8967 5125 8967 5417 8967 5417 8968 5125 8968 5124 8968 5417 8969 5124 8969 5410 8969 5050 8970 5418 8970 5051 8970 5051 8971 5418 8971 5419 8971 5051 8972 5419 8972 5052 8972 5052 8973 5419 8973 5420 8973 5052 8974 5420 8974 5162 8974 5162 8975 5420 8975 5421 8975 5162 8976 5421 8976 5155 8976 5418 8977 5050 8977 5422 8977 5422 8978 5050 8978 5134 8978 5422 8979 5134 8979 5423 8979 5423 8980 5134 8980 5133 8980 5423 8981 5133 8981 5424 8981 5424 8982 5133 8982 5132 8982 5424 8983 5132 8983 5425 8983 5425 8984 5132 8984 5131 8984 5425 8985 5131 8985 5413 8985 5336 8986 5426 8986 4879 8986 4879 8987 5426 8987 5427 8987 4879 8988 5427 8988 4878 8988 5426 8989 5336 8989 5428 8989 5428 8990 5336 8990 5156 8990 5428 8991 5156 8991 5429 8991 5429 8992 5156 8992 5155 8992 5429 8993 5155 8993 5421 8993 4905 8994 5430 8994 4896 8994 4896 8995 5430 8995 5431 8995 4896 8996 5431 8996 4937 8996 4937 8997 5431 8997 5432 8997 4937 8998 5432 8998 4938 8998 5430 8999 4905 8999 5433 8999 5433 9000 4905 9000 4904 9000 5433 9001 4904 9001 5434 9001 5434 9002 4904 9002 4876 9002 5434 9003 4876 9003 5435 9003 5435 9004 4876 9004 4878 9004 5435 9005 4878 9005 5427 9005 5432 9006 5436 9006 4938 9006 4938 9007 5436 9007 4939 9007 5119 9008 5437 9008 5120 9008 5120 9009 5437 9009 5438 9009 5120 9010 5438 9010 4927 9010 4927 9011 5438 9011 5439 9011 4927 9012 5439 9012 4928 9012 5437 9013 5119 9013 5440 9013 5440 9014 5119 9014 5118 9014 5440 9015 5118 9015 5441 9015 5441 9016 5118 9016 5117 9016 5441 9017 5117 9017 5442 9017 5442 9018 5117 9018 4939 9018 5442 9019 4939 9019 5436 9019 4881 9020 5443 9020 5244 9020 5244 9021 5443 9021 5444 9021 5244 9022 5444 9022 5245 9022 5245 9023 5444 9023 5445 9023 5245 9024 5445 9024 5246 9024 5246 9025 5445 9025 5446 9025 5246 9026 5446 9026 5247 9026 5247 9027 5446 9027 5447 9027 5247 9028 5447 9028 5248 9028 5248 9029 5447 9029 5448 9029 5248 9030 5448 9030 5249 9030 5443 9031 4881 9031 5449 9031 5449 9032 4881 9032 4933 9032 5449 9033 4933 9033 5450 9033 5450 9034 4933 9034 4932 9034 5450 9035 4932 9035 5451 9035 5451 9036 4932 9036 4931 9036 5451 9037 4931 9037 5452 9037 5452 9038 4931 9038 4930 9038 5452 9039 4930 9039 5453 9039 5453 9040 4930 9040 4929 9040 5453 9041 4929 9041 5454 9041 5454 9042 4929 9042 4928 9042 5454 9043 4928 9043 5439 9043 5253 9044 5455 9044 5122 9044 5122 9045 5455 9045 5456 9045 5122 9046 5456 9046 4874 9046 4874 9047 5456 9047 5389 9047 4874 9048 5389 9048 4875 9048 5455 9049 5253 9049 5457 9049 5457 9050 5253 9050 5252 9050 5457 9051 5252 9051 5458 9051 5458 9052 5252 9052 5251 9052 5458 9053 5251 9053 5459 9053 5459 9054 5251 9054 5250 9054 5459 9055 5250 9055 5460 9055 5460 9056 5250 9056 5249 9056 5460 9057 5249 9057 5448 9057 5461 9058 5462 9058 4935 9058 4935 9059 5462 9059 4925 9059 5462 9060 5463 9060 4925 9060 4925 9061 5463 9061 4926 9061 4926 9062 5463 9062 5196 9062 5196 9063 5463 9063 5464 9063 5199 9064 5465 9064 5200 9064 5200 9065 5465 9065 5466 9065 5200 9066 5466 9066 5201 9066 5465 9067 5199 9067 5467 9067 5467 9068 5199 9068 5198 9068 5467 9069 5198 9069 5468 9069 5468 9070 5198 9070 5197 9070 5468 9071 5197 9071 5469 9071 5469 9072 5197 9072 5196 9072 5469 9073 5196 9073 5464 9073 5466 9074 5470 9074 5201 9074 5201 9075 5470 9075 4940 9075 5470 9076 5471 9076 4940 9076 4940 9077 5471 9077 4936 9077 5335 9078 5472 9078 5157 9078 5157 9079 5472 9079 5473 9079 5157 9080 5473 9080 5158 9080 5158 9081 5473 9081 5474 9081 5158 9082 5474 9082 5159 9082 5472 9083 5335 9083 5475 9083 5475 9084 5335 9084 5334 9084 5475 9085 5334 9085 5476 9085 5476 9086 5334 9086 4877 9086 5476 9087 4877 9087 5477 9087 5477 9088 4877 9088 4895 9088 5477 9089 4895 9089 5478 9089 5478 9090 4895 9090 4936 9090 5478 9091 4936 9091 5471 9091 5164 9092 5479 9092 5053 9092 5053 9093 5479 9093 5480 9093 5053 9094 5480 9094 4943 9094 4943 9095 5480 9095 5481 9095 4943 9096 5481 9096 4944 9096 4944 9097 5481 9097 5482 9097 4944 9098 5482 9098 4945 9098 5479 9099 5164 9099 5483 9099 5483 9100 5164 9100 5163 9100 5483 9101 5163 9101 5484 9101 5484 9102 5163 9102 5161 9102 5484 9103 5161 9103 5485 9103 5485 9104 5161 9104 5160 9104 5485 9105 5160 9105 5486 9105 5486 9106 5160 9106 5159 9106 5486 9107 5159 9107 5474 9107 4947 9108 5487 9108 4948 9108 4948 9109 5487 9109 5488 9109 4948 9110 5488 9110 4949 9110 5487 9111 4947 9111 5489 9111 5489 9112 4947 9112 4946 9112 5489 9113 4946 9113 5490 9113 5490 9114 4946 9114 4945 9114 5490 9115 4945 9115 5482 9115 4952 9116 5491 9116 4953 9116 4953 9117 5491 9117 5492 9117 4953 9118 5492 9118 4954 9118 4954 9119 5492 9119 5493 9119 4954 9120 5493 9120 4955 9120 5491 9121 4952 9121 5494 9121 5494 9122 4952 9122 4951 9122 5494 9123 4951 9123 5495 9123 5495 9124 4951 9124 4950 9124 5495 9125 4950 9125 5496 9125 5496 9126 4950 9126 4949 9126 5496 9127 4949 9127 5488 9127 5493 9128 5461 9128 4955 9128 4955 9129 5461 9129 4935 9129 5497 9130 5498 9130 4848 9130 4848 9131 5498 9131 4841 9131 5498 9132 5499 9132 4841 9132 4841 9133 5499 9133 4837 9133 4839 9134 5500 9134 4840 9134 4840 9135 5500 9135 5501 9135 4840 9136 5501 9136 4842 9136 5500 9137 4839 9137 5502 9137 5502 9138 4839 9138 4838 9138 5502 9139 4838 9139 5503 9139 5503 9140 4838 9140 4837 9140 5503 9141 4837 9141 5499 9141 4845 9142 5504 9142 4846 9142 4846 9143 5504 9143 5505 9143 4846 9144 5505 9144 4847 9144 5504 9145 4845 9145 5506 9145 5506 9146 4845 9146 4844 9146 5506 9147 4844 9147 5507 9147 5507 9148 4844 9148 4843 9148 5507 9149 4843 9149 5508 9149 5508 9150 4843 9150 4842 9150 5508 9151 4842 9151 5501 9151 5505 9152 5497 9152 4847 9152 4847 9153 5497 9153 4848 9153 5509 9154 5510 9154 4941 9154 4941 9155 5510 9155 4942 9155 5510 9156 5511 9156 4942 9156 4942 9157 5511 9157 5337 9157 5511 9158 5512 9158 5337 9158 5337 9159 5512 9159 5338 9159 5512 9160 5513 9160 5338 9160 5338 9161 5513 9161 5054 9161 5513 9162 5514 9162 5054 9162 5054 9163 5514 9163 5055 9163 5514 9164 5515 9164 5055 9164 5055 9165 5515 9165 5320 9165 4988 9166 5516 9166 4989 9166 4989 9167 5516 9167 5517 9167 4989 9168 5517 9168 4990 9168 4990 9169 5517 9169 5518 9169 4990 9170 5518 9170 4991 9170 5516 9171 4988 9171 5519 9171 5519 9172 4988 9172 4987 9172 5519 9173 4987 9173 5520 9173 5520 9174 4987 9174 4986 9174 5520 9175 4986 9175 5521 9175 5521 9176 4986 9176 4985 9176 5521 9177 4985 9177 5522 9177 5522 9178 4985 9178 5320 9178 5522 9179 5320 9179 5515 9179 5263 9180 5523 9180 4916 9180 4916 9181 5523 9181 5524 9181 4916 9182 5524 9182 4934 9182 4934 9183 5524 9183 5525 9183 4934 9184 5525 9184 5254 9184 5254 9185 5525 9185 5526 9185 5254 9186 5526 9186 5255 9186 5523 9187 5263 9187 5527 9187 5527 9188 5263 9188 4994 9188 5527 9189 4994 9189 5528 9189 5528 9190 4994 9190 4993 9190 5528 9191 4993 9191 5529 9191 5529 9192 4993 9192 4992 9192 5529 9193 4992 9193 5530 9193 5530 9194 4992 9194 4991 9194 5530 9195 4991 9195 5518 9195 5260 9196 5531 9196 5261 9196 5261 9197 5531 9197 5532 9197 5261 9198 5532 9198 5262 9198 5262 9199 5532 9199 5533 9199 5262 9200 5533 9200 4956 9200 4956 9201 5533 9201 5534 9201 4956 9202 5534 9202 4957 9202 5531 9203 5260 9203 5535 9203 5535 9204 5260 9204 5259 9204 5535 9205 5259 9205 5536 9205 5536 9206 5259 9206 5258 9206 5536 9207 5258 9207 5537 9207 5537 9208 5258 9208 5257 9208 5537 9209 5257 9209 5538 9209 5538 9210 5257 9210 5256 9210 5538 9211 5256 9211 5539 9211 5539 9212 5256 9212 5255 9212 5539 9213 5255 9213 5526 9213 5534 9214 5509 9214 4957 9214 4957 9215 5509 9215 4941 9215 5540 9216 5541 9216 4872 9216 4872 9217 5541 9217 5220 9217 5541 9218 5542 9218 5220 9218 5220 9219 5542 9219 5221 9219 5221 9220 5542 9220 5222 9220 5222 9221 5542 9221 5543 9221 5225 9222 5544 9222 5226 9222 5226 9223 5544 9223 5545 9223 5226 9224 5545 9224 5227 9224 5544 9225 5225 9225 5546 9225 5546 9226 5225 9226 5224 9226 5546 9227 5224 9227 5547 9227 5547 9228 5224 9228 5223 9228 5547 9229 5223 9229 5548 9229 5548 9230 5223 9230 5222 9230 5548 9231 5222 9231 5543 9231 5545 9232 5549 9232 5227 9232 5227 9233 5549 9233 5228 9233 5549 9234 5550 9234 5228 9234 5228 9235 5550 9235 4870 9235 5550 9236 5551 9236 4870 9236 4870 9237 5551 9237 4998 9237 5551 9238 5552 9238 4998 9238 4998 9239 5552 9239 5188 9239 5552 9240 5553 9240 5188 9240 5188 9241 5553 9241 5189 9241 5189 9242 5553 9242 5190 9242 5190 9243 5553 9243 5554 9243 5193 9244 5555 9244 5194 9244 5194 9245 5555 9245 5556 9245 5194 9246 5556 9246 5195 9246 5555 9247 5193 9247 5557 9247 5557 9248 5193 9248 5192 9248 5557 9249 5192 9249 5558 9249 5558 9250 5192 9250 5191 9250 5558 9251 5191 9251 5559 9251 5559 9252 5191 9252 5190 9252 5559 9253 5190 9253 5554 9253 5556 9254 5560 9254 5195 9254 5195 9255 5560 9255 5187 9255 5560 9256 5561 9256 5187 9256 5187 9257 5561 9257 4999 9257 5003 9258 5562 9258 5004 9258 5004 9259 5562 9259 5563 9259 5004 9260 5563 9260 5005 9260 5005 9261 5563 9261 5564 9261 5005 9262 5564 9262 5006 9262 5562 9263 5003 9263 5565 9263 5565 9264 5003 9264 5002 9264 5565 9265 5002 9265 5566 9265 5566 9266 5002 9266 5001 9266 5566 9267 5001 9267 5567 9267 5567 9268 5001 9268 5000 9268 5567 9269 5000 9269 5568 9269 5568 9270 5000 9270 4999 9270 5568 9271 4999 9271 5561 9271 5010 9272 5569 9272 5011 9272 5011 9273 5569 9273 5570 9273 5011 9274 5570 9274 4959 9274 4959 9275 5570 9275 5571 9275 4959 9276 5571 9276 4960 9276 4960 9277 5571 9277 5572 9277 4960 9278 5572 9278 4961 9278 5569 9279 5010 9279 5573 9279 5573 9280 5010 9280 5009 9280 5573 9281 5009 9281 5574 9281 5574 9282 5009 9282 5008 9282 5574 9283 5008 9283 5575 9283 5575 9284 5008 9284 5007 9284 5575 9285 5007 9285 5576 9285 5576 9286 5007 9286 5006 9286 5576 9287 5006 9287 5564 9287 4963 9288 5577 9288 4964 9288 4964 9289 5577 9289 5578 9289 4964 9290 5578 9290 4965 9290 5577 9291 4963 9291 5579 9291 5579 9292 4963 9292 4962 9292 5579 9293 4962 9293 5580 9293 5580 9294 4962 9294 4961 9294 5580 9295 4961 9295 5572 9295 4902 9296 5581 9296 4887 9296 4887 9297 5581 9297 5582 9297 4887 9298 5582 9298 4888 9298 4888 9299 5582 9299 5583 9299 4888 9300 5583 9300 5109 9300 5581 9301 4902 9301 5584 9301 5584 9302 4902 9302 4903 9302 5584 9303 4903 9303 5585 9303 5585 9304 4903 9304 4966 9304 5585 9305 4966 9305 5586 9305 5586 9306 4966 9306 4965 9306 5586 9307 4965 9307 5578 9307 5583 9308 5587 9308 5109 9308 5109 9309 5587 9309 5110 9309 4913 9310 5588 9310 4911 9310 4911 9311 5588 9311 5589 9311 4911 9312 5589 9312 4912 9312 4912 9313 5589 9313 5590 9313 4912 9314 5590 9314 5266 9314 5588 9315 4913 9315 5591 9315 5591 9316 4913 9316 5325 9316 5591 9317 5325 9317 5592 9317 5592 9318 5325 9318 5111 9318 5592 9319 5111 9319 5593 9319 5593 9320 5111 9320 5110 9320 5593 9321 5110 9321 5587 9321 5013 9322 5594 9322 5014 9322 5014 9323 5594 9323 5595 9323 5014 9324 5595 9324 5015 9324 5015 9325 5595 9325 5596 9325 5015 9326 5596 9326 5016 9326 5016 9327 5596 9327 5597 9327 5016 9328 5597 9328 5017 9328 5017 9329 5597 9329 5598 9329 5017 9330 5598 9330 5018 9330 5018 9331 5598 9331 5599 9331 5018 9332 5599 9332 5019 9332 5594 9333 5013 9333 5600 9333 5600 9334 5013 9334 5274 9334 5600 9335 5274 9335 5601 9335 5601 9336 5274 9336 5269 9336 5601 9337 5269 9337 5602 9337 5602 9338 5269 9338 5273 9338 5602 9339 5273 9339 5603 9339 5603 9340 5273 9340 5345 9340 5603 9341 5345 9341 5604 9341 5604 9342 5345 9342 5347 9342 5604 9343 5347 9343 5605 9343 5605 9344 5347 9344 5266 9344 5605 9345 5266 9345 5590 9345 5023 9346 5606 9346 4997 9346 4997 9347 5606 9347 5607 9347 4997 9348 5607 9348 4871 9348 4871 9349 5607 9349 5540 9349 4871 9350 5540 9350 4872 9350 5606 9351 5023 9351 5608 9351 5608 9352 5023 9352 5022 9352 5608 9353 5022 9353 5609 9353 5609 9354 5022 9354 5021 9354 5609 9355 5021 9355 5610 9355 5610 9356 5021 9356 5020 9356 5610 9357 5020 9357 5611 9357 5611 9358 5020 9358 5019 9358 5611 9359 5019 9359 5599 9359 5612 9360 5613 9360 4855 9360 4855 9361 5613 9361 4856 9361 4859 9362 5614 9362 4860 9362 4860 9363 5614 9363 5615 9363 4860 9364 5615 9364 4861 9364 4861 9365 5615 9365 5616 9365 4861 9366 5616 9366 4862 9366 5614 9367 4859 9367 5617 9367 5617 9368 4859 9368 4858 9368 5617 9369 4858 9369 5618 9369 5618 9370 4858 9370 4857 9370 5618 9371 4857 9371 5619 9371 5619 9372 4857 9372 4856 9372 5619 9373 4856 9373 5613 9373 4853 9374 5620 9374 4852 9374 4852 9375 5620 9375 5621 9375 4852 9376 5621 9376 4850 9376 4850 9377 5621 9377 5622 9377 4850 9378 5622 9378 4851 9378 4851 9379 5622 9379 5623 9379 4851 9380 5623 9380 4865 9380 5620 9381 4853 9381 5624 9381 5624 9382 4853 9382 4849 9382 5624 9383 4849 9383 5625 9383 5625 9384 4849 9384 4866 9384 5625 9385 4866 9385 5626 9385 5626 9386 4866 9386 4864 9386 5626 9387 4864 9387 5627 9387 5627 9388 4864 9388 4863 9388 5627 9389 4863 9389 5628 9389 5628 9390 4863 9390 4862 9390 5628 9391 4862 9391 5616 9391 4865 9392 5623 9392 4854 9392 4854 9393 5623 9393 5629 9393 5629 9394 5612 9394 4854 9394 4854 9395 5612 9395 4855 9395 5275 9396 5630 9396 5276 9396 5276 9397 5630 9397 5631 9397 5276 9398 5631 9398 5270 9398 5270 9399 5631 9399 5632 9399 5270 9400 5632 9400 5271 9400 5630 9401 5275 9401 5633 9401 5633 9402 5275 9402 5277 9402 5633 9403 5277 9403 5634 9403 5634 9404 5277 9404 5036 9404 5634 9405 5036 9405 5635 9405 5635 9406 5036 9406 5035 9406 5635 9407 5035 9407 5636 9407 5636 9408 5035 9408 5278 9408 5636 9409 5278 9409 5637 9409 5268 9410 5638 9410 4910 9410 4910 9411 5638 9411 5639 9411 4910 9412 5639 9412 4907 9412 4907 9413 5639 9413 5640 9413 4907 9414 5640 9414 4908 9414 5638 9415 5268 9415 5641 9415 5641 9416 5268 9416 5267 9416 5641 9417 5267 9417 5642 9417 5642 9418 5267 9418 5346 9418 5642 9419 5346 9419 5643 9419 5643 9420 5346 9420 5272 9420 5643 9421 5272 9421 5644 9421 5644 9422 5272 9422 5271 9422 5644 9423 5271 9423 5632 9423 5112 9424 5645 9424 5113 9424 5113 9425 5645 9425 5646 9425 5113 9426 5646 9426 5114 9426 5645 9427 5112 9427 5647 9427 5647 9428 5112 9428 4909 9428 5647 9429 4909 9429 5648 9429 5648 9430 4909 9430 4906 9430 5648 9431 4906 9431 5649 9431 5649 9432 4906 9432 4908 9432 5649 9433 4908 9433 5640 9433 4883 9434 5650 9434 5104 9434 5104 9435 5650 9435 5651 9435 5104 9436 5651 9436 5105 9436 5650 9437 4883 9437 5652 9437 5652 9438 4883 9438 5116 9438 5652 9439 5116 9439 5653 9439 5653 9440 5116 9440 5115 9440 5653 9441 5115 9441 5654 9441 5654 9442 5115 9442 5114 9442 5654 9443 5114 9443 5646 9443 5105 9444 5651 9444 5106 9444 5106 9445 5651 9445 5655 9445 4886 9446 5656 9446 4884 9446 4884 9447 5656 9447 5657 9447 4884 9448 5657 9448 4885 9448 5656 9449 4886 9449 5658 9449 5658 9450 4886 9450 5108 9450 5658 9451 5108 9451 5659 9451 5659 9452 5108 9452 5107 9452 5659 9453 5107 9453 5660 9453 5660 9454 5107 9454 5106 9454 5660 9455 5106 9455 5655 9455 4894 9456 5661 9456 5165 9456 5165 9457 5661 9457 5662 9457 5165 9458 5662 9458 5166 9458 5661 9459 4894 9459 5663 9459 5663 9460 4894 9460 4893 9460 5663 9461 4893 9461 5664 9461 5664 9462 4893 9462 4889 9462 5664 9463 4889 9463 5665 9463 5665 9464 4889 9464 4885 9464 5665 9465 4885 9465 5657 9465 5662 9466 5666 9466 5166 9466 5166 9467 5666 9467 4958 9467 5666 9468 5667 9468 4958 9468 4958 9469 5667 9469 4967 9469 5667 9470 5668 9470 4967 9470 4967 9471 5668 9471 4899 9471 4900 9472 5669 9472 4898 9472 4898 9473 5669 9473 5670 9473 4898 9474 5670 9474 4968 9474 5669 9475 4900 9475 5671 9475 5671 9476 4900 9476 4901 9476 5671 9477 4901 9477 5672 9477 5672 9478 4901 9478 4897 9478 5672 9479 4897 9479 5673 9479 5673 9480 4897 9480 4899 9480 5673 9481 4899 9481 5668 9481 4971 9482 5674 9482 4972 9482 4972 9483 5674 9483 5675 9483 4972 9484 5675 9484 4973 9484 4973 9485 5675 9485 5676 9485 4973 9486 5676 9486 4974 9486 5674 9487 4971 9487 5677 9487 5677 9488 4971 9488 4970 9488 5677 9489 4970 9489 5678 9489 5678 9490 4970 9490 4969 9490 5678 9491 4969 9491 5679 9491 5679 9492 4969 9492 4968 9492 5679 9493 4968 9493 5670 9493 5676 9494 5680 9494 4974 9494 4974 9495 5680 9495 4975 9495 5680 9496 5681 9496 4975 9496 4975 9497 5681 9497 5059 9497 5681 9498 5637 9498 5059 9498 5059 9499 5637 9499 5278 9499 5682 9500 5683 9500 5289 9500 5289 9501 5683 9501 4869 9501 5279 9502 5684 9502 5280 9502 5280 9503 5684 9503 5685 9503 5280 9504 5685 9504 5281 9504 5281 9505 5685 9505 5686 9505 5281 9506 5686 9506 5282 9506 5684 9507 5279 9507 5687 9507 5687 9508 5279 9508 5034 9508 5687 9509 5034 9509 5688 9509 5688 9510 5034 9510 4867 9510 5688 9511 4867 9511 5689 9511 5689 9512 4867 9512 4869 9512 5689 9513 4869 9513 5683 9513 5286 9514 5690 9514 5287 9514 5287 9515 5690 9515 5691 9515 5287 9516 5691 9516 5288 9516 5288 9517 5691 9517 5692 9517 5288 9518 5692 9518 5319 9518 5690 9519 5286 9519 5693 9519 5693 9520 5286 9520 5285 9520 5693 9521 5285 9521 5694 9521 5694 9522 5285 9522 5284 9522 5694 9523 5284 9523 5695 9523 5695 9524 5284 9524 5283 9524 5695 9525 5283 9525 5696 9525 5696 9526 5283 9526 5282 9526 5696 9527 5282 9527 5686 9527 5692 9528 5697 9528 5319 9528 5319 9529 5697 9529 5060 9529 5697 9530 5698 9530 5060 9530 5060 9531 5698 9531 5061 9531 5698 9532 5699 9532 5061 9532 5061 9533 5699 9533 5099 9533 5310 9534 5700 9534 5100 9534 5100 9535 5700 9535 5701 9535 5100 9536 5701 9536 5101 9536 5101 9537 5701 9537 5702 9537 5101 9538 5702 9538 5102 9538 5700 9539 5310 9539 5703 9539 5703 9540 5310 9540 5309 9540 5703 9541 5309 9541 5704 9541 5704 9542 5309 9542 5311 9542 5704 9543 5311 9543 5705 9543 5705 9544 5311 9544 5099 9544 5705 9545 5099 9545 5699 9545 5315 9546 5706 9546 5316 9546 5316 9547 5706 9547 5707 9547 5316 9548 5707 9548 5103 9548 5706 9549 5315 9549 5708 9549 5708 9550 5315 9550 5317 9550 5708 9551 5317 9551 5709 9551 5709 9552 5317 9552 5318 9552 5709 9553 5318 9553 5710 9553 5710 9554 5318 9554 5102 9554 5710 9555 5102 9555 5702 9555 5707 9556 5711 9556 5103 9556 5103 9557 5711 9557 5062 9557 5711 9558 5712 9558 5062 9558 5062 9559 5712 9559 5063 9559 5712 9560 5713 9560 5063 9560 5063 9561 5713 9561 5095 9561 5326 9562 5714 9562 5327 9562 5327 9563 5714 9563 5715 9563 5327 9564 5715 9564 5096 9564 5096 9565 5715 9565 5716 9565 5096 9566 5716 9566 5097 9566 5714 9567 5326 9567 5717 9567 5717 9568 5326 9568 5328 9568 5717 9569 5328 9569 5718 9569 5718 9570 5328 9570 5329 9570 5718 9571 5329 9571 5719 9571 5719 9572 5329 9572 5095 9572 5719 9573 5095 9573 5713 9573 5716 9574 5720 9574 5097 9574 5097 9575 5720 9575 5098 9575 5720 9576 5721 9576 5098 9576 5098 9577 5721 9577 5064 9577 5721 9578 5722 9578 5064 9578 5064 9579 5722 9579 4978 9579 5722 9580 5682 9580 4978 9580 4978 9581 5682 9581 5289 9581 5723 9582 5724 9582 4980 9582 4980 9583 5724 9583 4981 9583 5724 9584 5725 9584 4981 9584 4981 9585 5725 9585 5229 9585 5229 9586 5725 9586 5230 9586 5230 9587 5725 9587 5726 9587 5233 9588 5727 9588 5234 9588 5234 9589 5727 9589 5728 9589 5234 9590 5728 9590 5235 9590 5727 9591 5233 9591 5729 9591 5729 9592 5233 9592 5232 9592 5729 9593 5232 9593 5730 9593 5730 9594 5232 9594 5231 9594 5730 9595 5231 9595 5731 9595 5731 9596 5231 9596 5230 9596 5731 9597 5230 9597 5726 9597 5728 9598 5732 9598 5235 9598 5235 9599 5732 9599 4982 9599 5732 9600 5733 9600 4982 9600 4982 9601 5733 9601 4976 9601 5733 9602 5734 9602 4976 9602 4976 9603 5734 9603 4977 9603 5734 9604 5735 9604 4977 9604 4977 9605 5735 9605 5179 9605 5735 9606 5736 9606 5179 9606 5179 9607 5736 9607 5180 9607 5180 9608 5736 9608 5181 9608 5181 9609 5736 9609 5737 9609 5184 9610 5738 9610 5185 9610 5185 9611 5738 9611 5739 9611 5185 9612 5739 9612 5186 9612 5738 9613 5184 9613 5740 9613 5740 9614 5184 9614 5183 9614 5740 9615 5183 9615 5741 9615 5741 9616 5183 9616 5182 9616 5741 9617 5182 9617 5742 9617 5742 9618 5182 9618 5181 9618 5742 9619 5181 9619 5737 9619 5739 9620 5743 9620 5186 9620 5186 9621 5743 9621 5178 9621 5743 9622 5744 9622 5178 9622 5178 9623 5744 9623 5084 9623 5088 9624 5745 9624 5089 9624 5089 9625 5745 9625 5746 9625 5089 9626 5746 9626 5090 9626 5090 9627 5746 9627 5747 9627 5090 9628 5747 9628 5091 9628 5745 9629 5088 9629 5748 9629 5748 9630 5088 9630 5087 9630 5748 9631 5087 9631 5749 9631 5749 9632 5087 9632 5086 9632 5749 9633 5086 9633 5750 9633 5750 9634 5086 9634 5085 9634 5750 9635 5085 9635 5751 9635 5751 9636 5085 9636 5084 9636 5751 9637 5084 9637 5744 9637 5065 9638 5752 9638 5066 9638 5066 9639 5752 9639 5753 9639 5066 9640 5753 9640 5067 9640 5067 9641 5753 9641 5754 9641 5067 9642 5754 9642 5068 9642 5068 9643 5754 9643 5755 9643 5068 9644 5755 9644 5069 9644 5752 9645 5065 9645 5756 9645 5756 9646 5065 9646 5094 9646 5756 9647 5094 9647 5757 9647 5757 9648 5094 9648 5093 9648 5757 9649 5093 9649 5758 9649 5758 9650 5093 9650 5092 9650 5758 9651 5092 9651 5759 9651 5759 9652 5092 9652 5091 9652 5759 9653 5091 9653 5747 9653 5071 9654 5760 9654 5072 9654 5072 9655 5760 9655 5761 9655 5072 9656 5761 9656 5073 9656 5760 9657 5071 9657 5762 9657 5762 9658 5071 9658 5070 9658 5762 9659 5070 9659 5763 9659 5763 9660 5070 9660 5069 9660 5763 9661 5069 9661 5755 9661 5076 9662 5764 9662 5077 9662 5077 9663 5764 9663 5765 9663 5077 9664 5765 9664 5078 9664 5078 9665 5765 9665 5766 9665 5078 9666 5766 9666 5079 9666 5764 9667 5076 9667 5767 9667 5767 9668 5076 9668 5075 9668 5767 9669 5075 9669 5768 9669 5768 9670 5075 9670 5074 9670 5768 9671 5074 9671 5769 9671 5769 9672 5074 9672 5073 9672 5769 9673 5073 9673 5761 9673 5766 9674 5770 9674 5079 9674 5079 9675 5770 9675 5080 9675 5083 9676 5771 9676 5026 9676 5026 9677 5771 9677 5772 9677 5026 9678 5772 9678 5027 9678 5027 9679 5772 9679 5773 9679 5027 9680 5773 9680 5028 9680 5771 9681 5083 9681 5774 9681 5774 9682 5083 9682 5082 9682 5774 9683 5082 9683 5775 9683 5775 9684 5082 9684 5081 9684 5775 9685 5081 9685 5776 9685 5776 9686 5081 9686 5080 9686 5776 9687 5080 9687 5770 9687 4868 9688 5777 9688 5290 9688 5290 9689 5777 9689 5778 9689 5290 9690 5778 9690 5291 9690 5291 9691 5778 9691 5779 9691 5291 9692 5779 9692 5292 9692 5292 9693 5779 9693 5780 9693 5292 9694 5780 9694 5293 9694 5293 9695 5780 9695 5781 9695 5293 9696 5781 9696 5294 9696 5294 9697 5781 9697 5782 9697 5294 9698 5782 9698 5295 9698 5777 9699 4868 9699 5783 9699 5783 9700 4868 9700 5033 9700 5783 9701 5033 9701 5784 9701 5784 9702 5033 9702 5032 9702 5784 9703 5032 9703 5785 9703 5785 9704 5032 9704 5031 9704 5785 9705 5031 9705 5786 9705 5786 9706 5031 9706 5030 9706 5786 9707 5030 9707 5787 9707 5787 9708 5030 9708 5029 9708 5787 9709 5029 9709 5788 9709 5788 9710 5029 9710 5028 9710 5788 9711 5028 9711 5773 9711 5299 9712 5789 9712 5300 9712 5300 9713 5789 9713 5790 9713 5300 9714 5790 9714 4979 9714 4979 9715 5790 9715 5723 9715 4979 9716 5723 9716 4980 9716 5789 9717 5299 9717 5791 9717 5791 9718 5299 9718 5298 9718 5791 9719 5298 9719 5792 9719 5792 9720 5298 9720 5297 9720 5792 9721 5297 9721 5793 9721 5793 9722 5297 9722 5296 9722 5793 9723 5296 9723 5794 9723 5794 9724 5296 9724 5295 9724 5794 9725 5295 9725 5782 9725 5795 9726 5796 9726 4996 9726 4996 9727 5796 9727 5341 9727 5796 9728 5797 9728 5341 9728 5341 9729 5797 9729 5343 9729 5797 9730 5798 9730 5343 9730 5343 9731 5798 9731 5344 9731 5798 9732 5799 9732 5344 9732 5344 9733 5799 9733 5342 9733 4915 9734 5800 9734 5264 9734 5264 9735 5800 9735 5801 9735 5264 9736 5801 9736 5265 9736 5265 9737 5801 9737 5802 9737 5265 9738 5802 9738 4983 9738 5800 9739 4915 9739 5803 9739 5803 9740 4915 9740 4914 9740 5803 9741 4914 9741 5804 9741 5804 9742 4914 9742 5012 9742 5804 9743 5012 9743 5805 9743 5805 9744 5012 9744 5342 9744 5805 9745 5342 9745 5799 9745 5802 9746 5806 9746 4983 9746 4983 9747 5806 9747 4984 9747 5806 9748 5807 9748 4984 9748 4984 9749 5807 9749 5056 9749 5807 9750 5808 9750 5056 9750 5056 9751 5808 9751 5057 9751 5808 9752 5809 9752 5057 9752 5057 9753 5809 9753 5340 9753 5809 9754 5810 9754 5340 9754 5340 9755 5810 9755 5339 9755 5810 9756 5811 9756 5339 9756 5339 9757 5811 9757 5058 9757 5811 9758 5812 9758 5058 9758 5058 9759 5812 9759 4995 9759 5812 9760 5795 9760 4995 9760 4995 9761 5795 9761 4996 9761 5353 9762 5354 9762 5355 9762 5349 9763 5353 9763 5355 9763 5374 9764 5375 9764 5359 9764 5359 9765 5375 9765 5376 9765 5386 9766 5382 9766 5372 9766 5386 9767 5372 9767 5374 9767 5386 9768 5374 9768 5359 9768 5386 9769 5359 9769 5360 9769 5386 9770 5360 9770 5361 9770 5386 9771 5361 9771 5362 9771 5386 9772 5362 9772 5352 9772 5386 9773 5352 9773 5351 9773 5386 9774 5351 9774 5350 9774 5386 9775 5350 9775 5353 9775 5386 9776 5353 9776 5349 9776 5386 9777 5349 9777 5348 9777 5386 9778 5348 9778 5388 9778 5386 9779 5388 9779 5387 9779 5377 9780 5383 9780 5384 9780 5377 9781 5384 9781 5385 9781 5377 9782 5385 9782 5379 9782 5377 9783 5379 9783 5378 9783 5373 9784 5372 9784 5382 9784 5373 9785 5382 9785 5381 9785 5373 9786 5381 9786 5380 9786 5373 9787 5380 9787 5383 9787 5373 9788 5383 9788 5377 9788 5367 9789 5356 9789 5368 9789 5368 9790 5356 9790 5359 9790 5368 9791 5359 9791 5376 9791 5369 9792 5357 9792 5366 9792 5366 9793 5357 9793 5356 9793 5366 9794 5356 9794 5367 9794 5371 9795 5358 9795 5370 9795 5370 9796 5358 9796 5357 9796 5370 9797 5357 9797 5369 9797 5364 9798 5363 9798 5365 9798 5365 9799 5363 9799 5358 9799 5365 9800 5358 9800 5371 9800 5394 9801 5393 9801 5441 9801 5448 9802 5447 9802 5454 9802 5448 9803 5454 9803 5439 9803 5448 9804 5439 9804 5438 9804 5448 9805 5438 9805 5460 9805 5405 9806 5415 9806 5416 9806 5405 9807 5416 9807 5417 9807 5405 9808 5417 9808 5410 9808 5405 9809 5410 9809 5409 9809 5415 9810 5405 9810 5404 9810 5415 9811 5404 9811 5406 9811 5415 9812 5406 9812 5407 9812 5440 9813 5441 9813 5393 9813 5440 9814 5393 9814 5395 9814 5440 9815 5395 9815 5396 9815 5440 9816 5396 9816 5457 9816 5440 9817 5457 9817 5458 9817 5440 9818 5458 9818 5437 9818 5433 9819 5434 9819 5414 9819 5433 9820 5414 9820 5415 9820 5433 9821 5415 9821 5407 9821 5433 9822 5407 9822 5408 9822 5433 9823 5408 9823 5403 9823 5433 9824 5403 9824 5402 9824 5433 9825 5402 9825 5430 9825 5457 9826 5396 9826 5397 9826 5457 9827 5397 9827 5392 9827 5457 9828 5392 9828 5391 9828 5457 9829 5391 9829 5455 9829 5454 9830 5447 9830 5453 9830 5453 9831 5447 9831 5446 9831 5453 9832 5446 9832 5452 9832 5452 9833 5446 9833 5445 9833 5452 9834 5445 9834 5451 9834 5451 9835 5445 9835 5444 9835 5451 9836 5444 9836 5450 9836 5450 9837 5444 9837 5443 9837 5450 9838 5443 9838 5449 9838 5437 9839 5458 9839 5438 9839 5438 9840 5458 9840 5459 9840 5438 9841 5459 9841 5460 9841 5436 9842 5432 9842 5398 9842 5398 9843 5432 9843 5401 9843 5398 9844 5401 9844 5399 9844 5399 9845 5401 9845 5400 9845 5394 9846 5441 9846 5398 9846 5398 9847 5441 9847 5442 9847 5398 9848 5442 9848 5436 9848 5401 9849 5432 9849 5402 9849 5402 9850 5432 9850 5431 9850 5402 9851 5431 9851 5430 9851 5414 9852 5434 9852 5411 9852 5411 9853 5434 9853 5435 9853 5411 9854 5435 9854 5427 9854 5411 9855 5427 9855 5412 9855 5412 9856 5427 9856 5426 9856 5412 9857 5426 9857 5413 9857 5413 9858 5426 9858 5428 9858 5413 9859 5428 9859 5425 9859 5425 9860 5428 9860 5429 9860 5425 9861 5429 9861 5424 9861 5424 9862 5429 9862 5423 9862 5423 9863 5429 9863 5421 9863 5423 9864 5421 9864 5422 9864 5422 9865 5421 9865 5420 9865 5422 9866 5420 9866 5418 9866 5418 9867 5420 9867 5419 9867 5455 9868 5391 9868 5456 9868 5456 9869 5391 9869 5390 9869 5456 9870 5390 9870 5389 9870 5463 9871 5462 9871 5461 9871 5463 9872 5461 9872 5493 9872 5463 9873 5493 9873 5492 9873 5463 9874 5492 9874 5491 9874 5466 9875 5476 9875 5477 9875 5466 9876 5477 9876 5478 9876 5466 9877 5478 9877 5471 9877 5466 9878 5471 9878 5470 9878 5476 9879 5466 9879 5465 9879 5476 9880 5465 9880 5467 9880 5476 9881 5467 9881 5468 9881 5476 9882 5468 9882 5494 9882 5476 9883 5494 9883 5495 9883 5476 9884 5495 9884 5475 9884 5494 9885 5468 9885 5469 9885 5494 9886 5469 9886 5464 9886 5494 9887 5464 9887 5463 9887 5494 9888 5463 9888 5491 9888 5475 9889 5495 9889 5472 9889 5472 9890 5495 9890 5496 9890 5472 9891 5496 9891 5473 9891 5473 9892 5496 9892 5488 9892 5473 9893 5488 9893 5487 9893 5473 9894 5487 9894 5474 9894 5474 9895 5487 9895 5489 9895 5474 9896 5489 9896 5486 9896 5486 9897 5489 9897 5490 9897 5486 9898 5490 9898 5485 9898 5485 9899 5490 9899 5484 9899 5484 9900 5490 9900 5482 9900 5484 9901 5482 9901 5483 9901 5483 9902 5482 9902 5481 9902 5483 9903 5481 9903 5479 9903 5479 9904 5481 9904 5480 9904 5515 9905 5514 9905 5513 9905 5515 9906 5513 9906 5512 9906 5515 9907 5512 9907 5497 9907 5515 9908 5497 9908 5522 9908 5508 9909 5501 9909 5531 9909 5508 9910 5531 9910 5535 9910 5508 9911 5535 9911 5536 9911 5508 9912 5536 9912 5537 9912 5508 9913 5537 9913 5538 9913 5508 9914 5538 9914 5539 9914 5508 9915 5539 9915 5526 9915 5508 9916 5526 9916 5525 9916 5508 9917 5525 9917 5524 9917 5508 9918 5524 9918 5523 9918 5508 9919 5523 9919 5507 9919 5507 9920 5523 9920 5527 9920 5507 9921 5527 9921 5528 9921 5507 9922 5528 9922 5529 9922 5507 9923 5529 9923 5530 9923 5507 9924 5530 9924 5518 9924 5507 9925 5518 9925 5517 9925 5507 9926 5517 9926 5516 9926 5507 9927 5516 9927 5519 9927 5507 9928 5519 9928 5520 9928 5520 9929 5521 9929 5504 9929 5520 9930 5504 9930 5506 9930 5520 9931 5506 9931 5507 9931 5497 9932 5512 9932 5498 9932 5498 9933 5512 9933 5511 9933 5498 9934 5511 9934 5534 9934 5522 9935 5497 9935 5521 9935 5521 9936 5497 9936 5505 9936 5521 9937 5505 9937 5504 9937 5531 9938 5501 9938 5532 9938 5532 9939 5501 9939 5500 9939 5532 9940 5500 9940 5502 9940 5532 9941 5502 9941 5533 9941 5533 9942 5502 9942 5503 9942 5533 9943 5503 9943 5499 9943 5498 9944 5534 9944 5499 9944 5499 9945 5534 9945 5533 9945 5511 9946 5510 9946 5534 9946 5534 9947 5510 9947 5509 9947 5545 9948 5544 9948 5592 9948 5599 9949 5598 9949 5605 9949 5599 9950 5605 9950 5590 9950 5599 9951 5590 9951 5589 9951 5599 9952 5589 9952 5611 9952 5556 9953 5566 9953 5567 9953 5556 9954 5567 9954 5568 9954 5556 9955 5568 9955 5561 9955 5556 9956 5561 9956 5560 9956 5566 9957 5556 9957 5555 9957 5566 9958 5555 9958 5557 9958 5566 9959 5557 9959 5558 9959 5591 9960 5592 9960 5544 9960 5591 9961 5544 9961 5546 9961 5591 9962 5546 9962 5547 9962 5591 9963 5547 9963 5608 9963 5591 9964 5608 9964 5609 9964 5591 9965 5609 9965 5588 9965 5584 9966 5585 9966 5565 9966 5584 9967 5565 9967 5566 9967 5584 9968 5566 9968 5558 9968 5584 9969 5558 9969 5559 9969 5584 9970 5559 9970 5554 9970 5584 9971 5554 9971 5553 9971 5584 9972 5553 9972 5581 9972 5608 9973 5547 9973 5548 9973 5608 9974 5548 9974 5543 9974 5608 9975 5543 9975 5542 9975 5608 9976 5542 9976 5606 9976 5605 9977 5598 9977 5604 9977 5604 9978 5598 9978 5597 9978 5604 9979 5597 9979 5603 9979 5603 9980 5597 9980 5596 9980 5603 9981 5596 9981 5602 9981 5602 9982 5596 9982 5595 9982 5602 9983 5595 9983 5601 9983 5601 9984 5595 9984 5594 9984 5601 9985 5594 9985 5600 9985 5588 9986 5609 9986 5589 9986 5589 9987 5609 9987 5610 9987 5589 9988 5610 9988 5611 9988 5587 9989 5583 9989 5549 9989 5549 9990 5583 9990 5552 9990 5549 9991 5552 9991 5550 9991 5550 9992 5552 9992 5551 9992 5545 9993 5592 9993 5549 9993 5549 9994 5592 9994 5593 9994 5549 9995 5593 9995 5587 9995 5552 9996 5583 9996 5553 9996 5553 9997 5583 9997 5582 9997 5553 9998 5582 9998 5581 9998 5565 9999 5585 9999 5562 9999 5562 10000 5585 10000 5586 10000 5562 10001 5586 10001 5578 10001 5562 10002 5578 10002 5563 10002 5563 10003 5578 10003 5577 10003 5563 10004 5577 10004 5564 10004 5564 10005 5577 10005 5579 10005 5564 10006 5579 10006 5576 10006 5576 10007 5579 10007 5580 10007 5576 10008 5580 10008 5575 10008 5575 10009 5580 10009 5574 10009 5574 10010 5580 10010 5572 10010 5574 10011 5572 10011 5573 10011 5573 10012 5572 10012 5571 10012 5573 10013 5571 10013 5569 10013 5569 10014 5571 10014 5570 10014 5606 10015 5542 10015 5607 10015 5607 10016 5542 10016 5541 10016 5607 10017 5541 10017 5540 10017 5650 10018 5654 10018 5618 10018 5621 10019 5620 10019 5638 10019 5615 10020 5614 10020 5645 10020 5650 10021 5652 10021 5654 10021 5652 10022 5653 10022 5654 10022 5670 10023 5669 10023 5664 10023 5629 10024 5623 10024 5641 10024 5629 10025 5641 10025 5642 10025 5629 10026 5642 10026 5643 10026 5629 10027 5643 10027 5644 10027 5629 10028 5644 10028 5632 10028 5629 10029 5632 10029 5631 10029 5629 10030 5631 10030 5630 10030 5629 10031 5630 10031 5633 10031 5629 10032 5633 10032 5634 10032 5629 10033 5634 10033 5635 10033 5629 10034 5635 10034 5612 10034 5674 10035 5665 10035 5657 10035 5674 10036 5657 10036 5656 10036 5674 10037 5656 10037 5658 10037 5674 10038 5658 10038 5659 10038 5674 10039 5659 10039 5660 10039 5674 10040 5660 10040 5655 10040 5674 10041 5655 10041 5651 10041 5665 10042 5674 10042 5677 10042 5665 10043 5677 10043 5678 10043 5665 10044 5678 10044 5679 10044 5665 10045 5679 10045 5670 10045 5665 10046 5670 10046 5664 10046 5646 10047 5645 10047 5614 10047 5646 10048 5614 10048 5617 10048 5646 10049 5617 10049 5618 10049 5646 10050 5618 10050 5654 10050 5651 10051 5650 10051 5674 10051 5674 10052 5650 10052 5618 10052 5674 10053 5618 10053 5675 10053 5675 10054 5618 10054 5619 10054 5675 10055 5619 10055 5676 10055 5676 10056 5619 10056 5613 10056 5676 10057 5613 10057 5637 10057 5637 10058 5613 10058 5636 10058 5636 10059 5613 10059 5612 10059 5636 10060 5612 10060 5635 10060 5681 10061 5680 10061 5637 10061 5637 10062 5680 10062 5676 10062 5641 10063 5623 10063 5638 10063 5638 10064 5623 10064 5622 10064 5638 10065 5622 10065 5621 10065 5638 10066 5620 10066 5639 10066 5639 10067 5620 10067 5624 10067 5639 10068 5624 10068 5640 10068 5640 10069 5624 10069 5625 10069 5640 10070 5625 10070 5649 10070 5649 10071 5625 10071 5648 10071 5648 10072 5625 10072 5626 10072 5648 10073 5626 10073 5647 10073 5647 10074 5626 10074 5627 10074 5647 10075 5627 10075 5628 10075 5615 10076 5645 10076 5616 10076 5616 10077 5645 10077 5647 10077 5616 10078 5647 10078 5628 10078 5664 10079 5669 10079 5663 10079 5663 10080 5669 10080 5671 10080 5663 10081 5671 10081 5661 10081 5661 10082 5671 10082 5672 10082 5661 10083 5672 10083 5673 10083 5661 10084 5673 10084 5662 10084 5662 10085 5673 10085 5668 10085 5662 10086 5668 10086 5666 10086 5666 10087 5668 10087 5667 10087 5687 10088 5688 10088 5689 10088 5683 10089 5687 10089 5689 10089 5708 10090 5709 10090 5693 10090 5693 10091 5709 10091 5710 10091 5720 10092 5716 10092 5706 10092 5720 10093 5706 10093 5708 10093 5720 10094 5708 10094 5693 10094 5720 10095 5693 10095 5694 10095 5720 10096 5694 10096 5695 10096 5720 10097 5695 10097 5696 10097 5720 10098 5696 10098 5686 10098 5720 10099 5686 10099 5685 10099 5720 10100 5685 10100 5684 10100 5720 10101 5684 10101 5687 10101 5720 10102 5687 10102 5683 10102 5720 10103 5683 10103 5682 10103 5720 10104 5682 10104 5722 10104 5720 10105 5722 10105 5721 10105 5711 10106 5717 10106 5718 10106 5711 10107 5718 10107 5719 10107 5711 10108 5719 10108 5713 10108 5711 10109 5713 10109 5712 10109 5707 10110 5706 10110 5716 10110 5707 10111 5716 10111 5715 10111 5707 10112 5715 10112 5714 10112 5707 10113 5714 10113 5717 10113 5707 10114 5717 10114 5711 10114 5701 10115 5690 10115 5702 10115 5702 10116 5690 10116 5693 10116 5702 10117 5693 10117 5710 10117 5703 10118 5691 10118 5700 10118 5700 10119 5691 10119 5690 10119 5700 10120 5690 10120 5701 10120 5705 10121 5692 10121 5704 10121 5704 10122 5692 10122 5691 10122 5704 10123 5691 10123 5703 10123 5698 10124 5697 10124 5699 10124 5699 10125 5697 10125 5692 10125 5699 10126 5692 10126 5705 10126 5728 10127 5727 10127 5775 10127 5782 10128 5781 10128 5788 10128 5782 10129 5788 10129 5773 10129 5782 10130 5773 10130 5772 10130 5782 10131 5772 10131 5794 10131 5739 10132 5749 10132 5750 10132 5739 10133 5750 10133 5751 10133 5739 10134 5751 10134 5744 10134 5739 10135 5744 10135 5743 10135 5749 10136 5739 10136 5738 10136 5749 10137 5738 10137 5740 10137 5749 10138 5740 10138 5741 10138 5774 10139 5775 10139 5727 10139 5774 10140 5727 10140 5729 10140 5774 10141 5729 10141 5730 10141 5774 10142 5730 10142 5791 10142 5774 10143 5791 10143 5792 10143 5774 10144 5792 10144 5771 10144 5767 10145 5768 10145 5748 10145 5767 10146 5748 10146 5749 10146 5767 10147 5749 10147 5741 10147 5767 10148 5741 10148 5742 10148 5767 10149 5742 10149 5737 10149 5767 10150 5737 10150 5736 10150 5767 10151 5736 10151 5764 10151 5791 10152 5730 10152 5731 10152 5791 10153 5731 10153 5726 10153 5791 10154 5726 10154 5725 10154 5791 10155 5725 10155 5789 10155 5788 10156 5781 10156 5787 10156 5787 10157 5781 10157 5780 10157 5787 10158 5780 10158 5786 10158 5786 10159 5780 10159 5779 10159 5786 10160 5779 10160 5785 10160 5785 10161 5779 10161 5778 10161 5785 10162 5778 10162 5784 10162 5784 10163 5778 10163 5777 10163 5784 10164 5777 10164 5783 10164 5771 10165 5792 10165 5772 10165 5772 10166 5792 10166 5793 10166 5772 10167 5793 10167 5794 10167 5770 10168 5766 10168 5732 10168 5732 10169 5766 10169 5735 10169 5732 10170 5735 10170 5733 10170 5733 10171 5735 10171 5734 10171 5728 10172 5775 10172 5732 10172 5732 10173 5775 10173 5776 10173 5732 10174 5776 10174 5770 10174 5735 10175 5766 10175 5736 10175 5736 10176 5766 10176 5765 10176 5736 10177 5765 10177 5764 10177 5748 10178 5768 10178 5745 10178 5745 10179 5768 10179 5769 10179 5745 10180 5769 10180 5761 10180 5745 10181 5761 10181 5746 10181 5746 10182 5761 10182 5760 10182 5746 10183 5760 10183 5747 10183 5747 10184 5760 10184 5762 10184 5747 10185 5762 10185 5759 10185 5759 10186 5762 10186 5763 10186 5759 10187 5763 10187 5758 10187 5758 10188 5763 10188 5757 10188 5757 10189 5763 10189 5755 10189 5757 10190 5755 10190 5756 10190 5756 10191 5755 10191 5754 10191 5756 10192 5754 10192 5752 10192 5752 10193 5754 10193 5753 10193 5789 10194 5725 10194 5790 10194 5790 10195 5725 10195 5724 10195 5790 10196 5724 10196 5723 10196 5806 10197 5798 10197 5797 10197 5805 10198 5803 10198 5804 10198 5797 10199 5796 10199 5795 10199 5797 10200 5795 10200 5810 10200 5797 10201 5810 10201 5809 10201 5797 10202 5809 10202 5806 10202 5803 10203 5805 10203 5800 10203 5800 10204 5805 10204 5799 10204 5800 10205 5799 10205 5801 10205 5801 10206 5799 10206 5802 10206 5802 10207 5799 10207 5798 10207 5802 10208 5798 10208 5806 10208 5812 10209 5811 10209 5795 10209 5795 10210 5811 10210 5810 10210 5809 10211 5808 10211 5806 10211 5806 10212 5808 10212 5807 10212 5813 10213 5814 10213 5815 10213 5813 10214 5815 10214 5816 10214 5813 10215 5816 10215 5817 10215 5813 10216 5817 10216 5818 10216 5818 10217 5817 10217 5819 10217 5818 10218 5819 10218 5820 10218 5818 10219 5820 10219 5821 10219 5818 10220 5821 10220 5822 10220 5818 10221 5822 10221 5823 10221 5818 10222 5823 10222 5824 10222 5818 10223 5824 10223 5825 10223 5818 10224 5825 10224 5826 10224 5818 10225 5826 10225 5827 10225 5818 10226 5827 10226 5828 10226 5818 10227 5828 10227 5829 10227 5818 10228 5829 10228 5830 10228 5818 10229 5830 10229 5831 10229 5818 10230 5831 10230 5832 10230 5818 10231 5832 10231 5833 10231 5818 10232 5833 10232 5834 10232 5818 10233 5834 10233 5835 10233 5818 10234 5835 10234 5836 10234 5818 10235 5836 10235 5837 10235 5818 10236 5837 10236 5838 10236 5818 10237 5838 10237 5839 10237 5839 10238 5838 10238 5840 10238 5839 10239 5840 10239 5841 10239 5839 10240 5841 10240 5842 10240 5839 10241 5842 10241 5843 10241 5839 10242 5843 10242 5844 10242 5839 10243 5844 10243 5845 10243 5839 10244 5845 10244 5846 10244 5839 10245 5846 10245 5847 10245 5839 10246 5847 10246 5848 10246 5839 10247 5848 10247 5849 10247 5839 10248 5849 10248 5814 10248 5814 10249 5849 10249 5850 10249 5814 10250 5850 10250 5851 10250 5814 10251 5851 10251 5852 10251 5814 10252 5852 10252 5853 10252 5814 10253 5853 10253 5854 10253 5814 10254 5854 10254 5855 10254 5814 10255 5855 10255 5856 10255 5814 10256 5856 10256 5857 10256 5814 10257 5857 10257 5858 10257 5814 10258 5858 10258 5815 10258 5816 10259 4918 10259 5817 10259 5817 10260 4918 10260 4917 10260 5817 10261 4917 10261 5819 10261 5819 10262 4917 10262 4919 10262 5819 10263 4919 10263 5820 10263 5820 10264 4919 10264 4920 10264 5820 10265 4920 10265 5821 10265 5821 10266 4920 10266 4921 10266 5821 10267 4921 10267 5822 10267 5822 10268 4921 10268 4922 10268 5822 10269 4922 10269 5823 10269 5823 10270 4922 10270 4923 10270 5823 10271 4923 10271 5824 10271 5824 10272 4923 10272 4924 10272 5824 10273 4924 10273 5825 10273 5825 10274 4924 10274 4892 10274 5825 10275 4892 10275 5826 10275 5826 10276 4892 10276 5153 10276 5826 10277 5153 10277 5827 10277 4918 10278 5816 10278 5038 10278 5038 10279 5816 10279 5815 10279 5038 10280 5815 10280 5039 10280 5039 10281 5815 10281 5858 10281 5039 10282 5858 10282 5301 10282 5301 10283 5858 10283 5857 10283 5301 10284 5857 10284 5302 10284 5302 10285 5857 10285 5856 10285 5302 10286 5856 10286 5303 10286 5303 10287 5856 10287 5855 10287 5303 10288 5855 10288 5304 10288 5304 10289 5855 10289 5854 10289 5304 10290 5854 10290 5305 10290 5305 10291 5854 10291 5853 10291 5305 10292 5853 10292 5306 10292 5306 10293 5853 10293 5852 10293 5306 10294 5852 10294 5307 10294 5307 10295 5852 10295 5851 10295 5307 10296 5851 10296 5308 10296 5308 10297 5851 10297 5850 10297 5308 10298 5850 10298 5167 10298 5167 10299 5850 10299 5849 10299 5167 10300 5849 10300 5168 10300 5838 10301 5177 10301 5840 10301 5840 10302 5177 10302 5176 10302 5840 10303 5176 10303 5841 10303 5841 10304 5176 10304 5175 10304 5841 10305 5175 10305 5842 10305 5842 10306 5175 10306 5174 10306 5842 10307 5174 10307 5843 10307 5843 10308 5174 10308 5173 10308 5843 10309 5173 10309 5844 10309 5844 10310 5173 10310 5172 10310 5844 10311 5172 10311 5845 10311 5845 10312 5172 10312 5171 10312 5845 10313 5171 10313 5846 10313 5846 10314 5171 10314 5170 10314 5846 10315 5170 10315 5847 10315 5847 10316 5170 10316 5169 10316 5847 10317 5169 10317 5848 10317 5848 10318 5169 10318 5168 10318 5848 10319 5168 10319 5849 10319 5177 10320 5838 10320 5042 10320 5042 10321 5838 10321 5837 10321 5042 10322 5837 10322 5043 10322 5043 10323 5837 10323 5836 10323 5043 10324 5836 10324 5144 10324 5144 10325 5836 10325 5835 10325 5144 10326 5835 10326 5145 10326 5145 10327 5835 10327 5834 10327 5145 10328 5834 10328 5146 10328 5146 10329 5834 10329 5833 10329 5146 10330 5833 10330 5147 10330 5147 10331 5833 10331 5832 10331 5147 10332 5832 10332 5148 10332 5148 10333 5832 10333 5831 10333 5148 10334 5831 10334 5149 10334 5149 10335 5831 10335 5830 10335 5149 10336 5830 10336 5150 10336 5150 10337 5830 10337 5829 10337 5150 10338 5829 10338 5151 10338 5151 10339 5829 10339 5828 10339 5151 10340 5828 10340 5152 10340 5152 10341 5828 10341 5827 10341 5152 10342 5827 10342 5153 10342 5859 10343 5860 10343 5861 10343 5859 10344 5862 10344 5860 10344 5863 10345 5864 10345 5865 10345 5863 10346 5866 10346 5864 10346 5864 10347 5866 10347 5867 10347 5864 10348 5867 10348 5868 10348 5864 10349 5868 10349 5869 10349 5864 10350 5869 10350 5870 10350 5864 10351 5870 10351 5871 10351 5864 10352 5872 10352 5873 10352 5864 10353 5873 10353 5874 10353 5864 10354 5874 10354 5875 10354 5864 10355 5875 10355 5876 10355 5864 10356 5876 10356 5865 10356 5860 10357 5862 10357 5877 10357 5860 10358 5877 10358 5878 10358 5860 10359 5878 10359 5879 10359 5860 10360 5879 10360 5880 10360 5860 10361 5880 10361 5881 10361 5860 10362 5881 10362 5882 10362 5860 10363 5883 10363 5884 10363 5860 10364 5884 10364 5885 10364 5860 10365 5885 10365 5886 10365 5860 10366 5886 10366 5887 10366 5860 10367 5887 10367 5888 10367 5860 10368 5888 10368 5861 10368 5889 10369 5890 10369 5891 10369 5889 10370 5891 10370 5892 10370 5889 10371 5892 10371 5893 10371 5889 10372 5893 10372 5894 10372 5889 10373 5894 10373 5895 10373 5889 10374 5895 10374 5896 10374 5889 10375 5896 10375 5897 10375 5889 10376 5897 10376 5898 10376 5889 10377 5898 10377 5899 10377 5889 10378 5899 10378 5900 10378 946 10379 5901 10379 5902 10379 946 10380 5902 10380 5903 10380 946 10381 5903 10381 5904 10381 946 10382 5904 10382 5905 10382 946 10383 5905 10383 5906 10383 946 10384 5906 10384 5907 10384 946 10385 5907 10385 5908 10385 946 10386 5908 10386 5909 10386 946 10387 5909 10387 5910 10387 946 10388 5910 10388 5911 10388 946 10389 5911 10389 5912 10389 946 10390 5912 10390 5913 10390 946 10391 5913 10391 947 10391 3909 10392 3912 10392 5914 10392 3909 10393 5914 10393 5915 10393 3909 10394 5915 10394 5916 10394 3909 10395 5916 10395 5917 10395 3909 10396 5917 10396 5918 10396 3909 10397 5918 10397 5919 10397 3909 10398 5919 10398 5901 10398 3909 10399 5901 10399 946 10399 947 10400 5913 10400 5920 10400 947 10401 5920 10401 5921 10401 947 10402 5921 10402 5922 10402 947 10403 5922 10403 5923 10403 947 10404 5923 10404 5924 10404 947 10405 5924 10405 5925 10405 947 10406 5925 10406 5926 10406 947 10407 5926 10407 5927 10407 947 10408 5927 10408 5928 10408 947 10409 5928 10409 5929 10409 947 10410 5929 10410 5930 10410 947 10411 5930 10411 5931 10411 947 10412 5931 10412 5860 10412 947 10413 5860 10413 5882 10413 947 10414 5882 10414 5932 10414 947 10415 5932 10415 5933 10415 947 10416 5933 10416 5934 10416 947 10417 5934 10417 5935 10417 947 10418 5935 10418 5936 10418 947 10419 5936 10419 5937 10419 947 10420 5937 10420 5938 10420 947 10421 5938 10421 5939 10421 947 10422 5939 10422 5940 10422 947 10423 5940 10423 5941 10423 947 10424 5941 10424 5889 10424 947 10425 5889 10425 5900 10425 947 10426 5900 10426 5942 10426 947 10427 5942 10427 5943 10427 947 10428 5943 10428 5944 10428 947 10429 5944 10429 5945 10429 947 10430 5945 10430 5946 10430 947 10431 5946 10431 5947 10431 947 10432 5947 10432 5948 10432 947 10433 5948 10433 5949 10433 947 10434 5949 10434 5950 10434 947 10435 5950 10435 5951 10435 947 10436 5951 10436 5952 10436 947 10437 5952 10437 5953 10437 947 10438 5953 10438 5954 10438 947 10439 5954 10439 3912 10439 5955 10440 5956 10440 5957 10440 5955 10441 5957 10441 5864 10441 5955 10442 5864 10442 5871 10442 5958 10443 5923 10443 5922 10443 5958 10444 5922 10444 5959 10444 5958 10445 5959 10445 5960 10445 5958 10446 5960 10446 5961 10446 5958 10447 5961 10447 5956 10447 5958 10448 5956 10448 5955 10448 3912 10449 5954 10449 5962 10449 3912 10450 5962 10450 5963 10450 3912 10451 5963 10451 5964 10451 3912 10452 5964 10452 5965 10452 3912 10453 5965 10453 5966 10453 3912 10454 5966 10454 5967 10454 3912 10455 5967 10455 5968 10455 3912 10456 5968 10456 5969 10456 3912 10457 5969 10457 5970 10457 3912 10458 5970 10458 5971 10458 3912 10459 5971 10459 5972 10459 3912 10460 5972 10460 5973 10460 3912 10461 5973 10461 5890 10461 3912 10462 5890 10462 5889 10462 3912 10463 5889 10463 5974 10463 3912 10464 5974 10464 5975 10464 3912 10465 5975 10465 5976 10465 3912 10466 5976 10466 5977 10466 3912 10467 5977 10467 5978 10467 3912 10468 5978 10468 5979 10468 3912 10469 5979 10469 5980 10469 3912 10470 5980 10470 5981 10470 3912 10471 5981 10471 5982 10471 3912 10472 5982 10472 5983 10472 3912 10473 5983 10473 5883 10473 3912 10474 5883 10474 5860 10474 3912 10475 5860 10475 5984 10475 3912 10476 5984 10476 5985 10476 3912 10477 5985 10477 5986 10477 3912 10478 5986 10478 5987 10478 3912 10479 5987 10479 5988 10479 3912 10480 5988 10480 5989 10480 3912 10481 5989 10481 5990 10481 3912 10482 5990 10482 5991 10482 3912 10483 5991 10483 5992 10483 3912 10484 5992 10484 5993 10484 3912 10485 5993 10485 5994 10485 3912 10486 5994 10486 5995 10486 3912 10487 5995 10487 5914 10487 5996 10488 5872 10488 5864 10488 5996 10489 5864 10489 5997 10489 5996 10490 5997 10490 5998 10490 5999 10491 5996 10491 5998 10491 5999 10492 5998 10492 6000 10492 5999 10493 6000 10493 6001 10493 5999 10494 6001 10494 6002 10494 5999 10495 6002 10495 5993 10495 5999 10496 5993 10496 5992 10496 5913 10497 4583 10497 5920 10497 5920 10498 4583 10498 4582 10498 5920 10499 4582 10499 5921 10499 5921 10500 4582 10500 4581 10500 5921 10501 4581 10501 5922 10501 5922 10502 4581 10502 4587 10502 5922 10503 4587 10503 5959 10503 5959 10504 4587 10504 4586 10504 5959 10505 4586 10505 5960 10505 5960 10506 4586 10506 4585 10506 5960 10507 4585 10507 5961 10507 5961 10508 4585 10508 4499 10508 5961 10509 4499 10509 5956 10509 5956 10510 4499 10510 4453 10510 5956 10511 4453 10511 5957 10511 5957 10512 4453 10512 4445 10512 5957 10513 4445 10513 5864 10513 4583 10514 5913 10514 4475 10514 4475 10515 5913 10515 5912 10515 4475 10516 5912 10516 4476 10516 4476 10517 5912 10517 5911 10517 4476 10518 5911 10518 4477 10518 4477 10519 5911 10519 5910 10519 4477 10520 5910 10520 4478 10520 4478 10521 5910 10521 5909 10521 4478 10522 5909 10522 4479 10522 4479 10523 5909 10523 5908 10523 4479 10524 5908 10524 4480 10524 4480 10525 5908 10525 5907 10525 4480 10526 5907 10526 4481 10526 4481 10527 5907 10527 5906 10527 4481 10528 5906 10528 4482 10528 4482 10529 5906 10529 5905 10529 4482 10530 5905 10530 4483 10530 4483 10531 5905 10531 5904 10531 4483 10532 5904 10532 4484 10532 5914 10533 4493 10533 5915 10533 5915 10534 4493 10534 4492 10534 5915 10535 4492 10535 5916 10535 5916 10536 4492 10536 4491 10536 5916 10537 4491 10537 5917 10537 5917 10538 4491 10538 4490 10538 5917 10539 4490 10539 5918 10539 5918 10540 4490 10540 4489 10540 5918 10541 4489 10541 5919 10541 5919 10542 4489 10542 4487 10542 5919 10543 4487 10543 5901 10543 5901 10544 4487 10544 4486 10544 5901 10545 4486 10545 5902 10545 5902 10546 4486 10546 4485 10546 5902 10547 4485 10547 5903 10547 5903 10548 4485 10548 4484 10548 5903 10549 4484 10549 5904 10549 4493 10550 5914 10550 4494 10550 4494 10551 5914 10551 5995 10551 4494 10552 5995 10552 4626 10552 4626 10553 5995 10553 5994 10553 4626 10554 5994 10554 4627 10554 4627 10555 5994 10555 5993 10555 4627 10556 5993 10556 4628 10556 4628 10557 5993 10557 6002 10557 4628 10558 6002 10558 4640 10558 4640 10559 6002 10559 6001 10559 4640 10560 6001 10560 4641 10560 4641 10561 6001 10561 6000 10561 4641 10562 6000 10562 4642 10562 4642 10563 6000 10563 5998 10563 4642 10564 5998 10564 4637 10564 4637 10565 5998 10565 5997 10565 4637 10566 5997 10566 4638 10566 4638 10567 5997 10567 5864 10567 4638 10568 5864 10568 4445 10568 5923 10569 4579 10569 5924 10569 5924 10570 4579 10570 4578 10570 5924 10571 4578 10571 5925 10571 5925 10572 4578 10572 4577 10572 5925 10573 4577 10573 5926 10573 5926 10574 4577 10574 4576 10574 5926 10575 4576 10575 5927 10575 5927 10576 4576 10576 4575 10576 5927 10577 4575 10577 5928 10577 5928 10578 4575 10578 4574 10578 5928 10579 4574 10579 5929 10579 5929 10580 4574 10580 4506 10580 5929 10581 4506 10581 5930 10581 5930 10582 4506 10582 4456 10582 5930 10583 4456 10583 5931 10583 5931 10584 4456 10584 4455 10584 5931 10585 4455 10585 5860 10585 4579 10586 5923 10586 4580 10586 4580 10587 5923 10587 5958 10587 4580 10588 5958 10588 4584 10588 4584 10589 5958 10589 5955 10589 4584 10590 5955 10590 4500 10590 4500 10591 5955 10591 5871 10591 4500 10592 5871 10592 4501 10592 4501 10593 5871 10593 5870 10593 4501 10594 5870 10594 4502 10594 4502 10595 5870 10595 5869 10595 4502 10596 5869 10596 4503 10596 4503 10597 5869 10597 5868 10597 4503 10598 5868 10598 4504 10598 4504 10599 5868 10599 5867 10599 4504 10600 5867 10600 4505 10600 4505 10601 5867 10601 5866 10601 4505 10602 5866 10602 4454 10602 4454 10603 5866 10603 5863 10603 4454 10604 5863 10604 4452 10604 5992 10605 4639 10605 5999 10605 5999 10606 4639 10606 4636 10606 5999 10607 4636 10607 5996 10607 5996 10608 4636 10608 4451 10608 5996 10609 4451 10609 5872 10609 5872 10610 4451 10610 4450 10610 5872 10611 4450 10611 5873 10611 5873 10612 4450 10612 4449 10612 5873 10613 4449 10613 5874 10613 5874 10614 4449 10614 4448 10614 5874 10615 4448 10615 5875 10615 5875 10616 4448 10616 4447 10616 5875 10617 4447 10617 5876 10617 5876 10618 4447 10618 4446 10618 5876 10619 4446 10619 5865 10619 5865 10620 4446 10620 4452 10620 5865 10621 4452 10621 5863 10621 4639 10622 5992 10622 4629 10622 4629 10623 5992 10623 5991 10623 4629 10624 5991 10624 4630 10624 4630 10625 5991 10625 5990 10625 4630 10626 5990 10626 4631 10626 4631 10627 5990 10627 5989 10627 4631 10628 5989 10628 4632 10628 4632 10629 5989 10629 5988 10629 4632 10630 5988 10630 4633 10630 4633 10631 5988 10631 5987 10631 4633 10632 5987 10632 4634 10632 4634 10633 5987 10633 5986 10633 4634 10634 5986 10634 4635 10634 4635 10635 5986 10635 5985 10635 4635 10636 5985 10636 4624 10636 4624 10637 5985 10637 5984 10637 4624 10638 5984 10638 4625 10638 4625 10639 5984 10639 5860 10639 4625 10640 5860 10640 4455 10640 5970 10641 4602 10641 5971 10641 5971 10642 4602 10642 4601 10642 5971 10643 4601 10643 5972 10643 5972 10644 4601 10644 4467 10644 5972 10645 4467 10645 5973 10645 5973 10646 4467 10646 4466 10646 5973 10647 4466 10647 5890 10647 5890 10648 4466 10648 4465 10648 5890 10649 4465 10649 5891 10649 5891 10650 4465 10650 4464 10650 5891 10651 4464 10651 5892 10651 5892 10652 4464 10652 4463 10652 5892 10653 4463 10653 5893 10653 5893 10654 4463 10654 4462 10654 5893 10655 4462 10655 5894 10655 5894 10656 4462 10656 4428 10656 5894 10657 4428 10657 5895 10657 4602 10658 5970 10658 4603 10658 4603 10659 5970 10659 5969 10659 4603 10660 5969 10660 4604 10660 4604 10661 5969 10661 5968 10661 4604 10662 5968 10662 4605 10662 4605 10663 5968 10663 5967 10663 4605 10664 5967 10664 4606 10664 4606 10665 5967 10665 5966 10665 4606 10666 5966 10666 4607 10666 4607 10667 5966 10667 5965 10667 4607 10668 5965 10668 4608 10668 4608 10669 5965 10669 5964 10669 4608 10670 5964 10670 4609 10670 4609 10671 5964 10671 5963 10671 4609 10672 5963 10672 4610 10672 4610 10673 5963 10673 5962 10673 4610 10674 5962 10674 4611 10674 4611 10675 5962 10675 5954 10675 4611 10676 5954 10676 4532 10676 5945 10677 4540 10677 5946 10677 5946 10678 4540 10678 4539 10678 5946 10679 4539 10679 5947 10679 5947 10680 4539 10680 4538 10680 5947 10681 4538 10681 5948 10681 5948 10682 4538 10682 4537 10682 5948 10683 4537 10683 5949 10683 5949 10684 4537 10684 4536 10684 5949 10685 4536 10685 5950 10685 5950 10686 4536 10686 4535 10686 5950 10687 4535 10687 5951 10687 5951 10688 4535 10688 4534 10688 5951 10689 4534 10689 5952 10689 5952 10690 4534 10690 4533 10690 5952 10691 4533 10691 5953 10691 5953 10692 4533 10692 4532 10692 5953 10693 4532 10693 5954 10693 4540 10694 5945 10694 4541 10694 4541 10695 5945 10695 5944 10695 4541 10696 5944 10696 4542 10696 4542 10697 5944 10697 5943 10697 4542 10698 5943 10698 4543 10698 4543 10699 5943 10699 5942 10699 4543 10700 5942 10700 4527 10700 4527 10701 5942 10701 5900 10701 4527 10702 5900 10702 4528 10702 4528 10703 5900 10703 5899 10703 4528 10704 5899 10704 4529 10704 4529 10705 5899 10705 5898 10705 4529 10706 5898 10706 4530 10706 4530 10707 5898 10707 5897 10707 4530 10708 5897 10708 4531 10708 4531 10709 5897 10709 5896 10709 4531 10710 5896 10710 4427 10710 4427 10711 5896 10711 5895 10711 4427 10712 5895 10712 4428 10712 5982 10713 4591 10713 5983 10713 5983 10714 4591 10714 4432 10714 5983 10715 4432 10715 5883 10715 5883 10716 4432 10716 4431 10716 5883 10717 4431 10717 5884 10717 5884 10718 4431 10718 4433 10718 5884 10719 4433 10719 5885 10719 5885 10720 4433 10720 4434 10720 5885 10721 4434 10721 5886 10721 5886 10722 4434 10722 4435 10722 5886 10723 4435 10723 5887 10723 5887 10724 4435 10724 4436 10724 5887 10725 4436 10725 5888 10725 5888 10726 4436 10726 4437 10726 5888 10727 4437 10727 5861 10727 5861 10728 4437 10728 4468 10728 5861 10729 4468 10729 5859 10729 4591 10730 5982 10730 4592 10730 4592 10731 5982 10731 5981 10731 4592 10732 5981 10732 4593 10732 4593 10733 5981 10733 5980 10733 4593 10734 5980 10734 4594 10734 4594 10735 5980 10735 5979 10735 4594 10736 5979 10736 4595 10736 4595 10737 5979 10737 5978 10737 4595 10738 5978 10738 4596 10738 4596 10739 5978 10739 5977 10739 4596 10740 5977 10740 4597 10740 4597 10741 5977 10741 5976 10741 4597 10742 5976 10742 4598 10742 4598 10743 5976 10743 5975 10743 4598 10744 5975 10744 4599 10744 4599 10745 5975 10745 5974 10745 4599 10746 5974 10746 4600 10746 4600 10747 5974 10747 5889 10747 4600 10748 5889 10748 4461 10748 5933 10749 4549 10749 5934 10749 5934 10750 4549 10750 4548 10750 5934 10751 4548 10751 5935 10751 5935 10752 4548 10752 4547 10752 5935 10753 4547 10753 5936 10753 5936 10754 4547 10754 4546 10754 5936 10755 4546 10755 5937 10755 5937 10756 4546 10756 4545 10756 5937 10757 4545 10757 5938 10757 5938 10758 4545 10758 4544 10758 5938 10759 4544 10759 5939 10759 5939 10760 4544 10760 4526 10760 5939 10761 4526 10761 5940 10761 5940 10762 4526 10762 4426 10762 5940 10763 4426 10763 5941 10763 5941 10764 4426 10764 4461 10764 5941 10765 4461 10765 5889 10765 4549 10766 5933 10766 4550 10766 4550 10767 5933 10767 5932 10767 4550 10768 5932 10768 4551 10768 4551 10769 5932 10769 5882 10769 4551 10770 5882 10770 4520 10770 4520 10771 5882 10771 5881 10771 4520 10772 5881 10772 4521 10772 4521 10773 5881 10773 5880 10773 4521 10774 5880 10774 4522 10774 4522 10775 5880 10775 5879 10775 4522 10776 5879 10776 4523 10776 4523 10777 5879 10777 5878 10777 4523 10778 5878 10778 4524 10778 4524 10779 5878 10779 5877 10779 4524 10780 5877 10780 4525 10780 4525 10781 5877 10781 5862 10781 4525 10782 5862 10782 4471 10782 4471 10783 5862 10783 5859 10783 4471 10784 5859 10784 4468 10784 6003 10785 3276 10785 3275 10785 6004 10786 6005 10786 3273 10786 6004 10787 3273 10787 3272 10787 6004 10788 3272 10788 3271 10788 6004 10789 3271 10789 3270 10789 6004 10790 3270 10790 6006 10790 3265 10791 6007 10791 3266 10791 3266 10792 6007 10792 6008 10792 3266 10793 6008 10793 3267 10793 3267 10794 6008 10794 3268 10794 3268 10795 6008 10795 6009 10795 3268 10796 6009 10796 3269 10796 3269 10797 6009 10797 6006 10797 3269 10798 6006 10798 3270 10798 6003 10799 3275 10799 6005 10799 6005 10800 3275 10800 3274 10800 6005 10801 3274 10801 3273 10801 3276 10802 6003 10802 3277 10802 3277 10803 6003 10803 6010 10803 3277 10804 6010 10804 3278 10804 3278 10805 6010 10805 3279 10805 3279 10806 6010 10806 6011 10806 3279 10807 6011 10807 3280 10807 2074 10808 2124 10808 6012 10808 6012 10809 2124 10809 3281 10809 6012 10810 3281 10810 6011 10810 6011 10811 3281 10811 3280 10811 3265 10812 3176 10812 6007 10812 6007 10813 3176 10813 6013 10813 386 10814 158 10814 6014 10814 6014 10815 158 10815 157 10815 6014 10816 157 10816 156 10816 6014 10817 156 10817 6015 10817 6015 10818 156 10818 155 10818 6015 10819 155 10819 6016 10819 6016 10820 155 10820 154 10820 6016 10821 154 10821 153 10821 6016 10822 153 10822 6017 10822 6017 10823 153 10823 152 10823 6017 10824 152 10824 151 10824 6017 10825 151 10825 6018 10825 6018 10826 151 10826 150 10826 6018 10827 150 10827 149 10827 6018 10828 149 10828 6019 10828 6019 10829 149 10829 148 10829 6019 10830 148 10830 147 10830 6019 10831 147 10831 6020 10831 6020 10832 147 10832 146 10832 6020 10833 146 10833 145 10833 6020 10834 145 10834 6021 10834 6021 10835 145 10835 144 10835 6021 10836 144 10836 143 10836 6021 10837 143 10837 6022 10837 6022 10838 143 10838 142 10838 6022 10839 142 10839 2137 10839 2137 10840 142 10840 141 10840 6013 10841 3176 10841 6023 10841 6023 10842 3176 10842 3175 10842 6023 10843 3175 10843 3174 10843 6023 10844 3174 10844 6024 10844 6024 10845 3174 10845 3173 10845 6024 10846 3173 10846 6025 10846 6025 10847 3173 10847 3172 10847 6025 10848 3172 10848 3171 10848 6025 10849 3171 10849 6026 10849 6026 10850 3171 10850 3170 10850 6026 10851 3170 10851 3169 10851 6026 10852 3169 10852 6027 10852 6027 10853 3169 10853 3168 10853 6027 10854 3168 10854 3167 10854 6027 10855 3167 10855 6028 10855 6028 10856 3167 10856 3166 10856 6028 10857 3166 10857 3165 10857 6028 10858 3165 10858 6029 10858 6029 10859 3165 10859 3164 10859 6029 10860 3164 10860 3163 10860 6029 10861 3163 10861 6030 10861 6030 10862 3163 10862 3162 10862 6030 10863 3162 10863 3161 10863 6030 10864 3161 10864 6031 10864 6031 10865 3161 10865 3160 10865 6031 10866 3160 10866 1764 10866 1764 10867 3160 10867 1765 10867 1778 10868 113 10868 6032 10868 6032 10869 113 10869 112 10869 6032 10870 112 10870 6033 10870 6033 10871 112 10871 111 10871 6033 10872 111 10872 110 10872 6033 10873 110 10873 6034 10873 6034 10874 110 10874 109 10874 6034 10875 109 10875 108 10875 6034 10876 108 10876 6035 10876 6035 10877 108 10877 107 10877 6035 10878 107 10878 6036 10878 6036 10879 107 10879 106 10879 6036 10880 106 10880 105 10880 6036 10881 105 10881 6037 10881 6037 10882 105 10882 104 10882 6037 10883 104 10883 103 10883 6037 10884 103 10884 6038 10884 6038 10885 103 10885 102 10885 6038 10886 102 10886 101 10886 6038 10887 101 10887 6039 10887 6039 10888 101 10888 100 10888 6039 10889 100 10889 99 10889 6039 10890 99 10890 6040 10890 6040 10891 99 10891 98 10891 6040 10892 98 10892 97 10892 97 10893 96 10893 6040 10893 6040 10894 96 10894 411 10894 6033 10895 6041 10895 6032 10895 6037 10896 6042 10896 6036 10896 6042 10897 6043 10897 6036 10897 6038 10898 6044 10898 6045 10898 6038 10899 6045 10899 6037 10899 6039 10900 6046 10900 6038 10900 6040 10901 6047 10901 6039 10901 6043 10902 6035 10902 6036 10902 4472 10903 6048 10903 6049 10903 4472 10904 6049 10904 6050 10904 4472 10905 6050 10905 6051 10905 4472 10906 6051 10906 6052 10906 4472 10907 6052 10907 6053 10907 4472 10908 6053 10908 6054 10908 4472 10909 6054 10909 6055 10909 4472 10910 6055 10910 6056 10910 4472 10911 6056 10911 6057 10911 4472 10912 6057 10912 6058 10912 6049 10913 6048 10913 6059 10913 6059 10914 6048 10914 6060 10914 6059 10915 6060 10915 6061 10915 6061 10916 6060 10916 6062 10916 6061 10917 6062 10917 6063 10917 6063 10918 6062 10918 6064 10918 6063 10919 6064 10919 6065 10919 6065 10920 6064 10920 6066 10920 6065 10921 6066 10921 6067 10921 6067 10922 6066 10922 6068 10922 6067 10923 6068 10923 6069 10923 6069 10924 6068 10924 6070 10924 6069 10925 6070 10925 6041 10925 6041 10926 6070 10926 6071 10926 6041 10927 6071 10927 6032 10927 6032 10928 6071 10928 6072 10928 6032 10929 6072 10929 1778 10929 6035 10930 6043 10930 6034 10930 6034 10931 6043 10931 6073 10931 6034 10932 6073 10932 6033 10932 6058 10933 6057 10933 6074 10933 6074 10934 6057 10934 6075 10934 6074 10935 6075 10935 6076 10935 6076 10936 6075 10936 6077 10936 6076 10937 6077 10937 6078 10937 6078 10938 6077 10938 6079 10938 6078 10939 6079 10939 411 10939 411 10940 6079 10940 6080 10940 411 10941 6080 10941 6040 10941 6050 10942 6049 10942 6081 10942 6081 10943 6049 10943 6059 10943 6081 10944 6059 10944 6082 10944 6082 10945 6059 10945 6061 10945 6082 10946 6061 10946 6083 10946 6083 10947 6061 10947 6063 10947 6083 10948 6063 10948 6084 10948 6084 10949 6063 10949 6065 10949 6084 10950 6065 10950 6085 10950 6085 10951 6065 10951 6067 10951 6085 10952 6067 10952 6086 10952 6086 10953 6067 10953 6069 10953 6086 10954 6069 10954 6073 10954 6073 10955 6069 10955 6041 10955 6073 10956 6041 10956 6033 10956 6051 10957 6050 10957 6087 10957 6087 10958 6050 10958 6081 10958 6087 10959 6081 10959 6088 10959 6088 10960 6081 10960 6082 10960 6088 10961 6082 10961 6089 10961 6089 10962 6082 10962 6083 10962 6089 10963 6083 10963 6090 10963 6090 10964 6083 10964 6084 10964 6090 10965 6084 10965 6091 10965 6091 10966 6084 10966 6085 10966 6091 10967 6085 10967 6043 10967 6043 10968 6085 10968 6086 10968 6043 10969 6086 10969 6073 10969 6052 10970 6051 10970 6092 10970 6092 10971 6051 10971 6087 10971 6092 10972 6087 10972 6093 10972 6093 10973 6087 10973 6088 10973 6093 10974 6088 10974 6094 10974 6094 10975 6088 10975 6089 10975 6094 10976 6089 10976 6095 10976 6095 10977 6089 10977 6090 10977 6095 10978 6090 10978 6042 10978 6042 10979 6090 10979 6091 10979 6042 10980 6091 10980 6043 10980 6053 10981 6052 10981 6096 10981 6096 10982 6052 10982 6092 10982 6096 10983 6092 10983 6097 10983 6097 10984 6092 10984 6093 10984 6097 10985 6093 10985 6098 10985 6098 10986 6093 10986 6094 10986 6098 10987 6094 10987 6099 10987 6099 10988 6094 10988 6095 10988 6099 10989 6095 10989 6045 10989 6045 10990 6095 10990 6042 10990 6045 10991 6042 10991 6037 10991 6054 10992 6053 10992 6100 10992 6100 10993 6053 10993 6096 10993 6100 10994 6096 10994 6101 10994 6101 10995 6096 10995 6097 10995 6101 10996 6097 10996 6102 10996 6102 10997 6097 10997 6098 10997 6102 10998 6098 10998 6044 10998 6044 10999 6098 10999 6099 10999 6044 11000 6099 11000 6045 11000 6055 11001 6054 11001 6103 11001 6103 11002 6054 11002 6100 11002 6103 11003 6100 11003 6104 11003 6104 11004 6100 11004 6101 11004 6104 11005 6101 11005 6105 11005 6105 11006 6101 11006 6102 11006 6105 11007 6102 11007 6046 11007 6046 11008 6102 11008 6044 11008 6046 11009 6044 11009 6038 11009 6056 11010 6055 11010 6106 11010 6106 11011 6055 11011 6103 11011 6106 11012 6103 11012 6107 11012 6107 11013 6103 11013 6104 11013 6107 11014 6104 11014 6108 11014 6108 11015 6104 11015 6105 11015 6108 11016 6105 11016 6047 11016 6047 11017 6105 11017 6046 11017 6047 11018 6046 11018 6039 11018 6057 11019 6056 11019 6075 11019 6075 11020 6056 11020 6106 11020 6075 11021 6106 11021 6077 11021 6077 11022 6106 11022 6107 11022 6077 11023 6107 11023 6079 11023 6079 11024 6107 11024 6108 11024 6079 11025 6108 11025 6080 11025 6080 11026 6108 11026 6047 11026 6080 11027 6047 11027 6040 11027 4473 11028 4472 11028 6109 11028 6109 11029 4472 11029 6058 11029 6109 11030 6058 11030 6110 11030 6110 11031 6058 11031 6074 11031 6110 11032 6074 11032 6111 11032 6111 11033 6074 11033 6076 11033 6111 11034 6076 11034 6112 11034 6112 11035 6076 11035 6078 11035 6112 11036 6078 11036 386 11036 386 11037 6078 11037 411 11037 6015 11038 6113 11038 6014 11038 6016 11039 6114 11039 6015 11039 6018 11040 6115 11040 6017 11040 6020 11041 6116 11041 6019 11041 6022 11042 6117 11042 6118 11042 6022 11043 6118 11043 6021 11043 2137 11044 6117 11044 6022 11044 4473 11045 6109 11045 6119 11045 4473 11046 6119 11046 6120 11046 4473 11047 6120 11047 6121 11047 4473 11048 6121 11048 6122 11048 4473 11049 6122 11049 6123 11049 4473 11050 6123 11050 6124 11050 4473 11051 6124 11051 6125 11051 4473 11052 6125 11052 6126 11052 4473 11053 6126 11053 6127 11053 4473 11054 6127 11054 6128 11054 6123 11055 6122 11055 6129 11055 6129 11056 6122 11056 6130 11056 6129 11057 6130 11057 6131 11057 6131 11058 6130 11058 6132 11058 6131 11059 6132 11059 6133 11059 6133 11060 6132 11060 6134 11060 6133 11061 6134 11061 6135 11061 6135 11062 6134 11062 6136 11062 6135 11063 6136 11063 6137 11063 6137 11064 6136 11064 6016 11064 6137 11065 6016 11065 6017 11065 6125 11066 6124 11066 6138 11066 6138 11067 6124 11067 6139 11067 6138 11068 6139 11068 6140 11068 6140 11069 6139 11069 6141 11069 6140 11070 6141 11070 6142 11070 6142 11071 6141 11071 6143 11071 6142 11072 6143 11072 6144 11072 6144 11073 6143 11073 6145 11073 6144 11074 6145 11074 6146 11074 6146 11075 6145 11075 6115 11075 6146 11076 6115 11076 6116 11076 6116 11077 6115 11077 6018 11077 6116 11078 6018 11078 6019 11078 6126 11079 6125 11079 6147 11079 6147 11080 6125 11080 6138 11080 6147 11081 6138 11081 6148 11081 6148 11082 6138 11082 6140 11082 6148 11083 6140 11083 6149 11083 6149 11084 6140 11084 6142 11084 6149 11085 6142 11085 6150 11085 6150 11086 6142 11086 6144 11086 6150 11087 6144 11087 6151 11087 6151 11088 6144 11088 6146 11088 6151 11089 6146 11089 6152 11089 6152 11090 6146 11090 6116 11090 6152 11091 6116 11091 6153 11091 6153 11092 6116 11092 6020 11092 6153 11093 6020 11093 6021 11093 6128 11094 6127 11094 6154 11094 6154 11095 6127 11095 6155 11095 6154 11096 6155 11096 6156 11096 6156 11097 6155 11097 6157 11097 6156 11098 6157 11098 6158 11098 6158 11099 6157 11099 6159 11099 6158 11100 6159 11100 6160 11100 6160 11101 6159 11101 6161 11101 6160 11102 6161 11102 6162 11102 6162 11103 6161 11103 6163 11103 6162 11104 6163 11104 6164 11104 6164 11105 6163 11105 6165 11105 6164 11106 6165 11106 6166 11106 6166 11107 6165 11107 6118 11107 6166 11108 6118 11108 6117 11108 6119 11109 6109 11109 6167 11109 6167 11110 6109 11110 6110 11110 6167 11111 6110 11111 6168 11111 6168 11112 6110 11112 6111 11112 6168 11113 6111 11113 6169 11113 6169 11114 6111 11114 6112 11114 6169 11115 6112 11115 6170 11115 6170 11116 6112 11116 386 11116 6170 11117 386 11117 6014 11117 6120 11118 6119 11118 6171 11118 6171 11119 6119 11119 6167 11119 6171 11120 6167 11120 6172 11120 6172 11121 6167 11121 6168 11121 6172 11122 6168 11122 6173 11122 6173 11123 6168 11123 6169 11123 6173 11124 6169 11124 6113 11124 6113 11125 6169 11125 6170 11125 6113 11126 6170 11126 6014 11126 6121 11127 6120 11127 6174 11127 6174 11128 6120 11128 6171 11128 6174 11129 6171 11129 6175 11129 6175 11130 6171 11130 6172 11130 6175 11131 6172 11131 6176 11131 6176 11132 6172 11132 6173 11132 6176 11133 6173 11133 6114 11133 6114 11134 6173 11134 6113 11134 6114 11135 6113 11135 6015 11135 6122 11136 6121 11136 6130 11136 6130 11137 6121 11137 6174 11137 6130 11138 6174 11138 6132 11138 6132 11139 6174 11139 6175 11139 6132 11140 6175 11140 6134 11140 6134 11141 6175 11141 6176 11141 6134 11142 6176 11142 6136 11142 6136 11143 6176 11143 6114 11143 6136 11144 6114 11144 6016 11144 6124 11145 6123 11145 6139 11145 6139 11146 6123 11146 6129 11146 6139 11147 6129 11147 6141 11147 6141 11148 6129 11148 6131 11148 6141 11149 6131 11149 6143 11149 6143 11150 6131 11150 6133 11150 6143 11151 6133 11151 6145 11151 6145 11152 6133 11152 6135 11152 6145 11153 6135 11153 6115 11153 6115 11154 6135 11154 6137 11154 6115 11155 6137 11155 6017 11155 6127 11156 6126 11156 6155 11156 6155 11157 6126 11157 6147 11157 6155 11158 6147 11158 6157 11158 6157 11159 6147 11159 6148 11159 6157 11160 6148 11160 6159 11160 6159 11161 6148 11161 6149 11161 6159 11162 6149 11162 6161 11162 6161 11163 6149 11163 6150 11163 6161 11164 6150 11164 6163 11164 6163 11165 6150 11165 6151 11165 6163 11166 6151 11166 6165 11166 6165 11167 6151 11167 6152 11167 6165 11168 6152 11168 6118 11168 6118 11169 6152 11169 6153 11169 6118 11170 6153 11170 6021 11170 2137 11171 2074 11171 6117 11171 6117 11172 2074 11172 6177 11172 6117 11173 6177 11173 6166 11173 6166 11174 6177 11174 6178 11174 6166 11175 6178 11175 6164 11175 6164 11176 6178 11176 6179 11176 6164 11177 6179 11177 6162 11177 6162 11178 6179 11178 6180 11178 6162 11179 6180 11179 6160 11179 6160 11180 6180 11180 6181 11180 6160 11181 6181 11181 6158 11181 6158 11182 6181 11182 6182 11182 6158 11183 6182 11183 6156 11183 6156 11184 6182 11184 6183 11184 6156 11185 6183 11185 6154 11185 6154 11186 6183 11186 6184 11186 6154 11187 6184 11187 6128 11187 6128 11188 6184 11188 6185 11188 6128 11189 6185 11189 4473 11189 4473 11190 6185 11190 4498 11190 6011 11191 6186 11191 6012 11191 6004 11192 6187 11192 6005 11192 6187 11193 6188 11193 6005 11193 6006 11194 6189 11194 6190 11194 6006 11195 6190 11195 6004 11195 6009 11196 6191 11196 6006 11196 6008 11197 6192 11197 6009 11197 6188 11198 6003 11198 6005 11198 4498 11199 6185 11199 6193 11199 4498 11200 6193 11200 6194 11200 4498 11201 6194 11201 6195 11201 4498 11202 6195 11202 6196 11202 4498 11203 6196 11203 6197 11203 4498 11204 6197 11204 6198 11204 4498 11205 6198 11205 6199 11205 4498 11206 6199 11206 6200 11206 4498 11207 6200 11207 6201 11207 4498 11208 6201 11208 6202 11208 6193 11209 6185 11209 6203 11209 6203 11210 6185 11210 6184 11210 6203 11211 6184 11211 6204 11211 6204 11212 6184 11212 6183 11212 6204 11213 6183 11213 6205 11213 6205 11214 6183 11214 6182 11214 6205 11215 6182 11215 6206 11215 6206 11216 6182 11216 6181 11216 6206 11217 6181 11217 6207 11217 6207 11218 6181 11218 6180 11218 6207 11219 6180 11219 6208 11219 6208 11220 6180 11220 6179 11220 6208 11221 6179 11221 6186 11221 6186 11222 6179 11222 6178 11222 6186 11223 6178 11223 6012 11223 6012 11224 6178 11224 6177 11224 6012 11225 6177 11225 2074 11225 6003 11226 6188 11226 6010 11226 6010 11227 6188 11227 6209 11227 6010 11228 6209 11228 6011 11228 6202 11229 6201 11229 6210 11229 6210 11230 6201 11230 6211 11230 6210 11231 6211 11231 6212 11231 6212 11232 6211 11232 6213 11232 6212 11233 6213 11233 6214 11233 6214 11234 6213 11234 6215 11234 6214 11235 6215 11235 6007 11235 6007 11236 6215 11236 6216 11236 6007 11237 6216 11237 6008 11237 6194 11238 6193 11238 6217 11238 6217 11239 6193 11239 6203 11239 6217 11240 6203 11240 6218 11240 6218 11241 6203 11241 6204 11241 6218 11242 6204 11242 6219 11242 6219 11243 6204 11243 6205 11243 6219 11244 6205 11244 6220 11244 6220 11245 6205 11245 6206 11245 6220 11246 6206 11246 6221 11246 6221 11247 6206 11247 6207 11247 6221 11248 6207 11248 6222 11248 6222 11249 6207 11249 6208 11249 6222 11250 6208 11250 6209 11250 6209 11251 6208 11251 6186 11251 6209 11252 6186 11252 6011 11252 6195 11253 6194 11253 6223 11253 6223 11254 6194 11254 6217 11254 6223 11255 6217 11255 6224 11255 6224 11256 6217 11256 6218 11256 6224 11257 6218 11257 6225 11257 6225 11258 6218 11258 6219 11258 6225 11259 6219 11259 6226 11259 6226 11260 6219 11260 6220 11260 6226 11261 6220 11261 6227 11261 6227 11262 6220 11262 6221 11262 6227 11263 6221 11263 6188 11263 6188 11264 6221 11264 6222 11264 6188 11265 6222 11265 6209 11265 6196 11266 6195 11266 6228 11266 6228 11267 6195 11267 6223 11267 6228 11268 6223 11268 6229 11268 6229 11269 6223 11269 6224 11269 6229 11270 6224 11270 6230 11270 6230 11271 6224 11271 6225 11271 6230 11272 6225 11272 6231 11272 6231 11273 6225 11273 6226 11273 6231 11274 6226 11274 6187 11274 6187 11275 6226 11275 6227 11275 6187 11276 6227 11276 6188 11276 6197 11277 6196 11277 6232 11277 6232 11278 6196 11278 6228 11278 6232 11279 6228 11279 6233 11279 6233 11280 6228 11280 6229 11280 6233 11281 6229 11281 6234 11281 6234 11282 6229 11282 6230 11282 6234 11283 6230 11283 6235 11283 6235 11284 6230 11284 6231 11284 6235 11285 6231 11285 6190 11285 6190 11286 6231 11286 6187 11286 6190 11287 6187 11287 6004 11287 6198 11288 6197 11288 6236 11288 6236 11289 6197 11289 6232 11289 6236 11290 6232 11290 6237 11290 6237 11291 6232 11291 6233 11291 6237 11292 6233 11292 6238 11292 6238 11293 6233 11293 6234 11293 6238 11294 6234 11294 6189 11294 6189 11295 6234 11295 6235 11295 6189 11296 6235 11296 6190 11296 6199 11297 6198 11297 6239 11297 6239 11298 6198 11298 6236 11298 6239 11299 6236 11299 6240 11299 6240 11300 6236 11300 6237 11300 6240 11301 6237 11301 6241 11301 6241 11302 6237 11302 6238 11302 6241 11303 6238 11303 6191 11303 6191 11304 6238 11304 6189 11304 6191 11305 6189 11305 6006 11305 6200 11306 6199 11306 6242 11306 6242 11307 6199 11307 6239 11307 6242 11308 6239 11308 6243 11308 6243 11309 6239 11309 6240 11309 6243 11310 6240 11310 6244 11310 6244 11311 6240 11311 6241 11311 6244 11312 6241 11312 6192 11312 6192 11313 6241 11313 6191 11313 6192 11314 6191 11314 6009 11314 6201 11315 6200 11315 6211 11315 6211 11316 6200 11316 6242 11316 6211 11317 6242 11317 6213 11317 6213 11318 6242 11318 6243 11318 6213 11319 6243 11319 6215 11319 6215 11320 6243 11320 6244 11320 6215 11321 6244 11321 6216 11321 6216 11322 6244 11322 6192 11322 6216 11323 6192 11323 6008 11323 6007 11324 6013 11324 6214 11324 6214 11325 6013 11325 6245 11325 6214 11326 6245 11326 6212 11326 6212 11327 6245 11327 6246 11327 6212 11328 6246 11328 6210 11328 6210 11329 6246 11329 6247 11329 6210 11330 6247 11330 6202 11330 6202 11331 6247 11331 6248 11331 6202 11332 6248 11332 4498 11332 4498 11333 6248 11333 4488 11333 6024 11334 6249 11334 6023 11334 6025 11335 6250 11335 6024 11335 6027 11336 6251 11336 6026 11336 6029 11337 6252 11337 6028 11337 6031 11338 6253 11338 6254 11338 6031 11339 6254 11339 6030 11339 1764 11340 6253 11340 6031 11340 4488 11341 6248 11341 6255 11341 4488 11342 6255 11342 6256 11342 4488 11343 6256 11343 6257 11343 4488 11344 6257 11344 6258 11344 4488 11345 6258 11345 6259 11345 4488 11346 6259 11346 6260 11346 4488 11347 6260 11347 6261 11347 4488 11348 6261 11348 6262 11348 4488 11349 6262 11349 6263 11349 4488 11350 6263 11350 6264 11350 6259 11351 6258 11351 6265 11351 6265 11352 6258 11352 6266 11352 6265 11353 6266 11353 6267 11353 6267 11354 6266 11354 6268 11354 6267 11355 6268 11355 6269 11355 6269 11356 6268 11356 6270 11356 6269 11357 6270 11357 6271 11357 6271 11358 6270 11358 6272 11358 6271 11359 6272 11359 6273 11359 6273 11360 6272 11360 6025 11360 6273 11361 6025 11361 6026 11361 6261 11362 6260 11362 6274 11362 6274 11363 6260 11363 6275 11363 6274 11364 6275 11364 6276 11364 6276 11365 6275 11365 6277 11365 6276 11366 6277 11366 6278 11366 6278 11367 6277 11367 6279 11367 6278 11368 6279 11368 6280 11368 6280 11369 6279 11369 6281 11369 6280 11370 6281 11370 6282 11370 6282 11371 6281 11371 6251 11371 6282 11372 6251 11372 6252 11372 6252 11373 6251 11373 6027 11373 6252 11374 6027 11374 6028 11374 6262 11375 6261 11375 6283 11375 6283 11376 6261 11376 6274 11376 6283 11377 6274 11377 6284 11377 6284 11378 6274 11378 6276 11378 6284 11379 6276 11379 6285 11379 6285 11380 6276 11380 6278 11380 6285 11381 6278 11381 6286 11381 6286 11382 6278 11382 6280 11382 6286 11383 6280 11383 6287 11383 6287 11384 6280 11384 6282 11384 6287 11385 6282 11385 6288 11385 6288 11386 6282 11386 6252 11386 6288 11387 6252 11387 6289 11387 6289 11388 6252 11388 6029 11388 6289 11389 6029 11389 6030 11389 6264 11390 6263 11390 6290 11390 6290 11391 6263 11391 6291 11391 6290 11392 6291 11392 6292 11392 6292 11393 6291 11393 6293 11393 6292 11394 6293 11394 6294 11394 6294 11395 6293 11395 6295 11395 6294 11396 6295 11396 6296 11396 6296 11397 6295 11397 6297 11397 6296 11398 6297 11398 6298 11398 6298 11399 6297 11399 6299 11399 6298 11400 6299 11400 6300 11400 6300 11401 6299 11401 6301 11401 6300 11402 6301 11402 6302 11402 6302 11403 6301 11403 6254 11403 6302 11404 6254 11404 6253 11404 6255 11405 6248 11405 6303 11405 6303 11406 6248 11406 6247 11406 6303 11407 6247 11407 6304 11407 6304 11408 6247 11408 6246 11408 6304 11409 6246 11409 6305 11409 6305 11410 6246 11410 6245 11410 6305 11411 6245 11411 6306 11411 6306 11412 6245 11412 6013 11412 6306 11413 6013 11413 6023 11413 6256 11414 6255 11414 6307 11414 6307 11415 6255 11415 6303 11415 6307 11416 6303 11416 6308 11416 6308 11417 6303 11417 6304 11417 6308 11418 6304 11418 6309 11418 6309 11419 6304 11419 6305 11419 6309 11420 6305 11420 6249 11420 6249 11421 6305 11421 6306 11421 6249 11422 6306 11422 6023 11422 6257 11423 6256 11423 6310 11423 6310 11424 6256 11424 6307 11424 6310 11425 6307 11425 6311 11425 6311 11426 6307 11426 6308 11426 6311 11427 6308 11427 6312 11427 6312 11428 6308 11428 6309 11428 6312 11429 6309 11429 6250 11429 6250 11430 6309 11430 6249 11430 6250 11431 6249 11431 6024 11431 6258 11432 6257 11432 6266 11432 6266 11433 6257 11433 6310 11433 6266 11434 6310 11434 6268 11434 6268 11435 6310 11435 6311 11435 6268 11436 6311 11436 6270 11436 6270 11437 6311 11437 6312 11437 6270 11438 6312 11438 6272 11438 6272 11439 6312 11439 6250 11439 6272 11440 6250 11440 6025 11440 6260 11441 6259 11441 6275 11441 6275 11442 6259 11442 6265 11442 6275 11443 6265 11443 6277 11443 6277 11444 6265 11444 6267 11444 6277 11445 6267 11445 6279 11445 6279 11446 6267 11446 6269 11446 6279 11447 6269 11447 6281 11447 6281 11448 6269 11448 6271 11448 6281 11449 6271 11449 6251 11449 6251 11450 6271 11450 6273 11450 6251 11451 6273 11451 6026 11451 6263 11452 6262 11452 6291 11452 6291 11453 6262 11453 6283 11453 6291 11454 6283 11454 6293 11454 6293 11455 6283 11455 6284 11455 6293 11456 6284 11456 6295 11456 6295 11457 6284 11457 6285 11457 6295 11458 6285 11458 6297 11458 6297 11459 6285 11459 6286 11459 6297 11460 6286 11460 6299 11460 6299 11461 6286 11461 6287 11461 6299 11462 6287 11462 6301 11462 6301 11463 6287 11463 6288 11463 6301 11464 6288 11464 6254 11464 6254 11465 6288 11465 6289 11465 6254 11466 6289 11466 6030 11466 4472 11467 4488 11467 6048 11467 6048 11468 4488 11468 6264 11468 6048 11469 6264 11469 6060 11469 6060 11470 6264 11470 6290 11470 6060 11471 6290 11471 6062 11471 6062 11472 6290 11472 6292 11472 6062 11473 6292 11473 6064 11473 6064 11474 6292 11474 6294 11474 6064 11475 6294 11475 6066 11475 6066 11476 6294 11476 6296 11476 6066 11477 6296 11477 6068 11477 6068 11478 6296 11478 6298 11478 6068 11479 6298 11479 6070 11479 6070 11480 6298 11480 6300 11480 6070 11481 6300 11481 6071 11481 6071 11482 6300 11482 6302 11482 6071 11483 6302 11483 6072 11483 6072 11484 6302 11484 6253 11484 6072 11485 6253 11485 1778 11485 1778 11486 6253 11486 1764 11486 6313 11487 3109 11487 3108 11487 6314 11488 6315 11488 3106 11488 6314 11489 3106 11489 3105 11489 6314 11490 3105 11490 3104 11490 6314 11491 3104 11491 3103 11491 6314 11492 3103 11492 6316 11492 3098 11493 6317 11493 3099 11493 3099 11494 6317 11494 6318 11494 3099 11495 6318 11495 3100 11495 3100 11496 6318 11496 3101 11496 3101 11497 6318 11497 6319 11497 3101 11498 6319 11498 3102 11498 3102 11499 6319 11499 6316 11499 3102 11500 6316 11500 3103 11500 6313 11501 3108 11501 6315 11501 6315 11502 3108 11502 3107 11502 6315 11503 3107 11503 3106 11503 3109 11504 6313 11504 3110 11504 3110 11505 6313 11505 6320 11505 3110 11506 6320 11506 3111 11506 3111 11507 6320 11507 3112 11507 3112 11508 6320 11508 6321 11508 3112 11509 6321 11509 3113 11509 1710 11510 1763 11510 6322 11510 6322 11511 1763 11511 3114 11511 6322 11512 3114 11512 6321 11512 6321 11513 3114 11513 3113 11513 3098 11514 3219 11514 6317 11514 6317 11515 3219 11515 6323 11515 1060 11516 66 11516 6324 11516 6324 11517 66 11517 94 11517 6324 11518 94 11518 93 11518 6324 11519 93 11519 6325 11519 6325 11520 93 11520 92 11520 6325 11521 92 11521 6326 11521 6326 11522 92 11522 91 11522 6326 11523 91 11523 90 11523 6326 11524 90 11524 6327 11524 6327 11525 90 11525 89 11525 6327 11526 89 11526 88 11526 6327 11527 88 11527 6328 11527 6328 11528 88 11528 87 11528 6328 11529 87 11529 86 11529 6328 11530 86 11530 6329 11530 6329 11531 86 11531 85 11531 6329 11532 85 11532 84 11532 6329 11533 84 11533 6330 11533 6330 11534 84 11534 83 11534 6330 11535 83 11535 82 11535 6330 11536 82 11536 6331 11536 6331 11537 82 11537 81 11537 6331 11538 81 11538 80 11538 6331 11539 80 11539 6332 11539 6332 11540 80 11540 79 11540 6332 11541 79 11541 1692 11541 1692 11542 79 11542 78 11542 6323 11543 3219 11543 6333 11543 6333 11544 3219 11544 3218 11544 6333 11545 3218 11545 3217 11545 6333 11546 3217 11546 6334 11546 6334 11547 3217 11547 3216 11547 6334 11548 3216 11548 6335 11548 6335 11549 3216 11549 3215 11549 6335 11550 3215 11550 3214 11550 6335 11551 3214 11551 6336 11551 6336 11552 3214 11552 3213 11552 6336 11553 3213 11553 3212 11553 6336 11554 3212 11554 6337 11554 6337 11555 3212 11555 3211 11555 6337 11556 3211 11556 3210 11556 6337 11557 3210 11557 6338 11557 6338 11558 3210 11558 3209 11558 6338 11559 3209 11559 3208 11559 6338 11560 3208 11560 6339 11560 6339 11561 3208 11561 3207 11561 6339 11562 3207 11562 3206 11562 6339 11563 3206 11563 6340 11563 6340 11564 3206 11564 3205 11564 6340 11565 3205 11565 3204 11565 6340 11566 3204 11566 6341 11566 6341 11567 3204 11567 3154 11567 6341 11568 3154 11568 2053 11568 2053 11569 3154 11569 2136 11569 2026 11570 131 11570 6342 11570 6342 11571 131 11571 130 11571 6342 11572 130 11572 6343 11572 6343 11573 130 11573 129 11573 6343 11574 129 11574 128 11574 6343 11575 128 11575 6344 11575 6344 11576 128 11576 127 11576 6344 11577 127 11577 126 11577 6344 11578 126 11578 6345 11578 6345 11579 126 11579 125 11579 6345 11580 125 11580 6346 11580 6346 11581 125 11581 124 11581 6346 11582 124 11582 123 11582 6346 11583 123 11583 6347 11583 6347 11584 123 11584 122 11584 6347 11585 122 11585 121 11585 6347 11586 121 11586 6348 11586 6348 11587 121 11587 120 11587 6348 11588 120 11588 119 11588 6348 11589 119 11589 6349 11589 6349 11590 119 11590 118 11590 6349 11591 118 11591 117 11591 6349 11592 117 11592 6350 11592 6350 11593 117 11593 116 11593 6350 11594 116 11594 115 11594 115 11595 114 11595 6350 11595 6350 11596 114 11596 1085 11596 6343 11597 6351 11597 6342 11597 6347 11598 6352 11598 6346 11598 6352 11599 6353 11599 6346 11599 6348 11600 6354 11600 6355 11600 6348 11601 6355 11601 6347 11601 6349 11602 6356 11602 6348 11602 6350 11603 6357 11603 6349 11603 6353 11604 6345 11604 6346 11604 5025 11605 6358 11605 6359 11605 5025 11606 6359 11606 6360 11606 5025 11607 6360 11607 6361 11607 5025 11608 6361 11608 6362 11608 5025 11609 6362 11609 6363 11609 5025 11610 6363 11610 6364 11610 5025 11611 6364 11611 6365 11611 5025 11612 6365 11612 6366 11612 5025 11613 6366 11613 6367 11613 5025 11614 6367 11614 6368 11614 6359 11615 6358 11615 6369 11615 6369 11616 6358 11616 6370 11616 6369 11617 6370 11617 6371 11617 6371 11618 6370 11618 6372 11618 6371 11619 6372 11619 6373 11619 6373 11620 6372 11620 6374 11620 6373 11621 6374 11621 6375 11621 6375 11622 6374 11622 6376 11622 6375 11623 6376 11623 6377 11623 6377 11624 6376 11624 6378 11624 6377 11625 6378 11625 6379 11625 6379 11626 6378 11626 6380 11626 6379 11627 6380 11627 6351 11627 6351 11628 6380 11628 6381 11628 6351 11629 6381 11629 6342 11629 6342 11630 6381 11630 6382 11630 6342 11631 6382 11631 2026 11631 6345 11632 6353 11632 6344 11632 6344 11633 6353 11633 6383 11633 6344 11634 6383 11634 6343 11634 6368 11635 6367 11635 6384 11635 6384 11636 6367 11636 6385 11636 6384 11637 6385 11637 6386 11637 6386 11638 6385 11638 6387 11638 6386 11639 6387 11639 6388 11639 6388 11640 6387 11640 6389 11640 6388 11641 6389 11641 1085 11641 1085 11642 6389 11642 6390 11642 1085 11643 6390 11643 6350 11643 6360 11644 6359 11644 6391 11644 6391 11645 6359 11645 6369 11645 6391 11646 6369 11646 6392 11646 6392 11647 6369 11647 6371 11647 6392 11648 6371 11648 6393 11648 6393 11649 6371 11649 6373 11649 6393 11650 6373 11650 6394 11650 6394 11651 6373 11651 6375 11651 6394 11652 6375 11652 6395 11652 6395 11653 6375 11653 6377 11653 6395 11654 6377 11654 6396 11654 6396 11655 6377 11655 6379 11655 6396 11656 6379 11656 6383 11656 6383 11657 6379 11657 6351 11657 6383 11658 6351 11658 6343 11658 6361 11659 6360 11659 6397 11659 6397 11660 6360 11660 6391 11660 6397 11661 6391 11661 6398 11661 6398 11662 6391 11662 6392 11662 6398 11663 6392 11663 6399 11663 6399 11664 6392 11664 6393 11664 6399 11665 6393 11665 6400 11665 6400 11666 6393 11666 6394 11666 6400 11667 6394 11667 6401 11667 6401 11668 6394 11668 6395 11668 6401 11669 6395 11669 6353 11669 6353 11670 6395 11670 6396 11670 6353 11671 6396 11671 6383 11671 6362 11672 6361 11672 6402 11672 6402 11673 6361 11673 6397 11673 6402 11674 6397 11674 6403 11674 6403 11675 6397 11675 6398 11675 6403 11676 6398 11676 6404 11676 6404 11677 6398 11677 6399 11677 6404 11678 6399 11678 6405 11678 6405 11679 6399 11679 6400 11679 6405 11680 6400 11680 6352 11680 6352 11681 6400 11681 6401 11681 6352 11682 6401 11682 6353 11682 6363 11683 6362 11683 6406 11683 6406 11684 6362 11684 6402 11684 6406 11685 6402 11685 6407 11685 6407 11686 6402 11686 6403 11686 6407 11687 6403 11687 6408 11687 6408 11688 6403 11688 6404 11688 6408 11689 6404 11689 6409 11689 6409 11690 6404 11690 6405 11690 6409 11691 6405 11691 6355 11691 6355 11692 6405 11692 6352 11692 6355 11693 6352 11693 6347 11693 6364 11694 6363 11694 6410 11694 6410 11695 6363 11695 6406 11695 6410 11696 6406 11696 6411 11696 6411 11697 6406 11697 6407 11697 6411 11698 6407 11698 6412 11698 6412 11699 6407 11699 6408 11699 6412 11700 6408 11700 6354 11700 6354 11701 6408 11701 6409 11701 6354 11702 6409 11702 6355 11702 6365 11703 6364 11703 6413 11703 6413 11704 6364 11704 6410 11704 6413 11705 6410 11705 6414 11705 6414 11706 6410 11706 6411 11706 6414 11707 6411 11707 6415 11707 6415 11708 6411 11708 6412 11708 6415 11709 6412 11709 6356 11709 6356 11710 6412 11710 6354 11710 6356 11711 6354 11711 6348 11711 6366 11712 6365 11712 6416 11712 6416 11713 6365 11713 6413 11713 6416 11714 6413 11714 6417 11714 6417 11715 6413 11715 6414 11715 6417 11716 6414 11716 6418 11716 6418 11717 6414 11717 6415 11717 6418 11718 6415 11718 6357 11718 6357 11719 6415 11719 6356 11719 6357 11720 6356 11720 6349 11720 6367 11721 6366 11721 6385 11721 6385 11722 6366 11722 6416 11722 6385 11723 6416 11723 6387 11723 6387 11724 6416 11724 6417 11724 6387 11725 6417 11725 6389 11725 6389 11726 6417 11726 6418 11726 6389 11727 6418 11727 6390 11727 6390 11728 6418 11728 6357 11728 6390 11729 6357 11729 6350 11729 5041 11730 5025 11730 6419 11730 6419 11731 5025 11731 6368 11731 6419 11732 6368 11732 6420 11732 6420 11733 6368 11733 6384 11733 6420 11734 6384 11734 6421 11734 6421 11735 6384 11735 6386 11735 6421 11736 6386 11736 6422 11736 6422 11737 6386 11737 6388 11737 6422 11738 6388 11738 1060 11738 1060 11739 6388 11739 1085 11739 6325 11740 6423 11740 6324 11740 6326 11741 6424 11741 6325 11741 6328 11742 6425 11742 6327 11742 6330 11743 6426 11743 6329 11743 6332 11744 6427 11744 6428 11744 6332 11745 6428 11745 6331 11745 1692 11746 6427 11746 6332 11746 5041 11747 6419 11747 6429 11747 5041 11748 6429 11748 6430 11748 5041 11749 6430 11749 6431 11749 5041 11750 6431 11750 6432 11750 5041 11751 6432 11751 6433 11751 5041 11752 6433 11752 6434 11752 5041 11753 6434 11753 6435 11753 5041 11754 6435 11754 6436 11754 5041 11755 6436 11755 6437 11755 5041 11756 6437 11756 6438 11756 6433 11757 6432 11757 6439 11757 6439 11758 6432 11758 6440 11758 6439 11759 6440 11759 6441 11759 6441 11760 6440 11760 6442 11760 6441 11761 6442 11761 6443 11761 6443 11762 6442 11762 6444 11762 6443 11763 6444 11763 6445 11763 6445 11764 6444 11764 6446 11764 6445 11765 6446 11765 6447 11765 6447 11766 6446 11766 6326 11766 6447 11767 6326 11767 6327 11767 6435 11768 6434 11768 6448 11768 6448 11769 6434 11769 6449 11769 6448 11770 6449 11770 6450 11770 6450 11771 6449 11771 6451 11771 6450 11772 6451 11772 6452 11772 6452 11773 6451 11773 6453 11773 6452 11774 6453 11774 6454 11774 6454 11775 6453 11775 6455 11775 6454 11776 6455 11776 6456 11776 6456 11777 6455 11777 6425 11777 6456 11778 6425 11778 6426 11778 6426 11779 6425 11779 6328 11779 6426 11780 6328 11780 6329 11780 6436 11781 6435 11781 6457 11781 6457 11782 6435 11782 6448 11782 6457 11783 6448 11783 6458 11783 6458 11784 6448 11784 6450 11784 6458 11785 6450 11785 6459 11785 6459 11786 6450 11786 6452 11786 6459 11787 6452 11787 6460 11787 6460 11788 6452 11788 6454 11788 6460 11789 6454 11789 6461 11789 6461 11790 6454 11790 6456 11790 6461 11791 6456 11791 6462 11791 6462 11792 6456 11792 6426 11792 6462 11793 6426 11793 6463 11793 6463 11794 6426 11794 6330 11794 6463 11795 6330 11795 6331 11795 6438 11796 6437 11796 6464 11796 6464 11797 6437 11797 6465 11797 6464 11798 6465 11798 6466 11798 6466 11799 6465 11799 6467 11799 6466 11800 6467 11800 6468 11800 6468 11801 6467 11801 6469 11801 6468 11802 6469 11802 6470 11802 6470 11803 6469 11803 6471 11803 6470 11804 6471 11804 6472 11804 6472 11805 6471 11805 6473 11805 6472 11806 6473 11806 6474 11806 6474 11807 6473 11807 6475 11807 6474 11808 6475 11808 6476 11808 6476 11809 6475 11809 6428 11809 6476 11810 6428 11810 6427 11810 6429 11811 6419 11811 6477 11811 6477 11812 6419 11812 6420 11812 6477 11813 6420 11813 6478 11813 6478 11814 6420 11814 6421 11814 6478 11815 6421 11815 6479 11815 6479 11816 6421 11816 6422 11816 6479 11817 6422 11817 6480 11817 6480 11818 6422 11818 1060 11818 6480 11819 1060 11819 6324 11819 6430 11820 6429 11820 6481 11820 6481 11821 6429 11821 6477 11821 6481 11822 6477 11822 6482 11822 6482 11823 6477 11823 6478 11823 6482 11824 6478 11824 6483 11824 6483 11825 6478 11825 6479 11825 6483 11826 6479 11826 6423 11826 6423 11827 6479 11827 6480 11827 6423 11828 6480 11828 6324 11828 6431 11829 6430 11829 6484 11829 6484 11830 6430 11830 6481 11830 6484 11831 6481 11831 6485 11831 6485 11832 6481 11832 6482 11832 6485 11833 6482 11833 6486 11833 6486 11834 6482 11834 6483 11834 6486 11835 6483 11835 6424 11835 6424 11836 6483 11836 6423 11836 6424 11837 6423 11837 6325 11837 6432 11838 6431 11838 6440 11838 6440 11839 6431 11839 6484 11839 6440 11840 6484 11840 6442 11840 6442 11841 6484 11841 6485 11841 6442 11842 6485 11842 6444 11842 6444 11843 6485 11843 6486 11843 6444 11844 6486 11844 6446 11844 6446 11845 6486 11845 6424 11845 6446 11846 6424 11846 6326 11846 6434 11847 6433 11847 6449 11847 6449 11848 6433 11848 6439 11848 6449 11849 6439 11849 6451 11849 6451 11850 6439 11850 6441 11850 6451 11851 6441 11851 6453 11851 6453 11852 6441 11852 6443 11852 6453 11853 6443 11853 6455 11853 6455 11854 6443 11854 6445 11854 6455 11855 6445 11855 6425 11855 6425 11856 6445 11856 6447 11856 6425 11857 6447 11857 6327 11857 6437 11858 6436 11858 6465 11858 6465 11859 6436 11859 6457 11859 6465 11860 6457 11860 6467 11860 6467 11861 6457 11861 6458 11861 6467 11862 6458 11862 6469 11862 6469 11863 6458 11863 6459 11863 6469 11864 6459 11864 6471 11864 6471 11865 6459 11865 6460 11865 6471 11866 6460 11866 6473 11866 6473 11867 6460 11867 6461 11867 6473 11868 6461 11868 6475 11868 6475 11869 6461 11869 6462 11869 6475 11870 6462 11870 6428 11870 6428 11871 6462 11871 6463 11871 6428 11872 6463 11872 6331 11872 1692 11873 1710 11873 6427 11873 6427 11874 1710 11874 6487 11874 6427 11875 6487 11875 6476 11875 6476 11876 6487 11876 6488 11876 6476 11877 6488 11877 6474 11877 6474 11878 6488 11878 6489 11878 6474 11879 6489 11879 6472 11879 6472 11880 6489 11880 6490 11880 6472 11881 6490 11881 6470 11881 6470 11882 6490 11882 6491 11882 6470 11883 6491 11883 6468 11883 6468 11884 6491 11884 6492 11884 6468 11885 6492 11885 6466 11885 6466 11886 6492 11886 6493 11886 6466 11887 6493 11887 6464 11887 6464 11888 6493 11888 6494 11888 6464 11889 6494 11889 6438 11889 6438 11890 6494 11890 6495 11890 6438 11891 6495 11891 5041 11891 5041 11892 6495 11892 5040 11892 6321 11893 6496 11893 6322 11893 6314 11894 6497 11894 6315 11894 6497 11895 6498 11895 6315 11895 6316 11896 6499 11896 6500 11896 6316 11897 6500 11897 6314 11897 6319 11898 6501 11898 6316 11898 6318 11899 6502 11899 6319 11899 6498 11900 6313 11900 6315 11900 5040 11901 6495 11901 6503 11901 5040 11902 6503 11902 6504 11902 5040 11903 6504 11903 6505 11903 5040 11904 6505 11904 6506 11904 5040 11905 6506 11905 6507 11905 5040 11906 6507 11906 6508 11906 5040 11907 6508 11907 6509 11907 5040 11908 6509 11908 6510 11908 5040 11909 6510 11909 6511 11909 5040 11910 6511 11910 6512 11910 6503 11911 6495 11911 6513 11911 6513 11912 6495 11912 6494 11912 6513 11913 6494 11913 6514 11913 6514 11914 6494 11914 6493 11914 6514 11915 6493 11915 6515 11915 6515 11916 6493 11916 6492 11916 6515 11917 6492 11917 6516 11917 6516 11918 6492 11918 6491 11918 6516 11919 6491 11919 6517 11919 6517 11920 6491 11920 6490 11920 6517 11921 6490 11921 6518 11921 6518 11922 6490 11922 6489 11922 6518 11923 6489 11923 6496 11923 6496 11924 6489 11924 6488 11924 6496 11925 6488 11925 6322 11925 6322 11926 6488 11926 6487 11926 6322 11927 6487 11927 1710 11927 6313 11928 6498 11928 6320 11928 6320 11929 6498 11929 6519 11929 6320 11930 6519 11930 6321 11930 6512 11931 6511 11931 6520 11931 6520 11932 6511 11932 6521 11932 6520 11933 6521 11933 6522 11933 6522 11934 6521 11934 6523 11934 6522 11935 6523 11935 6524 11935 6524 11936 6523 11936 6525 11936 6524 11937 6525 11937 6317 11937 6317 11938 6525 11938 6526 11938 6317 11939 6526 11939 6318 11939 6504 11940 6503 11940 6527 11940 6527 11941 6503 11941 6513 11941 6527 11942 6513 11942 6528 11942 6528 11943 6513 11943 6514 11943 6528 11944 6514 11944 6529 11944 6529 11945 6514 11945 6515 11945 6529 11946 6515 11946 6530 11946 6530 11947 6515 11947 6516 11947 6530 11948 6516 11948 6531 11948 6531 11949 6516 11949 6517 11949 6531 11950 6517 11950 6532 11950 6532 11951 6517 11951 6518 11951 6532 11952 6518 11952 6519 11952 6519 11953 6518 11953 6496 11953 6519 11954 6496 11954 6321 11954 6505 11955 6504 11955 6533 11955 6533 11956 6504 11956 6527 11956 6533 11957 6527 11957 6534 11957 6534 11958 6527 11958 6528 11958 6534 11959 6528 11959 6535 11959 6535 11960 6528 11960 6529 11960 6535 11961 6529 11961 6536 11961 6536 11962 6529 11962 6530 11962 6536 11963 6530 11963 6537 11963 6537 11964 6530 11964 6531 11964 6537 11965 6531 11965 6498 11965 6498 11966 6531 11966 6532 11966 6498 11967 6532 11967 6519 11967 6506 11968 6505 11968 6538 11968 6538 11969 6505 11969 6533 11969 6538 11970 6533 11970 6539 11970 6539 11971 6533 11971 6534 11971 6539 11972 6534 11972 6540 11972 6540 11973 6534 11973 6535 11973 6540 11974 6535 11974 6541 11974 6541 11975 6535 11975 6536 11975 6541 11976 6536 11976 6497 11976 6497 11977 6536 11977 6537 11977 6497 11978 6537 11978 6498 11978 6507 11979 6506 11979 6542 11979 6542 11980 6506 11980 6538 11980 6542 11981 6538 11981 6543 11981 6543 11982 6538 11982 6539 11982 6543 11983 6539 11983 6544 11983 6544 11984 6539 11984 6540 11984 6544 11985 6540 11985 6545 11985 6545 11986 6540 11986 6541 11986 6545 11987 6541 11987 6500 11987 6500 11988 6541 11988 6497 11988 6500 11989 6497 11989 6314 11989 6508 11990 6507 11990 6546 11990 6546 11991 6507 11991 6542 11991 6546 11992 6542 11992 6547 11992 6547 11993 6542 11993 6543 11993 6547 11994 6543 11994 6548 11994 6548 11995 6543 11995 6544 11995 6548 11996 6544 11996 6499 11996 6499 11997 6544 11997 6545 11997 6499 11998 6545 11998 6500 11998 6509 11999 6508 11999 6549 11999 6549 12000 6508 12000 6546 12000 6549 12001 6546 12001 6550 12001 6550 12002 6546 12002 6547 12002 6550 12003 6547 12003 6551 12003 6551 12004 6547 12004 6548 12004 6551 12005 6548 12005 6501 12005 6501 12006 6548 12006 6499 12006 6501 12007 6499 12007 6316 12007 6510 12008 6509 12008 6552 12008 6552 12009 6509 12009 6549 12009 6552 12010 6549 12010 6553 12010 6553 12011 6549 12011 6550 12011 6553 12012 6550 12012 6554 12012 6554 12013 6550 12013 6551 12013 6554 12014 6551 12014 6502 12014 6502 12015 6551 12015 6501 12015 6502 12016 6501 12016 6319 12016 6511 12017 6510 12017 6521 12017 6521 12018 6510 12018 6552 12018 6521 12019 6552 12019 6523 12019 6523 12020 6552 12020 6553 12020 6523 12021 6553 12021 6525 12021 6525 12022 6553 12022 6554 12022 6525 12023 6554 12023 6526 12023 6526 12024 6554 12024 6502 12024 6526 12025 6502 12025 6318 12025 6317 12026 6323 12026 6524 12026 6524 12027 6323 12027 6555 12027 6524 12028 6555 12028 6522 12028 6522 12029 6555 12029 6556 12029 6522 12030 6556 12030 6520 12030 6520 12031 6556 12031 6557 12031 6520 12032 6557 12032 6512 12032 6512 12033 6557 12033 6558 12033 6512 12034 6558 12034 5040 12034 5040 12035 6558 12035 5024 12035 6334 12036 6559 12036 6333 12036 6335 12037 6560 12037 6334 12037 6337 12038 6561 12038 6336 12038 6339 12039 6562 12039 6338 12039 6341 12040 6563 12040 6564 12040 6341 12041 6564 12041 6340 12041 2053 12042 6563 12042 6341 12042 5024 12043 6558 12043 6565 12043 5024 12044 6565 12044 6566 12044 5024 12045 6566 12045 6567 12045 5024 12046 6567 12046 6568 12046 5024 12047 6568 12047 6569 12047 5024 12048 6569 12048 6570 12048 5024 12049 6570 12049 6571 12049 5024 12050 6571 12050 6572 12050 5024 12051 6572 12051 6573 12051 5024 12052 6573 12052 6574 12052 6569 12053 6568 12053 6575 12053 6575 12054 6568 12054 6576 12054 6575 12055 6576 12055 6577 12055 6577 12056 6576 12056 6578 12056 6577 12057 6578 12057 6579 12057 6579 12058 6578 12058 6580 12058 6579 12059 6580 12059 6581 12059 6581 12060 6580 12060 6582 12060 6581 12061 6582 12061 6583 12061 6583 12062 6582 12062 6335 12062 6583 12063 6335 12063 6336 12063 6571 12064 6570 12064 6584 12064 6584 12065 6570 12065 6585 12065 6584 12066 6585 12066 6586 12066 6586 12067 6585 12067 6587 12067 6586 12068 6587 12068 6588 12068 6588 12069 6587 12069 6589 12069 6588 12070 6589 12070 6590 12070 6590 12071 6589 12071 6591 12071 6590 12072 6591 12072 6592 12072 6592 12073 6591 12073 6561 12073 6592 12074 6561 12074 6562 12074 6562 12075 6561 12075 6337 12075 6562 12076 6337 12076 6338 12076 6572 12077 6571 12077 6593 12077 6593 12078 6571 12078 6584 12078 6593 12079 6584 12079 6594 12079 6594 12080 6584 12080 6586 12080 6594 12081 6586 12081 6595 12081 6595 12082 6586 12082 6588 12082 6595 12083 6588 12083 6596 12083 6596 12084 6588 12084 6590 12084 6596 12085 6590 12085 6597 12085 6597 12086 6590 12086 6592 12086 6597 12087 6592 12087 6598 12087 6598 12088 6592 12088 6562 12088 6598 12089 6562 12089 6599 12089 6599 12090 6562 12090 6339 12090 6599 12091 6339 12091 6340 12091 6574 12092 6573 12092 6600 12092 6600 12093 6573 12093 6601 12093 6600 12094 6601 12094 6602 12094 6602 12095 6601 12095 6603 12095 6602 12096 6603 12096 6604 12096 6604 12097 6603 12097 6605 12097 6604 12098 6605 12098 6606 12098 6606 12099 6605 12099 6607 12099 6606 12100 6607 12100 6608 12100 6608 12101 6607 12101 6609 12101 6608 12102 6609 12102 6610 12102 6610 12103 6609 12103 6611 12103 6610 12104 6611 12104 6612 12104 6612 12105 6611 12105 6564 12105 6612 12106 6564 12106 6563 12106 6565 12107 6558 12107 6613 12107 6613 12108 6558 12108 6557 12108 6613 12109 6557 12109 6614 12109 6614 12110 6557 12110 6556 12110 6614 12111 6556 12111 6615 12111 6615 12112 6556 12112 6555 12112 6615 12113 6555 12113 6616 12113 6616 12114 6555 12114 6323 12114 6616 12115 6323 12115 6333 12115 6566 12116 6565 12116 6617 12116 6617 12117 6565 12117 6613 12117 6617 12118 6613 12118 6618 12118 6618 12119 6613 12119 6614 12119 6618 12120 6614 12120 6619 12120 6619 12121 6614 12121 6615 12121 6619 12122 6615 12122 6559 12122 6559 12123 6615 12123 6616 12123 6559 12124 6616 12124 6333 12124 6567 12125 6566 12125 6620 12125 6620 12126 6566 12126 6617 12126 6620 12127 6617 12127 6621 12127 6621 12128 6617 12128 6618 12128 6621 12129 6618 12129 6622 12129 6622 12130 6618 12130 6619 12130 6622 12131 6619 12131 6560 12131 6560 12132 6619 12132 6559 12132 6560 12133 6559 12133 6334 12133 6568 12134 6567 12134 6576 12134 6576 12135 6567 12135 6620 12135 6576 12136 6620 12136 6578 12136 6578 12137 6620 12137 6621 12137 6578 12138 6621 12138 6580 12138 6580 12139 6621 12139 6622 12139 6580 12140 6622 12140 6582 12140 6582 12141 6622 12141 6560 12141 6582 12142 6560 12142 6335 12142 6570 12143 6569 12143 6585 12143 6585 12144 6569 12144 6575 12144 6585 12145 6575 12145 6587 12145 6587 12146 6575 12146 6577 12146 6587 12147 6577 12147 6589 12147 6589 12148 6577 12148 6579 12148 6589 12149 6579 12149 6591 12149 6591 12150 6579 12150 6581 12150 6591 12151 6581 12151 6561 12151 6561 12152 6581 12152 6583 12152 6561 12153 6583 12153 6336 12153 6573 12154 6572 12154 6601 12154 6601 12155 6572 12155 6593 12155 6601 12156 6593 12156 6603 12156 6603 12157 6593 12157 6594 12157 6603 12158 6594 12158 6605 12158 6605 12159 6594 12159 6595 12159 6605 12160 6595 12160 6607 12160 6607 12161 6595 12161 6596 12161 6607 12162 6596 12162 6609 12162 6609 12163 6596 12163 6597 12163 6609 12164 6597 12164 6611 12164 6611 12165 6597 12165 6598 12165 6611 12166 6598 12166 6564 12166 6564 12167 6598 12167 6599 12167 6564 12168 6599 12168 6340 12168 5025 12169 5024 12169 6358 12169 6358 12170 5024 12170 6574 12170 6358 12171 6574 12171 6370 12171 6370 12172 6574 12172 6600 12172 6370 12173 6600 12173 6372 12173 6372 12174 6600 12174 6602 12174 6372 12175 6602 12175 6374 12175 6374 12176 6602 12176 6604 12176 6374 12177 6604 12177 6376 12177 6376 12178 6604 12178 6606 12178 6376 12179 6606 12179 6378 12179 6378 12180 6606 12180 6608 12180 6378 12181 6608 12181 6380 12181 6380 12182 6608 12182 6610 12182 6380 12183 6610 12183 6381 12183 6381 12184 6610 12184 6612 12184 6381 12185 6612 12185 6382 12185 6382 12186 6612 12186 6563 12186 6382 12187 6563 12187 2026 12187 2026 12188 6563 12188 2053 12188 6623 12189 75 12189 6624 12189 70 12190 69 12190 6625 12190 6625 12191 69 12191 68 12191 6625 12192 68 12192 1617 12192 72 12193 71 12193 6626 12193 6626 12194 71 12194 70 12194 6626 12195 70 12195 6625 12195 75 12196 74 12196 6624 12196 6624 12197 74 12197 73 12197 6624 12198 73 12198 6627 12198 6627 12199 73 12199 72 12199 6627 12200 72 12200 6626 12200 75 12201 6623 12201 76 12201 76 12202 6623 12202 2712 12202 76 12203 2712 12203 77 12203 6628 12204 6629 12204 6630 12204 6630 12205 6629 12205 6631 12205 6630 12206 6631 12206 6632 12206 6632 12207 6631 12207 5813 12207 6632 12208 5813 12208 5818 12208 6629 12209 6628 12209 6633 12209 6633 12210 6628 12210 6634 12210 6633 12211 6634 12211 6635 12211 6635 12212 6634 12212 6636 12212 6635 12213 6636 12213 6637 12213 6637 12214 6636 12214 2449 12214 6637 12215 2449 12215 2468 12215 6638 12216 134 12216 6639 12216 6638 12217 135 12217 134 12217 134 12218 133 12218 6639 12218 6639 12219 133 12219 132 12219 6639 12220 132 12220 2449 12220 138 12221 137 12221 6640 12221 6640 12222 137 12222 136 12222 6640 12223 136 12223 6641 12223 6641 12224 136 12224 135 12224 6641 12225 135 12225 6638 12225 1 12226 0 12226 6642 12226 6642 12227 0 12227 138 12227 6642 12228 138 12228 6640 12228 209 12229 1 12229 1616 12229 1616 12230 1 12230 6642 12230 6632 12231 6643 12231 6630 12231 6630 12232 6644 12232 6628 12232 6634 12233 6645 12233 6636 12233 6636 12234 6639 12234 2449 12234 6645 12235 6634 12235 6646 12235 1616 12236 6642 12236 6647 12236 1616 12237 6647 12237 6648 12237 1616 12238 6648 12238 6649 12238 1616 12239 6649 12239 6650 12239 1616 12240 6650 12240 6651 12240 1616 12241 6651 12241 6652 12241 6634 12242 6628 12242 6653 12242 6653 12243 6628 12243 6644 12243 6653 12244 6644 12244 6654 12244 6654 12245 6644 12245 6655 12245 6654 12246 6655 12246 6656 12246 6656 12247 6655 12247 6649 12247 6656 12248 6649 12248 6648 12248 6636 12249 6645 12249 6639 12249 6639 12250 6645 12250 6646 12250 6639 12251 6646 12251 6638 12251 6638 12252 6646 12252 6657 12252 6638 12253 6657 12253 6641 12253 6641 12254 6657 12254 6658 12254 6641 12255 6658 12255 6640 12255 6640 12256 6658 12256 6647 12256 6640 12257 6647 12257 6642 12257 6632 12258 5818 12258 6659 12258 6659 12259 5818 12259 6660 12259 6659 12260 6660 12260 6661 12260 6661 12261 6660 12261 6652 12261 6661 12262 6652 12262 6651 12262 6632 12263 6659 12263 6643 12263 6643 12264 6659 12264 6661 12264 6643 12265 6661 12265 6662 12265 6662 12266 6661 12266 6651 12266 6662 12267 6651 12267 6650 12267 6630 12268 6643 12268 6644 12268 6644 12269 6643 12269 6662 12269 6644 12270 6662 12270 6655 12270 6655 12271 6662 12271 6650 12271 6655 12272 6650 12272 6649 12272 6634 12273 6653 12273 6646 12273 6646 12274 6653 12274 6654 12274 6646 12275 6654 12275 6657 12275 6657 12276 6654 12276 6656 12276 6657 12277 6656 12277 6658 12277 6658 12278 6656 12278 6648 12278 6658 12279 6648 12279 6647 12279 6663 12280 5818 12280 5839 12280 5818 12281 6663 12281 6660 12281 6660 12282 6663 12282 6664 12282 6660 12283 6664 12283 6652 12283 6652 12284 6664 12284 1617 12284 6652 12285 1617 12285 1616 12285 6625 12286 6665 12286 6626 12286 6626 12287 6666 12287 6627 12287 6624 12288 6667 12288 6623 12288 6623 12289 6668 12289 2712 12289 6667 12290 6624 12290 6669 12290 5839 12291 6670 12291 6671 12291 5839 12292 6671 12292 6672 12292 5839 12293 6672 12293 6673 12293 5839 12294 6673 12294 6674 12294 5839 12295 6674 12295 6675 12295 5839 12296 6675 12296 6663 12296 6624 12297 6627 12297 6676 12297 6676 12298 6627 12298 6666 12298 6676 12299 6666 12299 6677 12299 6677 12300 6666 12300 6678 12300 6677 12301 6678 12301 6679 12301 6679 12302 6678 12302 6673 12302 6679 12303 6673 12303 6672 12303 6623 12304 6667 12304 6668 12304 6668 12305 6667 12305 6669 12305 6668 12306 6669 12306 6680 12306 6680 12307 6669 12307 6681 12307 6680 12308 6681 12308 6682 12308 6682 12309 6681 12309 6683 12309 6682 12310 6683 12310 6684 12310 6684 12311 6683 12311 6671 12311 6684 12312 6671 12312 6670 12312 6625 12313 1617 12313 6685 12313 6685 12314 1617 12314 6664 12314 6685 12315 6664 12315 6686 12315 6686 12316 6664 12316 6663 12316 6686 12317 6663 12317 6675 12317 6625 12318 6685 12318 6665 12318 6665 12319 6685 12319 6686 12319 6665 12320 6686 12320 6687 12320 6687 12321 6686 12321 6675 12321 6687 12322 6675 12322 6674 12322 6626 12323 6665 12323 6666 12323 6666 12324 6665 12324 6687 12324 6666 12325 6687 12325 6678 12325 6678 12326 6687 12326 6674 12326 6678 12327 6674 12327 6673 12327 6624 12328 6676 12328 6669 12328 6669 12329 6676 12329 6677 12329 6669 12330 6677 12330 6681 12330 6681 12331 6677 12331 6679 12331 6681 12332 6679 12332 6683 12332 6683 12333 6679 12333 6672 12333 6683 12334 6672 12334 6671 12334 6682 12335 6688 12335 6680 12335 6680 12336 6688 12336 6689 12336 6680 12337 6689 12337 6668 12337 6668 12338 6689 12338 2703 12338 6668 12339 2703 12339 2712 12339 6688 12340 6682 12340 6690 12340 6690 12341 6682 12341 6684 12341 6690 12342 6684 12342 6691 12342 6691 12343 6684 12343 6670 12343 6691 12344 6670 12344 6692 12344 6692 12345 6670 12345 5839 12345 6692 12346 5839 12346 5814 12346 6693 12347 4252 12347 4253 12347 4252 12348 6694 12348 4249 12348 4252 12349 6693 12349 6694 12349 4249 12350 6695 12350 4250 12350 6689 12351 4251 12351 2703 12351 5814 12352 6696 12352 6697 12352 5814 12353 6697 12353 6698 12353 5814 12354 6698 12354 6699 12354 5814 12355 6699 12355 6700 12355 5814 12356 6700 12356 6701 12356 5814 12357 6701 12357 6692 12357 4250 12358 6702 12358 3614 12358 3614 12359 6702 12359 6703 12359 3614 12360 6703 12360 6704 12360 6704 12361 6703 12361 6697 12361 6704 12362 6697 12362 6696 12362 4251 12363 6689 12363 6705 12363 6705 12364 6689 12364 6688 12364 6705 12365 6688 12365 6706 12365 6706 12366 6688 12366 6690 12366 6706 12367 6690 12367 6707 12367 6707 12368 6690 12368 6691 12368 6707 12369 6691 12369 6708 12369 6708 12370 6691 12370 6692 12370 6708 12371 6692 12371 6701 12371 4251 12372 6705 12372 4253 12372 4253 12373 6705 12373 6706 12373 4253 12374 6706 12374 6693 12374 6693 12375 6706 12375 6707 12375 6693 12376 6707 12376 6709 12376 6709 12377 6707 12377 6708 12377 6709 12378 6708 12378 6710 12378 6710 12379 6708 12379 6701 12379 6710 12380 6701 12380 6700 12380 6693 12381 6709 12381 6694 12381 6694 12382 6709 12382 6710 12382 6694 12383 6710 12383 6711 12383 6711 12384 6710 12384 6700 12384 6711 12385 6700 12385 6699 12385 4249 12386 6694 12386 6695 12386 6695 12387 6694 12387 6711 12387 6695 12388 6711 12388 6712 12388 6712 12389 6711 12389 6699 12389 6712 12390 6699 12390 6698 12390 4250 12391 6695 12391 6702 12391 6702 12392 6695 12392 6712 12392 6702 12393 6712 12393 6703 12393 6703 12394 6712 12394 6698 12394 6703 12395 6698 12395 6697 12395 6704 12396 3609 12396 3614 12396 3609 12397 6704 12397 6713 12397 6713 12398 6704 12398 6696 12398 6713 12399 6696 12399 6714 12399 6714 12400 6696 12400 5814 12400 6714 12401 5814 12401 5813 12401 6715 12402 6633 12402 6635 12402 6633 12403 6716 12403 6629 12403 6633 12404 6715 12404 6716 12404 6629 12405 6717 12405 6631 12405 3631 12406 6637 12406 2468 12406 3609 12407 6713 12407 6718 12407 3609 12408 6718 12408 6719 12408 3609 12409 6719 12409 6720 12409 3609 12410 6720 12410 6721 12410 3609 12411 6721 12411 6722 12411 3609 12412 6722 12412 3623 12412 6631 12413 6723 12413 5813 12413 5813 12414 6723 12414 6724 12414 5813 12415 6724 12415 6714 12415 6714 12416 6724 12416 6718 12416 6714 12417 6718 12417 6713 12417 6637 12418 3631 12418 6725 12418 6725 12419 3631 12419 3633 12419 6725 12420 3633 12420 6726 12420 6726 12421 3633 12421 3624 12421 6726 12422 3624 12422 6727 12422 6727 12423 3624 12423 3621 12423 6727 12424 3621 12424 6728 12424 6728 12425 3621 12425 3623 12425 6728 12426 3623 12426 6722 12426 6637 12427 6725 12427 6635 12427 6635 12428 6725 12428 6726 12428 6635 12429 6726 12429 6715 12429 6715 12430 6726 12430 6727 12430 6715 12431 6727 12431 6729 12431 6729 12432 6727 12432 6728 12432 6729 12433 6728 12433 6730 12433 6730 12434 6728 12434 6722 12434 6730 12435 6722 12435 6721 12435 6715 12436 6729 12436 6716 12436 6716 12437 6729 12437 6730 12437 6716 12438 6730 12438 6731 12438 6731 12439 6730 12439 6721 12439 6731 12440 6721 12440 6720 12440 6629 12441 6716 12441 6717 12441 6717 12442 6716 12442 6731 12442 6717 12443 6731 12443 6732 12443 6732 12444 6731 12444 6720 12444 6732 12445 6720 12445 6719 12445 6631 12446 6717 12446 6723 12446 6723 12447 6717 12447 6732 12447 6723 12448 6732 12448 6724 12448 6724 12449 6732 12449 6719 12449 6724 12450 6719 12450 6718 12450 6733 12451 4012 12451 6734 12451 6734 12452 4012 12452 4014 12452 6734 12453 4014 12453 6735 12453 6735 12454 4014 12454 3909 12454 6735 12455 3909 12455 946 12455 4012 12456 6733 12456 4010 12456 4010 12457 6733 12457 6736 12457 4010 12458 6736 12458 4007 12458 4007 12459 6736 12459 6737 12459 4007 12460 6737 12460 4004 12460 4004 12461 6737 12461 6738 12461 4004 12462 6738 12462 4002 12462 4002 12463 6738 12463 2781 12463 4002 12464 2781 12464 2780 12464 6737 12465 300 12465 6738 12465 6737 12466 301 12466 300 12466 301 12467 6737 12467 6736 12467 6736 12468 302 12468 301 12468 302 12469 6736 12469 6733 12469 6733 12470 303 12470 302 12470 300 12471 299 12471 6738 12471 6738 12472 299 12472 95 12472 6738 12473 95 12473 2781 12473 306 12474 305 12474 6735 12474 6735 12475 305 12475 304 12475 6735 12476 304 12476 6734 12476 6734 12477 304 12477 303 12477 6734 12478 303 12478 6733 12478 306 12479 6735 12479 225 12479 225 12480 6735 12480 946 12480 6739 12481 3920 12481 6740 12481 6740 12482 3920 12482 3919 12482 6740 12483 3919 12483 6741 12483 6741 12484 3919 12484 2394 12484 6741 12485 2394 12485 2409 12485 3920 12486 6739 12486 3921 12486 3921 12487 6739 12487 6742 12487 3921 12488 6742 12488 3923 12488 3923 12489 6742 12489 6743 12489 3923 12490 6743 12490 3922 12490 3922 12491 6743 12491 6744 12491 3922 12492 6744 12492 3924 12492 3924 12493 6744 12493 947 12493 3924 12494 947 12494 3912 12494 294 12495 6742 12495 6739 12495 4 12496 3 12496 6744 12496 6744 12497 3 12497 277 12497 6744 12498 277 12498 947 12498 294 12499 293 12499 6742 12499 6742 12500 293 12500 292 12500 6742 12501 292 12501 6743 12501 6743 12502 292 12502 4 12502 6743 12503 4 12503 6744 12503 294 12504 6739 12504 295 12504 295 12505 6739 12505 6740 12505 295 12506 6740 12506 296 12506 296 12507 6740 12507 6741 12507 296 12508 6741 12508 297 12508 297 12509 6741 12509 2409 12509 297 12510 2409 12510 139 12510 297 12511 139 12511 298 12511 2404 12512 2170 12512 2405 12512 2405 12513 2170 12513 2169 12513 2405 12514 2169 12514 2406 12514 2406 12515 2169 12515 2168 12515 2406 12516 2168 12516 2407 12516 2407 12517 2168 12517 2167 12517 2407 12518 2167 12518 2408 12518 2408 12519 2167 12519 2166 12519 2408 12520 2166 12520 2476 12520 2476 12521 2166 12521 2165 12521 2476 12522 2165 12522 2477 12522 2477 12523 2165 12523 2164 12523 2477 12524 2164 12524 2478 12524 2478 12525 2164 12525 2163 12525 2478 12526 2163 12526 2479 12526 2479 12527 2163 12527 2162 12527 2479 12528 2162 12528 2480 12528 2480 12529 2162 12529 2161 12529 2480 12530 2161 12530 2481 12530 2481 12531 2161 12531 2160 12531 2481 12532 2160 12532 2482 12532 2170 12533 2404 12533 2075 12533 2075 12534 2404 12534 2421 12534 2075 12535 2421 12535 2076 12535 2509 12536 2508 12536 6745 12536 2509 12537 6745 12537 6746 12537 2410 12538 2512 12538 6747 12538 2410 12539 6747 12539 6748 12539 2081 12540 2080 12540 6749 12540 2081 12541 6749 12541 6750 12541 2174 12542 2173 12542 6751 12542 2174 12543 6751 12543 6752 12543 2411 12544 2410 12544 6748 12544 2411 12545 6748 12545 6753 12545 2505 12546 2504 12546 6754 12546 2505 12547 6754 12547 6755 12547 2416 12548 2415 12548 6756 12548 2416 12549 6756 12549 6757 12549 2175 12550 2174 12550 6752 12550 2175 12551 6752 12551 6758 12551 2414 12552 2413 12552 6759 12552 2414 12553 6759 12553 6760 12553 2507 12554 2506 12554 6761 12554 2507 12555 6761 12555 6762 12555 2510 12556 2509 12556 6746 12556 2510 12557 6746 12557 6763 12557 2420 12558 2419 12558 6764 12558 2420 12559 6764 12559 6765 12559 2417 12560 2416 12560 6757 12560 2417 12561 6757 12561 6766 12561 2080 12562 2079 12562 6767 12562 2080 12563 6767 12563 6749 12563 2084 12564 2083 12564 6768 12564 2084 12565 6768 12565 6769 12565 2508 12566 2507 12566 6762 12566 2508 12567 6762 12567 6745 12567 2503 12568 2502 12568 6770 12568 2503 12569 6770 12569 6771 12569 2173 12570 2172 12570 6772 12570 2173 12571 6772 12571 6751 12571 2179 12572 2178 12572 6773 12572 2179 12573 6773 12573 6774 12573 2083 12574 2082 12574 6775 12574 2083 12575 6775 12575 6768 12575 2085 12576 2084 12576 6769 12576 2085 12577 6769 12577 6776 12577 2180 12578 2179 12578 6774 12578 2180 12579 6774 12579 6777 12579 2771 12580 2770 12580 6778 12580 2771 12581 6778 12581 6779 12581 2839 12582 2838 12582 6780 12582 2839 12583 6780 12583 6781 12583 1817 12584 1816 12584 6782 12584 1817 12585 6782 12585 6783 12585 2770 12586 2769 12586 6784 12586 2770 12587 6784 12587 6778 12587 1775 12588 2783 12588 1776 12588 1776 12589 2783 12589 2782 12589 1776 12590 2782 12590 1777 12590 1777 12591 2782 12591 2866 12591 1777 12592 2866 12592 1823 12592 1823 12593 2866 12593 2865 12593 1823 12594 2865 12594 1824 12594 1824 12595 2865 12595 2864 12595 1824 12596 2864 12596 1825 12596 1825 12597 2864 12597 2863 12597 1825 12598 2863 12598 1826 12598 1826 12599 2863 12599 2862 12599 1826 12600 2862 12600 1827 12600 1827 12601 2862 12601 2861 12601 1827 12602 2861 12602 1828 12602 1828 12603 2861 12603 2860 12603 1828 12604 2860 12604 1829 12604 2783 12605 1775 12605 6785 12605 2783 12606 6785 12606 6786 12606 1746 12607 1745 12607 6787 12607 1746 12608 6787 12608 6788 12608 2763 12609 2762 12609 6789 12609 2763 12610 6789 12610 6790 12610 1775 12611 1774 12611 6791 12611 1775 12612 6791 12612 6785 12612 2841 12613 2840 12613 6792 12613 2841 12614 6792 12614 6793 12614 2772 12615 2771 12615 6779 12615 2772 12616 6779 12616 6794 12616 2843 12617 2842 12617 6795 12617 2843 12618 6795 12618 6796 12618 1819 12619 1818 12619 6797 12619 1819 12620 6797 12620 6798 12620 2773 12621 2772 12621 6794 12621 2773 12622 6794 12622 6799 12622 2764 12623 2763 12623 6790 12623 2764 12624 6790 12624 6800 12624 2766 12625 2765 12625 6801 12625 2766 12626 6801 12626 6802 12626 1774 12627 1773 12627 6803 12627 1774 12628 6803 12628 6791 12628 2765 12629 2764 12629 6800 12629 2765 12630 6800 12630 6801 12630 2840 12631 2839 12631 6781 12631 2840 12632 6781 12632 6792 12632 2769 12633 2768 12633 6804 12633 2769 12634 6804 12634 6784 12634 1818 12635 1817 12635 6783 12635 1818 12636 6783 12636 6797 12636 1755 12637 1754 12637 6805 12637 1755 12638 6805 12638 6806 12638 1820 12639 1819 12639 6798 12639 1820 12640 6798 12640 6807 12640 1756 12641 1755 12641 6806 12641 1756 12642 6806 12642 6808 12642 2786 12643 2785 12643 6809 12643 2786 12644 6809 12644 6810 12644 1747 12645 1746 12645 6788 12645 1747 12646 6788 12646 6811 12646 1749 12647 1748 12647 6812 12647 1749 12648 6812 12648 6813 12648 1748 12649 1747 12649 6811 12649 1748 12650 6811 12650 6812 12650 2784 12651 2783 12651 6786 12651 2784 12652 6786 12652 6814 12652 1750 12653 1749 12653 6813 12653 1750 12654 6813 12654 6815 12654 2082 12655 2081 12655 6750 12655 2082 12656 6750 12656 6775 12656 2176 12657 2175 12657 6758 12657 2176 12658 6758 12658 6816 12658 2077 12659 2076 12659 6817 12659 2077 12660 6817 12660 6818 12660 2172 12661 2171 12661 6819 12661 2172 12662 6819 12662 6772 12662 2178 12663 2177 12663 6820 12663 2178 12664 6820 12664 6773 12664 2171 12665 2087 12665 6821 12665 2171 12666 6821 12666 6819 12666 2421 12667 2420 12667 6765 12667 2421 12668 6765 12668 6822 12668 2177 12669 2176 12669 6816 12669 2177 12670 6816 12670 6820 12670 2418 12671 2417 12671 6766 12671 2418 12672 6766 12672 6823 12672 2086 12673 2085 12673 6776 12673 2086 12674 6776 12674 6824 12674 2511 12675 2510 12675 6763 12675 2511 12676 6763 12676 6825 12676 2076 12677 2421 12677 6822 12677 2076 12678 6822 12678 6817 12678 2506 12679 2505 12679 6755 12679 2506 12680 6755 12680 6761 12680 2413 12681 2412 12681 6826 12681 2413 12682 6826 12682 6759 12682 2502 12683 2181 12683 6827 12683 2502 12684 6827 12684 6770 12684 2181 12685 2180 12685 6777 12685 2181 12686 6777 12686 6827 12686 2078 12687 2077 12687 6818 12687 2078 12688 6818 12688 6828 12688 2512 12689 2511 12689 6825 12689 2512 12690 6825 12690 6747 12690 2504 12691 2503 12691 6771 12691 2504 12692 6771 12692 6754 12692 2412 12693 2411 12693 6753 12693 2412 12694 6753 12694 6826 12694 2415 12695 2414 12695 6760 12695 2415 12696 6760 12696 6756 12696 2087 12697 2086 12697 6824 12697 2087 12698 6824 12698 6821 12698 2181 12699 2502 12699 2493 12699 2181 12700 2493 12700 2149 12700 2149 12701 2493 12701 2492 12701 2149 12702 2492 12702 2150 12702 2150 12703 2492 12703 2491 12703 2150 12704 2491 12704 2151 12704 2151 12705 2491 12705 2490 12705 2151 12706 2490 12706 2152 12706 2152 12707 2490 12707 2489 12707 2152 12708 2489 12708 2153 12708 2153 12709 2489 12709 2488 12709 2153 12710 2488 12710 2154 12710 2154 12711 2488 12711 2487 12711 2154 12712 2487 12712 2155 12712 2155 12713 2487 12713 2486 12713 2155 12714 2486 12714 2156 12714 2156 12715 2486 12715 2485 12715 2156 12716 2485 12716 2157 12716 2157 12717 2485 12717 2484 12717 2157 12718 2484 12718 2158 12718 2158 12719 2484 12719 2483 12719 2158 12720 2483 12720 2159 12720 2159 12721 2483 12721 2482 12721 2159 12722 2482 12722 2160 12722 1812 12723 2846 12723 1813 12723 1813 12724 2846 12724 2845 12724 1813 12725 2845 12725 1814 12725 1814 12726 2845 12726 2844 12726 1814 12727 2844 12727 1815 12727 1815 12728 2844 12728 2843 12728 1815 12729 2843 12729 1816 12729 1773 12730 1756 12730 6808 12730 1773 12731 6808 12731 6803 12731 1821 12732 1820 12732 6807 12732 1821 12733 6807 12733 6829 12733 1752 12734 1751 12734 6830 12734 1752 12735 6830 12735 6831 12735 1822 12736 1821 12736 6829 12736 1822 12737 6829 12737 6832 12737 2767 12738 2766 12738 6802 12738 2767 12739 6802 12739 6833 12739 2768 12740 2767 12740 6833 12740 2768 12741 6833 12741 6804 12741 2762 12742 2786 12742 6810 12742 2762 12743 6810 12743 6789 12743 1816 12744 2843 12744 6834 12744 1816 12745 6834 12745 6835 12745 2785 12746 2784 12746 6814 12746 2785 12747 6814 12747 6809 12747 2842 12748 2841 12748 6793 12748 2842 12749 6793 12749 6795 12749 1751 12750 1750 12750 6815 12750 1751 12751 6815 12751 6830 12751 1753 12752 1752 12752 6831 12752 1753 12753 6831 12753 6836 12753 1745 12754 1822 12754 6832 12754 1745 12755 6832 12755 6787 12755 2838 12756 2837 12756 6837 12756 2838 12757 6837 12757 6780 12757 2846 12758 1812 12758 2847 12758 2847 12759 1812 12759 1811 12759 2847 12760 1811 12760 2848 12760 2848 12761 1811 12761 1839 12761 2848 12762 1839 12762 2850 12762 2850 12763 1839 12763 1838 12763 2850 12764 1838 12764 2851 12764 2851 12765 1838 12765 1837 12765 2851 12766 1837 12766 2852 12766 2852 12767 1837 12767 1836 12767 2852 12768 1836 12768 2853 12768 2853 12769 1836 12769 1835 12769 2853 12770 1835 12770 2854 12770 2854 12771 1835 12771 1834 12771 2854 12772 1834 12772 2855 12772 2855 12773 1834 12773 1833 12773 2855 12774 1833 12774 2856 12774 2856 12775 1833 12775 1832 12775 2856 12776 1832 12776 2857 12776 2857 12777 1832 12777 1831 12777 2857 12778 1831 12778 2858 12778 2858 12779 1831 12779 1830 12779 2858 12780 1830 12780 2859 12780 2859 12781 1830 12781 1829 12781 2859 12782 1829 12782 2860 12782 2470 12783 2129 12783 2471 12783 2471 12784 2129 12784 2128 12784 2471 12785 2128 12785 2472 12785 2472 12786 2128 12786 2127 12786 2472 12787 2127 12787 2473 12787 2473 12788 2127 12788 2126 12788 2473 12789 2126 12789 2386 12789 2386 12790 2126 12790 2125 12790 2386 12791 2125 12791 2387 12791 2387 12792 2125 12792 2135 12792 2387 12793 2135 12793 2388 12793 2388 12794 2135 12794 2134 12794 2388 12795 2134 12795 2389 12795 2129 12796 2470 12796 2130 12796 2130 12797 2470 12797 2469 12797 2130 12798 2469 12798 2131 12798 2131 12799 2469 12799 2467 12799 2131 12800 2467 12800 2054 12800 2054 12801 2467 12801 2466 12801 2054 12802 2466 12802 2055 12802 2055 12803 2466 12803 2465 12803 2055 12804 2465 12804 2056 12804 2056 12805 2465 12805 2464 12805 2056 12806 2464 12806 2057 12806 2057 12807 2464 12807 2463 12807 2057 12808 2463 12808 2058 12808 2058 12809 2463 12809 2462 12809 2058 12810 2462 12810 2059 12810 1759 12811 2709 12811 1760 12811 1760 12812 2709 12812 2708 12812 1760 12813 2708 12813 1761 12813 1761 12814 2708 12814 2707 12814 1761 12815 2707 12815 1762 12815 1762 12816 2707 12816 2706 12816 1762 12817 2706 12817 1959 12817 1959 12818 2706 12818 2779 12818 1959 12819 2779 12819 1960 12819 1960 12820 2779 12820 2778 12820 1960 12821 2778 12821 1961 12821 1961 12822 2778 12822 2777 12822 1961 12823 2777 12823 1962 12823 2709 12824 1759 12824 2710 12824 2710 12825 1759 12825 1758 12825 2710 12826 1758 12826 2711 12826 2711 12827 1758 12827 1709 12827 2711 12828 1709 12828 2713 12828 2713 12829 1709 12829 1708 12829 2713 12830 1708 12830 2714 12830 2714 12831 1708 12831 1707 12831 2714 12832 1707 12832 2715 12832 2715 12833 1707 12833 1706 12833 2715 12834 1706 12834 2716 12834 2716 12835 1706 12835 1705 12835 2716 12836 1705 12836 2717 12836 2717 12837 1705 12837 1948 12837 2717 12838 1948 12838 2969 12838 2379 12839 2049 12839 2380 12839 2380 12840 2049 12840 2048 12840 2380 12841 2048 12841 2381 12841 2381 12842 2048 12842 2047 12842 2381 12843 2047 12843 2382 12843 2382 12844 2047 12844 2046 12844 2382 12845 2046 12845 2383 12845 2383 12846 2046 12846 2045 12846 2383 12847 2045 12847 2384 12847 2384 12848 2045 12848 2060 12848 2384 12849 2060 12849 2461 12849 2461 12850 2060 12850 2059 12850 2461 12851 2059 12851 2462 12851 2049 12852 2379 12852 2050 12852 2050 12853 2379 12853 2378 12853 2050 12854 2378 12854 2051 12854 2051 12855 2378 12855 2377 12855 2051 12856 2377 12856 2052 12856 2052 12857 2377 12857 2393 12857 2052 12858 2393 12858 2089 12858 2089 12859 2393 12859 2392 12859 2089 12860 2392 12860 2111 12860 2111 12861 2392 12861 2391 12861 2111 12862 2391 12862 2132 12862 2132 12863 2391 12863 2390 12863 2132 12864 2390 12864 2133 12864 2133 12865 2390 12865 2389 12865 2133 12866 2389 12866 2134 12866 1941 12867 2975 12867 1942 12867 1942 12868 2975 12868 2974 12868 1942 12869 2974 12869 1943 12869 1943 12870 2974 12870 2973 12870 1943 12871 2973 12871 1944 12871 1944 12872 2973 12872 2972 12872 1944 12873 2972 12873 1945 12873 1945 12874 2972 12874 2971 12874 1945 12875 2971 12875 1946 12875 1946 12876 2971 12876 2970 12876 1946 12877 2970 12877 1947 12877 1947 12878 2970 12878 2969 12878 1947 12879 2969 12879 1948 12879 2975 12880 1941 12880 2976 12880 2976 12881 1941 12881 1940 12881 2976 12882 1940 12882 2977 12882 2977 12883 1940 12883 1649 12883 2977 12884 1649 12884 2659 12884 2659 12885 1649 12885 1711 12885 2659 12886 1711 12886 2728 12886 2728 12887 1711 12887 1965 12887 2728 12888 1965 12888 2774 12888 2774 12889 1965 12889 1964 12889 2774 12890 1964 12890 2775 12890 2775 12891 1964 12891 1963 12891 2775 12892 1963 12892 2776 12892 2776 12893 1963 12893 1962 12893 2776 12894 1962 12894 2777 12894 2454 12895 2066 12895 2455 12895 2455 12896 2066 12896 2065 12896 2455 12897 2065 12897 2456 12897 2456 12898 2065 12898 2064 12898 2456 12899 2064 12899 2457 12899 2457 12900 2064 12900 2063 12900 2457 12901 2063 12901 2458 12901 2458 12902 2063 12902 2062 12902 2458 12903 2062 12903 2459 12903 2459 12904 2062 12904 2061 12904 2459 12905 2061 12905 2460 12905 2460 12906 2061 12906 2044 12906 2460 12907 2044 12907 2367 12907 2066 12908 2454 12908 2067 12908 2067 12909 2454 12909 2453 12909 2067 12910 2453 12910 2068 12910 2068 12911 2453 12911 2452 12911 2068 12912 2452 12912 2069 12912 2069 12913 2452 12913 2451 12913 2069 12914 2451 12914 2070 12914 2070 12915 2451 12915 2450 12915 2070 12916 2450 12916 2071 12916 2071 12917 2450 12917 2560 12917 2071 12918 2560 12918 2027 12918 2027 12919 2560 12919 2559 12919 2027 12920 2559 12920 2028 12920 2028 12921 2559 12921 2558 12921 2028 12922 2558 12922 2029 12922 1697 12923 2724 12923 1698 12923 1698 12924 2724 12924 2723 12924 1698 12925 2723 12925 1699 12925 1699 12926 2723 12926 2722 12926 1699 12927 2722 12927 1700 12927 1700 12928 2722 12928 2721 12928 1700 12929 2721 12929 1701 12929 1701 12930 2721 12930 2720 12930 1701 12931 2720 12931 1702 12931 1702 12932 2720 12932 2719 12932 1702 12933 2719 12933 1703 12933 1703 12934 2719 12934 2968 12934 1703 12935 2968 12935 1931 12935 2724 12936 1697 12936 2725 12936 2725 12937 1697 12937 1696 12937 2725 12938 1696 12938 2726 12938 2726 12939 1696 12939 1695 12939 2726 12940 1695 12940 2727 12940 2727 12941 1695 12941 1694 12941 2727 12942 1694 12942 2867 12942 2867 12943 1694 12943 1912 12943 2867 12944 1912 12944 2868 12944 2868 12945 1912 12945 1911 12945 2868 12946 1911 12946 2869 12946 2869 12947 1911 12947 1910 12947 2869 12948 1910 12948 2885 12948 2885 12949 1910 12949 1909 12949 2885 12950 1909 12950 2886 12950 2374 12951 2036 12951 2375 12951 2375 12952 2036 12952 2035 12952 2375 12953 2035 12953 2376 12953 2376 12954 2035 12954 2033 12954 2376 12955 2033 12955 2514 12955 2514 12956 2033 12956 2032 12956 2514 12957 2032 12957 2521 12957 2521 12958 2032 12958 2031 12958 2521 12959 2031 12959 2556 12959 2556 12960 2031 12960 2030 12960 2556 12961 2030 12961 2557 12961 2557 12962 2030 12962 2029 12962 2557 12963 2029 12963 2558 12963 2036 12964 2374 12964 2037 12964 2037 12965 2374 12965 2373 12965 2037 12966 2373 12966 2038 12966 2038 12967 2373 12967 2372 12967 2038 12968 2372 12968 2039 12968 2039 12969 2372 12969 2371 12969 2039 12970 2371 12970 2040 12970 2040 12971 2371 12971 2370 12971 2040 12972 2370 12972 2041 12972 2041 12973 2370 12973 2369 12973 2041 12974 2369 12974 2042 12974 2042 12975 2369 12975 2368 12975 2042 12976 2368 12976 2043 12976 2043 12977 2368 12977 2367 12977 2043 12978 2367 12978 2044 12978 1938 12979 2960 12979 1939 12979 1939 12980 2960 12980 2663 12980 1939 12981 2663 12981 1651 12981 1651 12982 2663 12982 2805 12982 1651 12983 2805 12983 1779 12983 1779 12984 2805 12984 2889 12984 1779 12985 2889 12985 1906 12985 1906 12986 2889 12986 2888 12986 1906 12987 2888 12987 1907 12987 1907 12988 2888 12988 2887 12988 1907 12989 2887 12989 1908 12989 1908 12990 2887 12990 2886 12990 1908 12991 2886 12991 1909 12991 2960 12992 1938 12992 2961 12992 2961 12993 1938 12993 1937 12993 2961 12994 1937 12994 2962 12994 2962 12995 1937 12995 1936 12995 2962 12996 1936 12996 2963 12996 2963 12997 1936 12997 1935 12997 2963 12998 1935 12998 2964 12998 2964 12999 1935 12999 1934 12999 2964 13000 1934 13000 2965 13000 2965 13001 1934 13001 1933 13001 2965 13002 1933 13002 2966 13002 2966 13003 1933 13003 1932 13003 2966 13004 1932 13004 2967 13004 2967 13005 1932 13005 1931 13005 2967 13006 1931 13006 2968 13006 2575 13007 2227 13007 2576 13007 2576 13008 2227 13008 2226 13008 2576 13009 2226 13009 2577 13009 2577 13010 2226 13010 2225 13010 2577 13011 2225 13011 2578 13011 2578 13012 2225 13012 2224 13012 2578 13013 2224 13013 2579 13013 2579 13014 2224 13014 2223 13014 2579 13015 2223 13015 2580 13015 2580 13016 2223 13016 2222 13016 2580 13017 2222 13017 2581 13017 2581 13018 2222 13018 2025 13018 2581 13019 2025 13019 2522 13019 2227 13020 2575 13020 2228 13020 2228 13021 2575 13021 2574 13021 2228 13022 2574 13022 2229 13022 2229 13023 2574 13023 2605 13023 2229 13024 2605 13024 2256 13024 2256 13025 2605 13025 2604 13025 2256 13026 2604 13026 2257 13026 2257 13027 2604 13027 2603 13027 2257 13028 2603 13028 2258 13028 2258 13029 2603 13029 2602 13029 2258 13030 2602 13030 2259 13030 2259 13031 2602 13031 2582 13031 2259 13032 2582 13032 2255 13032 2255 13033 2582 13033 2520 13033 2255 13034 2520 13034 2141 13034 1848 13035 2875 13035 1849 13035 1849 13036 2875 13036 2874 13036 1849 13037 2874 13037 1850 13037 1850 13038 2874 13038 2873 13038 1850 13039 2873 13039 1851 13039 1851 13040 2873 13040 2872 13040 1851 13041 2872 13041 1852 13041 1852 13042 2872 13042 2871 13042 1852 13043 2871 13043 1853 13043 1853 13044 2871 13044 2870 13044 1853 13045 2870 13045 1854 13045 1854 13046 2870 13046 2814 13046 1854 13047 2814 13047 1693 13047 2875 13048 1848 13048 2876 13048 2876 13049 1848 13049 1900 13049 2876 13050 1900 13050 2931 13050 2931 13051 1900 13051 1899 13051 2931 13052 1899 13052 2932 13052 2932 13053 1899 13053 1898 13053 2932 13054 1898 13054 2933 13054 2933 13055 1898 13055 1897 13055 2933 13056 1897 13056 2934 13056 2934 13057 1897 13057 1896 13057 2934 13058 1896 13058 2935 13058 2935 13059 1896 13059 1895 13059 2935 13060 1895 13060 2936 13060 2936 13061 1895 13061 1795 13061 2936 13062 1795 13062 2815 13062 2529 13063 2188 13063 2530 13063 2530 13064 2188 13064 2187 13064 2530 13065 2187 13065 2515 13065 2515 13066 2187 13066 2186 13066 2515 13067 2186 13067 2516 13067 2516 13068 2186 13068 2185 13068 2516 13069 2185 13069 2517 13069 2517 13070 2185 13070 2184 13070 2517 13071 2184 13071 2518 13071 2518 13072 2184 13072 2183 13072 2518 13073 2183 13073 2519 13073 2519 13074 2183 13074 2141 13074 2519 13075 2141 13075 2520 13075 2188 13076 2529 13076 2189 13076 2189 13077 2529 13077 2528 13077 2189 13078 2528 13078 2190 13078 2190 13079 2528 13079 2527 13079 2190 13080 2527 13080 2191 13080 2191 13081 2527 13081 2526 13081 2191 13082 2526 13082 2192 13082 2192 13083 2526 13083 2525 13083 2192 13084 2525 13084 2193 13084 2193 13085 2525 13085 2524 13085 2193 13086 2524 13086 2194 13086 2194 13087 2524 13087 2523 13087 2194 13088 2523 13088 2195 13088 2195 13089 2523 13089 2522 13089 2195 13090 2522 13090 2025 13090 1788 13091 2821 13091 1789 13091 1789 13092 2821 13092 2820 13092 1789 13093 2820 13093 1790 13093 1790 13094 2820 13094 2819 13094 1790 13095 2819 13095 1791 13095 1791 13096 2819 13096 2818 13096 1791 13097 2818 13097 1792 13097 1792 13098 2818 13098 2817 13098 1792 13099 2817 13099 1793 13099 1793 13100 2817 13100 2816 13100 1793 13101 2816 13101 1794 13101 1794 13102 2816 13102 2815 13102 1794 13103 2815 13103 1795 13103 2821 13104 1788 13104 2822 13104 2822 13105 1788 13105 1785 13105 2822 13106 1785 13106 2808 13106 2808 13107 1785 13107 1784 13107 2808 13108 1784 13108 2809 13108 2809 13109 1784 13109 1783 13109 2809 13110 1783 13110 2810 13110 2810 13111 1783 13111 1782 13111 2810 13112 1782 13112 2811 13112 2811 13113 1782 13113 1781 13113 2811 13114 1781 13114 2812 13114 2812 13115 1781 13115 1780 13115 2812 13116 1780 13116 2813 13116 2813 13117 1780 13117 1693 13117 2813 13118 1693 13118 2814 13118 2497 13119 2144 13119 2498 13119 2498 13120 2144 13120 2143 13120 2498 13121 2143 13121 2320 13121 2320 13122 2143 13122 2142 13122 2320 13123 2142 13123 2321 13123 2321 13124 2142 13124 2266 13124 2321 13125 2266 13125 2595 13125 2595 13126 2266 13126 2265 13126 2595 13127 2265 13127 2596 13127 2596 13128 2265 13128 2264 13128 2596 13129 2264 13129 2597 13129 2597 13130 2264 13130 2263 13130 2597 13131 2263 13131 2598 13131 2144 13132 2497 13132 2145 13132 2145 13133 2497 13133 2496 13133 2145 13134 2496 13134 2146 13134 2146 13135 2496 13135 2495 13135 2146 13136 2495 13136 2147 13136 2147 13137 2495 13137 2494 13137 2147 13138 2494 13138 2148 13138 2148 13139 2494 13139 2621 13139 2148 13140 2621 13140 2278 13140 2278 13141 2621 13141 2620 13141 2278 13142 2620 13142 2279 13142 2279 13143 2620 13143 2616 13143 2279 13144 2616 13144 2268 13144 2268 13145 2616 13145 2615 13145 2268 13146 2615 13146 2269 13146 1875 13147 2912 13147 1876 13147 1876 13148 2912 13148 2911 13148 1876 13149 2911 13149 1877 13149 1877 13150 2911 13150 2924 13150 1877 13151 2924 13151 1878 13151 1878 13152 2924 13152 2923 13152 1878 13153 2923 13153 1879 13153 1879 13154 2923 13154 2922 13154 1879 13155 2922 13155 1880 13155 1880 13156 2922 13156 2941 13156 1880 13157 2941 13157 1901 13157 1901 13158 2941 13158 2940 13158 1901 13159 2940 13159 1902 13159 2912 13160 1875 13160 2913 13160 2913 13161 1875 13161 1874 13161 2913 13162 1874 13162 2914 13162 2914 13163 1874 13163 1810 13163 2914 13164 1810 13164 2849 13164 2849 13165 1810 13165 1809 13165 2849 13166 1809 13166 2836 13166 2836 13167 1809 13167 1918 13167 2836 13168 1918 13168 2942 13168 2942 13169 1918 13169 1917 13169 2942 13170 1917 13170 2943 13170 2943 13171 1917 13171 1916 13171 2943 13172 1916 13172 2944 13172 2944 13173 1916 13173 1915 13173 2944 13174 1915 13174 2945 13174 2608 13175 2275 13175 2609 13175 2609 13176 2275 13176 2274 13176 2609 13177 2274 13177 2610 13177 2610 13178 2274 13178 2273 13178 2610 13179 2273 13179 2611 13179 2611 13180 2273 13180 2272 13180 2611 13181 2272 13181 2612 13181 2612 13182 2272 13182 2271 13182 2612 13183 2271 13183 2613 13183 2613 13184 2271 13184 2270 13184 2613 13185 2270 13185 2614 13185 2614 13186 2270 13186 2269 13186 2614 13187 2269 13187 2615 13187 2275 13188 2608 13188 2276 13188 2276 13189 2608 13189 2607 13189 2276 13190 2607 13190 2277 13190 2277 13191 2607 13191 2323 13191 2277 13192 2323 13192 1988 13192 1988 13193 2323 13193 2513 13193 1988 13194 2513 13194 2182 13194 2182 13195 2513 13195 2601 13195 2182 13196 2601 13196 2260 13196 2260 13197 2601 13197 2600 13197 2260 13198 2600 13198 2261 13198 2261 13199 2600 13199 2599 13199 2261 13200 2599 13200 2262 13200 2262 13201 2599 13201 2598 13201 2262 13202 2598 13202 2263 13202 1920 13203 2957 13203 1921 13203 1921 13204 2957 13204 2956 13204 1921 13205 2956 13205 1922 13205 1922 13206 2956 13206 2955 13206 1922 13207 2955 13207 1923 13207 1923 13208 2955 13208 2954 13208 1923 13209 2954 13209 1924 13209 1924 13210 2954 13210 2947 13210 1924 13211 2947 13211 1913 13211 1913 13212 2947 13212 2946 13212 1913 13213 2946 13213 1914 13213 1914 13214 2946 13214 2945 13214 1914 13215 2945 13215 1915 13215 2957 13216 1920 13216 2958 13216 2958 13217 1920 13217 1919 13217 2958 13218 1919 13218 2959 13218 2959 13219 1919 13219 1787 13219 2959 13220 1787 13220 2806 13220 2806 13221 1787 13221 1786 13221 2806 13222 1786 13222 2807 13222 2807 13223 1786 13223 1905 13223 2807 13224 1905 13224 2937 13224 2937 13225 1905 13225 1904 13225 2937 13226 1904 13226 2938 13226 2938 13227 1904 13227 1903 13227 2938 13228 1903 13228 2939 13228 2939 13229 1903 13229 1902 13229 2939 13230 1902 13230 2940 13230 2400 13231 2119 13231 2401 13231 2401 13232 2119 13232 2073 13232 2401 13233 2073 13233 2402 13233 2402 13234 2073 13234 2072 13234 2402 13235 2072 13235 2403 13235 2403 13236 2072 13236 2282 13236 2403 13237 2282 13237 2617 13237 2617 13238 2282 13238 2281 13238 2617 13239 2281 13239 2618 13239 2618 13240 2281 13240 2280 13240 2618 13241 2280 13241 2619 13241 2619 13242 2280 13242 2291 13242 2619 13243 2291 13243 2622 13243 2119 13244 2400 13244 2120 13244 2120 13245 2400 13245 2399 13245 2120 13246 2399 13246 2121 13246 2121 13247 2399 13247 2398 13247 2121 13248 2398 13248 2122 13248 2122 13249 2398 13249 2397 13249 2122 13250 2397 13250 2123 13250 2123 13251 2397 13251 2637 13251 2123 13252 2637 13252 2292 13252 2292 13253 2637 13253 2636 13253 2292 13254 2636 13254 2293 13254 2293 13255 2636 13255 2635 13255 2293 13256 2635 13256 2294 13256 2294 13257 2635 13257 2634 13257 2294 13258 2634 13258 2295 13258 1771 13259 2787 13259 1772 13259 1772 13260 2787 13260 2761 13260 1772 13261 2761 13261 1757 13261 1757 13262 2761 13262 2760 13262 1757 13263 2760 13263 1744 13263 1744 13264 2760 13264 2982 13264 1744 13265 2982 13265 1949 13265 1949 13266 2982 13266 2981 13266 1949 13267 2981 13267 1950 13267 1950 13268 2981 13268 2980 13268 1950 13269 2980 13269 1951 13269 1951 13270 2980 13270 2979 13270 1951 13271 2979 13271 1952 13271 2787 13272 1771 13272 2788 13272 2788 13273 1771 13273 1770 13273 2788 13274 1770 13274 2789 13274 2789 13275 1770 13275 1769 13275 2789 13276 1769 13276 2790 13276 2790 13277 1769 13277 1768 13277 2790 13278 1768 13278 2791 13278 2791 13279 1768 13279 1767 13279 2791 13280 1767 13280 2792 13280 2792 13281 1767 13281 1766 13281 2792 13282 1766 13282 2793 13282 2793 13283 1766 13283 1958 13283 2793 13284 1958 13284 2983 13284 2983 13285 1958 13285 1957 13285 2983 13286 1957 13286 2984 13286 2629 13287 2283 13287 2630 13287 2630 13288 2283 13288 1986 13288 2630 13289 1986 13289 2316 13289 2316 13290 1986 13290 2088 13290 2316 13291 2088 13291 2422 13291 2422 13292 2088 13292 2298 13292 2422 13293 2298 13293 2631 13293 2631 13294 2298 13294 2297 13294 2631 13295 2297 13295 2632 13295 2632 13296 2297 13296 2296 13296 2632 13297 2296 13297 2633 13297 2633 13298 2296 13298 2295 13298 2633 13299 2295 13299 2634 13299 2283 13300 2629 13300 2284 13300 2284 13301 2629 13301 2628 13301 2284 13302 2628 13302 2285 13302 2285 13303 2628 13303 2627 13303 2285 13304 2627 13304 2286 13304 2286 13305 2627 13305 2626 13305 2286 13306 2626 13306 2287 13306 2287 13307 2626 13307 2625 13307 2287 13308 2625 13308 2288 13308 2288 13309 2625 13309 2624 13309 2288 13310 2624 13310 2289 13310 2289 13311 2624 13311 2623 13311 2289 13312 2623 13312 2290 13312 2290 13313 2623 13313 2622 13313 2290 13314 2622 13314 2291 13314 1930 13315 2738 13315 1736 13315 1736 13316 2738 13316 2737 13316 1736 13317 2737 13317 1712 13317 1712 13318 2737 13318 2736 13318 1712 13319 2736 13319 1713 13319 1713 13320 2736 13320 2987 13320 1713 13321 2987 13321 1954 13321 1954 13322 2987 13322 2986 13322 1954 13323 2986 13323 1955 13323 1955 13324 2986 13324 2985 13324 1955 13325 2985 13325 1956 13325 1956 13326 2985 13326 2984 13326 1956 13327 2984 13327 1957 13327 2738 13328 1930 13328 2948 13328 2948 13329 1930 13329 1929 13329 2948 13330 1929 13330 2949 13330 2949 13331 1929 13331 1928 13331 2949 13332 1928 13332 2950 13332 2950 13333 1928 13333 1927 13333 2950 13334 1927 13334 2951 13334 2951 13335 1927 13335 1926 13335 2951 13336 1926 13336 2952 13336 2952 13337 1926 13337 1925 13337 2952 13338 1925 13338 2953 13338 2953 13339 1925 13339 1953 13339 2953 13340 1953 13340 2978 13340 2978 13341 1953 13341 1952 13341 2978 13342 1952 13342 2979 13342 2009 13343 2010 13343 3766 13343 2009 13344 3766 13344 3799 13344 2109 13345 2108 13345 3820 13345 2109 13346 3820 13346 6838 13346 2332 13347 2333 13347 3781 13347 2332 13348 3781 13348 3767 13348 1998 13349 1997 13349 3748 13349 1998 13350 3748 13350 6839 13350 2104 13351 2103 13351 6840 13351 2104 13352 6840 13352 6841 13352 2001 13353 2002 13353 3798 13353 2001 13354 3798 13354 3804 13354 2206 13355 2205 13355 6842 13355 2206 13356 6842 13356 3769 13356 2324 13357 2325 13357 3787 13357 2324 13358 3787 13358 3802 13358 2103 13359 2102 13359 6843 13359 2103 13360 6843 13360 6840 13360 1994 13361 1993 13361 3807 13361 1994 13362 3807 13362 3812 13362 2198 13363 2197 13363 6844 13363 2198 13364 6844 13364 3775 13364 2541 13365 2540 13365 3789 13365 2541 13366 3789 13366 6845 13366 2366 13367 2544 13367 3811 13367 2366 13368 3811 13368 3753 13368 2533 13369 2532 13369 3794 13369 2533 13370 3794 13370 6846 13370 2543 13371 2542 13371 6847 13371 2543 13372 6847 13372 3810 13372 2535 13373 2534 13373 6848 13373 2535 13374 6848 13374 3815 13374 2436 13375 2435 13375 6849 13375 2436 13376 6849 13376 6850 13376 2203 13377 2202 13377 6851 13377 2203 13378 6851 13378 3751 13378 2434 13379 2433 13379 3774 13379 2434 13380 3774 13380 6852 13380 2196 13381 2034 13381 3763 13381 2196 13382 3763 13382 6853 13382 2101 13383 2439 13383 6854 13383 2101 13384 6854 13384 6855 13384 2105 13385 2104 13385 6841 13385 2105 13386 6841 13386 3758 13386 2011 13387 2012 13387 6856 13387 2011 13388 6856 13388 3765 13388 2012 13389 2267 13389 6857 13389 2012 13390 6857 13390 6856 13390 2343 13391 2342 13391 3778 13391 2343 13392 3778 13392 6858 13392 2003 13393 2004 13393 6859 13393 2003 13394 6859 13394 3797 13394 2006 13395 2007 13395 6860 13395 2006 13396 6860 13396 3818 13396 2007 13397 2008 13397 3800 13397 2007 13398 3800 13398 6860 13398 2537 13399 2536 13399 3816 13399 2537 13400 3816 13400 3760 13400 2336 13401 2318 13401 3792 13401 2336 13402 3792 13402 3809 13402 1996 13403 1995 13403 3813 13403 1996 13404 3813 13404 3747 13404 1999 13405 1998 13405 6839 13405 1999 13406 6839 13406 6861 13406 2000 13407 1999 13407 6861 13407 2000 13408 6861 13408 6862 13408 2334 13409 2335 13409 6863 13409 2334 13410 6863 13410 3780 13410 1990 13411 1987 13411 6864 13411 1990 13412 6864 13412 6865 13412 1991 13413 1990 13413 6865 13413 1991 13414 6865 13414 6866 13414 2542 13415 2541 13415 6845 13415 2542 13416 6845 13416 6847 13416 2435 13417 2434 13417 6852 13417 2435 13418 6852 13418 6849 13418 1992 13419 1991 13419 6866 13419 1992 13420 6866 13420 3806 13420 2326 13421 2327 13421 6867 13421 2326 13422 6867 13422 3786 13422 2534 13423 2533 13423 6846 13423 2534 13424 6846 13424 6848 13424 2432 13425 2431 13425 3750 13425 2432 13426 3750 13426 3773 13426 1987 13427 1989 13427 3817 13427 1987 13428 3817 13428 6864 13428 2202 13429 2201 13429 3796 13429 2202 13430 3796 13430 6851 13430 2437 13431 2436 13431 6850 13431 2437 13432 6850 13432 3756 13432 2267 13433 2000 13433 6862 13433 2267 13434 6862 13434 6857 13434 2208 13435 2207 13435 3770 13435 2208 13436 3770 13436 3790 13436 2200 13437 2199 13437 3776 13437 2200 13438 3776 13438 3795 13438 2110 13439 2109 13439 6838 13439 2110 13440 6838 13440 3762 13440 2004 13441 2005 13441 3819 13441 2004 13442 3819 13442 6859 13442 2102 13443 2101 13443 6855 13443 2102 13444 6855 13444 6843 13444 2205 13445 2204 13445 3752 13445 2205 13446 3752 13446 6842 13446 2335 13447 2606 13447 6868 13447 2335 13448 6868 13448 6863 13448 2197 13449 2196 13449 6853 13449 2197 13450 6853 13450 6844 13450 2606 13451 2347 13451 3783 13451 2606 13452 3783 13452 6868 13452 2344 13453 2343 13453 6858 13453 2344 13454 6858 13454 3805 13454 1652 13455 2664 13455 1650 13455 1650 13456 2664 13456 2665 13456 1650 13457 2665 13457 1653 13457 1653 13458 2665 13458 2666 13458 1653 13459 2666 13459 1654 13459 1654 13460 2666 13460 2667 13460 1654 13461 2667 13461 1655 13461 1655 13462 2667 13462 2668 13462 1655 13463 2668 13463 1656 13463 1656 13464 2668 13464 2669 13464 1656 13465 2669 13465 1657 13465 1657 13466 2669 13466 2670 13466 1657 13467 2670 13467 1658 13467 1658 13468 2670 13468 2671 13468 1658 13469 2671 13469 1659 13469 1659 13470 2671 13470 2672 13470 1659 13471 2672 13471 1660 13471 1660 13472 2672 13472 2673 13472 1660 13473 2673 13473 1661 13473 1661 13474 2673 13474 2674 13474 1661 13475 2674 13475 1662 13475 1662 13476 2674 13476 2675 13476 1662 13477 2675 13477 1663 13477 1663 13478 2675 13478 2676 13478 1663 13479 2676 13479 1664 13479 1664 13480 2676 13480 2718 13480 1664 13481 2718 13481 1704 13481 2664 13482 1652 13482 2662 13482 2662 13483 1652 13483 1808 13483 2662 13484 1808 13484 2823 13484 2823 13485 1808 13485 1807 13485 2823 13486 1807 13486 2824 13486 2824 13487 1807 13487 1806 13487 2824 13488 1806 13488 2825 13488 2829 13489 2828 13489 6869 13489 2829 13490 6869 13490 6870 13490 1729 13491 1728 13491 6871 13491 1729 13492 6871 13492 6872 13492 1731 13493 1730 13493 6873 13493 1731 13494 6873 13494 4241 13494 1728 13495 1727 13495 4218 13495 1728 13496 4218 13496 6871 13496 2827 13497 2826 13497 4242 13497 2827 13498 4242 13498 6874 13498 2828 13499 2827 13499 6874 13499 2828 13500 6874 13500 6869 13500 1804 13501 1803 13501 4237 13501 1804 13502 4237 13502 6875 13502 2830 13503 2829 13503 6870 13503 2830 13504 6870 13504 6876 13504 1723 13505 1722 13505 4222 13505 1723 13506 4222 13506 4247 13506 1805 13507 1804 13507 6875 13507 1805 13508 6875 13508 4209 13508 2831 13509 2830 13509 6876 13509 2831 13510 6876 13510 4225 13510 1797 13511 1796 13511 6877 13511 1797 13512 6877 13512 4219 13512 2752 13513 2751 13513 4212 13513 2752 13514 4212 13514 4221 13514 1800 13515 1799 13515 6878 13515 1800 13516 6878 13516 4248 13516 2744 13517 2743 13517 4216 13517 2744 13518 4216 13518 4229 13518 2750 13519 2749 13519 4228 13519 2750 13520 4228 13520 4211 13520 1796 13521 1735 13521 4214 13521 1796 13522 4214 13522 6877 13522 2742 13523 2741 13523 4240 13523 2742 13524 4240 13524 4215 13524 1730 13525 1729 13525 6872 13525 1730 13526 6872 13526 6873 13526 1799 13527 1798 13527 4220 13527 1799 13528 4220 13528 6878 13528 2833 13529 2832 13529 4226 13529 2833 13530 4226 13530 4231 13530 1734 13531 1733 13531 4239 13531 1734 13532 4239 13532 4213 13532 2652 13533 2302 13533 2653 13533 2653 13534 2302 13534 2301 13534 2653 13535 2301 13535 2654 13535 2654 13536 2301 13536 2300 13536 2654 13537 2300 13537 2655 13537 2655 13538 2300 13538 2299 13538 2655 13539 2299 13539 2656 13539 2656 13540 2299 13540 2311 13540 2656 13541 2311 13541 2657 13541 2657 13542 2311 13542 2310 13542 2657 13543 2310 13543 2658 13543 2658 13544 2310 13544 2097 13544 2658 13545 2097 13545 2396 13545 2302 13546 2652 13546 2303 13546 2303 13547 2652 13547 2651 13547 2303 13548 2651 13548 2304 13548 2304 13549 2651 13549 2650 13549 2304 13550 2650 13550 2305 13550 2305 13551 2650 13551 2649 13551 2305 13552 2649 13552 2306 13552 2306 13553 2649 13553 2648 13553 2306 13554 2648 13554 2307 13554 2307 13555 2648 13555 2647 13555 2307 13556 2647 13556 2308 13556 2308 13557 2647 13557 2646 13557 2308 13558 2646 13558 2309 13558 2309 13559 2646 13559 2385 13559 2309 13560 2385 13560 2112 13560 1966 13561 2993 13561 1967 13561 1967 13562 2993 13562 2992 13562 1967 13563 2992 13563 1968 13563 1968 13564 2992 13564 2991 13564 1968 13565 2991 13565 1969 13565 1969 13566 2991 13566 2990 13566 1969 13567 2990 13567 1970 13567 1970 13568 2990 13568 2989 13568 1970 13569 2989 13569 1971 13569 1971 13570 2989 13570 2988 13570 1971 13571 2988 13571 1972 13571 1972 13572 2988 13572 2759 13572 1972 13573 2759 13573 1737 13573 2993 13574 1966 13574 2994 13574 2994 13575 1966 13575 1978 13575 2994 13576 1978 13576 2995 13576 2995 13577 1978 13577 1977 13577 2995 13578 1977 13578 2996 13578 2996 13579 1977 13579 1976 13579 2996 13580 1976 13580 2997 13580 2997 13581 1976 13581 1975 13581 2997 13582 1975 13582 2998 13582 2998 13583 1975 13583 1974 13583 2998 13584 1974 13584 3000 13584 3000 13585 1974 13585 1973 13585 3000 13586 1973 13586 3001 13586 3001 13587 1973 13587 1721 13587 3001 13588 1721 13588 2705 13588 2429 13589 2118 13589 2443 13589 2443 13590 2118 13590 2117 13590 2443 13591 2117 13591 2444 13591 2444 13592 2117 13592 2116 13592 2444 13593 2116 13593 2445 13593 2445 13594 2116 13594 2115 13594 2445 13595 2115 13595 2446 13595 2446 13596 2115 13596 2114 13596 2446 13597 2114 13597 2447 13597 2447 13598 2114 13598 2113 13598 2447 13599 2113 13599 2448 13599 2448 13600 2113 13600 2112 13600 2448 13601 2112 13601 2385 13601 2118 13602 2429 13602 2090 13602 2090 13603 2429 13603 2428 13603 2090 13604 2428 13604 2091 13604 2091 13605 2428 13605 2427 13605 2091 13606 2427 13606 2092 13606 2092 13607 2427 13607 2426 13607 2092 13608 2426 13608 2093 13608 2093 13609 2426 13609 2425 13609 2093 13610 2425 13610 2094 13610 2094 13611 2425 13611 2424 13611 2094 13612 2424 13612 2095 13612 2095 13613 2424 13613 2423 13613 2095 13614 2423 13614 2096 13614 2096 13615 2423 13615 2396 13615 2096 13616 2396 13616 2097 13616 1714 13617 2734 13617 1715 13617 1715 13618 2734 13618 2733 13618 1715 13619 2733 13619 1716 13619 1716 13620 2733 13620 2732 13620 1716 13621 2732 13621 1717 13621 1717 13622 2732 13622 2731 13622 1717 13623 2731 13623 1718 13623 1718 13624 2731 13624 2730 13624 1718 13625 2730 13625 1719 13625 1719 13626 2730 13626 2729 13626 1719 13627 2729 13627 1720 13627 1720 13628 2729 13628 2705 13628 1720 13629 2705 13629 1721 13629 2734 13630 1714 13630 2735 13630 2735 13631 1714 13631 1743 13631 2735 13632 1743 13632 2753 13632 2753 13633 1743 13633 1742 13633 2753 13634 1742 13634 2754 13634 2754 13635 1742 13635 1741 13635 2754 13636 1741 13636 2755 13636 2755 13637 1741 13637 1740 13637 2755 13638 1740 13638 2756 13638 2756 13639 1740 13639 1739 13639 2756 13640 1739 13640 2757 13640 2757 13641 1739 13641 1738 13641 2757 13642 1738 13642 2758 13642 2758 13643 1738 13643 1737 13643 2758 13644 1737 13644 2759 13644 3772 13645 3771 13645 3792 13645 3792 13646 3771 13646 3804 13646 3792 13647 3804 13647 3809 13647 3809 13648 3804 13648 3798 13648 3809 13649 3798 13649 3803 13649 3803 13650 3798 13650 3797 13650 3803 13651 3797 13651 3788 13651 3788 13652 3797 13652 6859 13652 3788 13653 6859 13653 3754 13653 3754 13654 6859 13654 3819 13654 3754 13655 3819 13655 3755 13655 3755 13656 3819 13656 3818 13656 3755 13657 3818 13657 3777 13657 3777 13658 3818 13658 6860 13658 3777 13659 6860 13659 3778 13659 3778 13660 6860 13660 3800 13660 3778 13661 3800 13661 6858 13661 6858 13662 3800 13662 3799 13662 6858 13663 3799 13663 3805 13663 3805 13664 3799 13664 3766 13664 3805 13665 3766 13665 3801 13665 3801 13666 3766 13666 3765 13666 3801 13667 3765 13667 3782 13667 3782 13668 3765 13668 6856 13668 3782 13669 6856 13669 3783 13669 3783 13670 6856 13670 6857 13670 3783 13671 6857 13671 6868 13671 6855 13672 6854 13672 3757 13672 6855 13673 3757 13673 6843 13673 6843 13674 3757 13674 3756 13674 6843 13675 3756 13675 6840 13675 6840 13676 3756 13676 6850 13676 6840 13677 6850 13677 6841 13677 6841 13678 6850 13678 6849 13678 6841 13679 6849 13679 3758 13679 3758 13680 6849 13680 6852 13680 3758 13681 6852 13681 3759 13681 3759 13682 6852 13682 3774 13682 3759 13683 3774 13683 3764 13683 3764 13684 3774 13684 3773 13684 3764 13685 3773 13685 3820 13685 3820 13686 3773 13686 3750 13686 3820 13687 3750 13687 6838 13687 6838 13688 3750 13688 3749 13688 6838 13689 3749 13689 3762 13689 3762 13690 3749 13690 3753 13690 3762 13691 3753 13691 3763 13691 3785 13692 3790 13692 3794 13692 3794 13693 3790 13693 3770 13693 3794 13694 3770 13694 6846 13694 6846 13695 3770 13695 3769 13695 6846 13696 3769 13696 6848 13696 6848 13697 3769 13697 6842 13697 6848 13698 6842 13698 3815 13698 3815 13699 6842 13699 3752 13699 3815 13700 3752 13700 3816 13700 3816 13701 3752 13701 3751 13701 3816 13702 3751 13702 3760 13702 3760 13703 3751 13703 6851 13703 3760 13704 6851 13704 3761 13704 3761 13705 6851 13705 3796 13705 3761 13706 3796 13706 3779 13706 3779 13707 3796 13707 3795 13707 3779 13708 3795 13708 3789 13708 3789 13709 3795 13709 3776 13709 3789 13710 3776 13710 6845 13710 6845 13711 3776 13711 3775 13711 6845 13712 3775 13712 6847 13712 6847 13713 3775 13713 6844 13713 6847 13714 6844 13714 3810 13714 3810 13715 6844 13715 6853 13715 3810 13716 6853 13716 3811 13716 3811 13717 6853 13717 3763 13717 3811 13718 3763 13718 3753 13718 3790 13719 3785 13719 3791 13719 3791 13720 3785 13720 3784 13720 3791 13721 3784 13721 3817 13721 3817 13722 3784 13722 3802 13722 3817 13723 3802 13723 6864 13723 6864 13724 3802 13724 3787 13724 6864 13725 3787 13725 6865 13725 6865 13726 3787 13726 3786 13726 6865 13727 3786 13727 6866 13727 6866 13728 3786 13728 6867 13728 6866 13729 6867 13729 3806 13729 3806 13730 6867 13730 3814 13730 3806 13731 3814 13731 3807 13731 3807 13732 3814 13732 3808 13732 3807 13733 3808 13733 3812 13733 3812 13734 3808 13734 3793 13734 3812 13735 3793 13735 3813 13735 3813 13736 3793 13736 3768 13736 3813 13737 3768 13737 3747 13737 3747 13738 3768 13738 3767 13738 3747 13739 3767 13739 3748 13739 3748 13740 3767 13740 3781 13740 3748 13741 3781 13741 6839 13741 6839 13742 3781 13742 3780 13742 6839 13743 3780 13743 6861 13743 6861 13744 3780 13744 6863 13744 6861 13745 6863 13745 6862 13745 6862 13746 6863 13746 6868 13746 6862 13747 6868 13747 6857 13747 2439 13748 2438 13748 3757 13748 2439 13749 3757 13749 6854 13749 2327 13750 2328 13750 3814 13750 2327 13751 3814 13751 6867 13751 4222 13752 4221 13752 4212 13752 4222 13753 4212 13753 4247 13753 4247 13754 4212 13754 4211 13754 4247 13755 4211 13755 4244 13755 4244 13756 4211 13756 4228 13756 4244 13757 4228 13757 4245 13757 4245 13758 4228 13758 4224 13758 4245 13759 4224 13759 4217 13759 4217 13760 4224 13760 4223 13760 4217 13761 4223 13761 4218 13761 4218 13762 4223 13762 4246 13762 4218 13763 4246 13763 6871 13763 6871 13764 4246 13764 4230 13764 6871 13765 4230 13765 6872 13765 6872 13766 4230 13766 4229 13766 6872 13767 4229 13767 6873 13767 6873 13768 4229 13768 4216 13768 6873 13769 4216 13769 4241 13769 4241 13770 4216 13770 4215 13770 4241 13771 4215 13771 4238 13771 4238 13772 4215 13772 4240 13772 4238 13773 4240 13773 4239 13773 4239 13774 4240 13774 4236 13774 4239 13775 4236 13775 4213 13775 4213 13776 4236 13776 4235 13776 4213 13777 4235 13777 4214 13777 4227 13778 4210 13778 4209 13778 4227 13779 4209 13779 4242 13779 4242 13780 4209 13780 6875 13780 4242 13781 6875 13781 6874 13781 6874 13782 6875 13782 4237 13782 6874 13783 4237 13783 6869 13783 6869 13784 4237 13784 4234 13784 6869 13785 4234 13785 6870 13785 6870 13786 4234 13786 4233 13786 6870 13787 4233 13787 6876 13787 6876 13788 4233 13788 4248 13788 6876 13789 4248 13789 4225 13789 4225 13790 4248 13790 6878 13790 4225 13791 6878 13791 4226 13791 4226 13792 6878 13792 4220 13792 4226 13793 4220 13793 4231 13793 4231 13794 4220 13794 4219 13794 4231 13795 4219 13795 4232 13795 4232 13796 4219 13796 6877 13796 4232 13797 6877 13797 4243 13797 4243 13798 6877 13798 4214 13798 4243 13799 4214 13799 4235 13799 2746 13800 2745 13800 4230 13800 2746 13801 4230 13801 4246 13801 1726 13802 1725 13802 4245 13802 1726 13803 4245 13803 4217 13803 6803 13804 6809 13804 6791 13804 6791 13805 6809 13805 6814 13805 6791 13806 6814 13806 6785 13806 6785 13807 6814 13807 6786 13807 6809 13808 6803 13808 6810 13808 6810 13809 6803 13809 6808 13809 6810 13810 6808 13810 6789 13810 6789 13811 6808 13811 6806 13811 6789 13812 6806 13812 6790 13812 6790 13813 6806 13813 6805 13813 6790 13814 6805 13814 6800 13814 6800 13815 6805 13815 6836 13815 6800 13816 6836 13816 6801 13816 6801 13817 6836 13817 6831 13817 6801 13818 6831 13818 6802 13818 6802 13819 6831 13819 6830 13819 6802 13820 6830 13820 6833 13820 6833 13821 6830 13821 6815 13821 6833 13822 6815 13822 6804 13822 6804 13823 6815 13823 6813 13823 6804 13824 6813 13824 6784 13824 6784 13825 6813 13825 6812 13825 6784 13826 6812 13826 6778 13826 6778 13827 6812 13827 6811 13827 6778 13828 6811 13828 6779 13828 6779 13829 6811 13829 6788 13829 6779 13830 6788 13830 6794 13830 6794 13831 6788 13831 6787 13831 6794 13832 6787 13832 6799 13832 6782 13833 6796 13833 6795 13833 6782 13834 6795 13834 6783 13834 6783 13835 6795 13835 6793 13835 6783 13836 6793 13836 6797 13836 6797 13837 6793 13837 6792 13837 6797 13838 6792 13838 6798 13838 6798 13839 6792 13839 6781 13839 6798 13840 6781 13840 6807 13840 6807 13841 6781 13841 6780 13841 6807 13842 6780 13842 6829 13842 6829 13843 6780 13843 6837 13843 6829 13844 6837 13844 6832 13844 6832 13845 6837 13845 6799 13845 6832 13846 6799 13846 6787 13846 1754 13847 1753 13847 6836 13847 1754 13848 6836 13848 6805 13848 2837 13849 2773 13849 6799 13849 2837 13850 6799 13850 6837 13850 6835 13851 6834 13851 6879 13851 6835 13852 6879 13852 6880 13852 6796 13853 6782 13853 6880 13853 6796 13854 6880 13854 6879 13854 2843 13855 6796 13855 6879 13855 2843 13856 6879 13856 6834 13856 6782 13857 1816 13857 6835 13857 6782 13858 6835 13858 6880 13858 6817 13859 6822 13859 6765 13859 6817 13860 6765 13860 6818 13860 6818 13861 6765 13861 6764 13861 6818 13862 6764 13862 6828 13862 6828 13863 6764 13863 6823 13863 6828 13864 6823 13864 6767 13864 6767 13865 6823 13865 6766 13865 6767 13866 6766 13866 6749 13866 6749 13867 6766 13867 6757 13867 6749 13868 6757 13868 6750 13868 6750 13869 6757 13869 6756 13869 6750 13870 6756 13870 6775 13870 6775 13871 6756 13871 6760 13871 6775 13872 6760 13872 6768 13872 6768 13873 6760 13873 6759 13873 6768 13874 6759 13874 6769 13874 6769 13875 6759 13875 6826 13875 6769 13876 6826 13876 6776 13876 6776 13877 6826 13877 6753 13877 6776 13878 6753 13878 6824 13878 6824 13879 6753 13879 6748 13879 6824 13880 6748 13880 6821 13880 6770 13881 6777 13881 6771 13881 6771 13882 6777 13882 6774 13882 6771 13883 6774 13883 6754 13883 6754 13884 6774 13884 6773 13884 6754 13885 6773 13885 6755 13885 6755 13886 6773 13886 6820 13886 6755 13887 6820 13887 6761 13887 6761 13888 6820 13888 6816 13888 6761 13889 6816 13889 6762 13889 6762 13890 6816 13890 6758 13890 6762 13891 6758 13891 6745 13891 6745 13892 6758 13892 6752 13892 6745 13893 6752 13893 6746 13893 6746 13894 6752 13894 6751 13894 6746 13895 6751 13895 6763 13895 6763 13896 6751 13896 6772 13896 6763 13897 6772 13897 6825 13897 6825 13898 6772 13898 6819 13898 6825 13899 6819 13899 6747 13899 6747 13900 6819 13900 6821 13900 6747 13901 6821 13901 6748 13901 6777 13902 6770 13902 6827 13902 2419 13903 2418 13903 6823 13903 2419 13904 6823 13904 6764 13904 2079 13905 2078 13905 6828 13905 2079 13906 6828 13906 6767 13906 6881 13907 6882 13907 6883 13907 6881 13908 6883 13908 6884 13908 6884 13909 6883 13909 6885 13909 6884 13910 6885 13910 6886 13910 6886 13911 6885 13911 6887 13911 6886 13912 6887 13912 6888 13912 6888 13913 6887 13913 6889 13913 6888 13914 6889 13914 6890 13914 6890 13915 6889 13915 6891 13915 6890 13916 6891 13916 6892 13916 6892 13917 6891 13917 6893 13917 6892 13918 6893 13918 6894 13918 6894 13919 6893 13919 6895 13919 6894 13920 6895 13920 6896 13920 6896 13921 6895 13921 6897 13921 6896 13922 6897 13922 6898 13922 6898 13923 6897 13923 6899 13923 6898 13924 6899 13924 6900 13924 6900 13925 6899 13925 6901 13925 6900 13926 6901 13926 6902 13926 6902 13927 6901 13927 6903 13927 6902 13928 6903 13928 6904 13928 6904 13929 6903 13929 6905 13929 6904 13930 6905 13930 6906 13930 6906 13931 6905 13931 6907 13931 6906 13932 6907 13932 6908 13932 6908 13933 6907 13933 6909 13933 6908 13934 6909 13934 6910 13934 6910 13935 6909 13935 6911 13935 6910 13936 6911 13936 6912 13936 6912 13937 6911 13937 6913 13937 6912 13938 6913 13938 6914 13938 6914 13939 6913 13939 6915 13939 6914 13940 6915 13940 6916 13940 6916 13941 6915 13941 6917 13941 6916 13942 6917 13942 6918 13942 6918 13943 6917 13943 6919 13943 6918 13944 6919 13944 6920 13944 6920 13945 6919 13945 6921 13945 6920 13946 6921 13946 6922 13946 6922 13947 6921 13947 6923 13947 6922 13948 6923 13948 6924 13948 6924 13949 6923 13949 6925 13949 6924 13950 6925 13950 6926 13950 6926 13951 6925 13951 6927 13951 6926 13952 6927 13952 6928 13952 6928 13953 6927 13953 6929 13953 6928 13954 6929 13954 6930 13954 6930 13955 6929 13955 6931 13955 6930 13956 6931 13956 6932 13956 6932 13957 6931 13957 6933 13957 6932 13958 6933 13958 6934 13958 6934 13959 6933 13959 6935 13959 6934 13960 6935 13960 6936 13960 6936 13961 6935 13961 6937 13961 6936 13962 6937 13962 6938 13962 6938 13963 6937 13963 6939 13963 6938 13964 6939 13964 6940 13964 6940 13965 6939 13965 6941 13965 6940 13966 6941 13966 6942 13966 6885 13967 6883 13967 6882 13967 6882 13968 6943 13968 6941 13968 6941 13969 6939 13969 6937 13969 6937 13970 6935 13970 6933 13970 6933 13971 6931 13971 6929 13971 6929 13972 6927 13972 6925 13972 6925 13973 6923 13973 6921 13973 6921 13974 6919 13974 6917 13974 6917 13975 6915 13975 6913 13975 6913 13976 6911 13976 6909 13976 6909 13977 6907 13977 6905 13977 6905 13978 6903 13978 6901 13978 6901 13979 6899 13979 6897 13979 6897 13980 6895 13980 6893 13980 6893 13981 6891 13981 6889 13981 6889 13982 6887 13982 6885 13982 6885 13983 6882 13983 6941 13983 6941 13984 6937 13984 6933 13984 6933 13985 6929 13985 6925 13985 6925 13986 6921 13986 6917 13986 6917 13987 6913 13987 6909 13987 6909 13988 6905 13988 6901 13988 6901 13989 6897 13989 6893 13989 6893 13990 6889 13990 6885 13990 6885 13991 6941 13991 6933 13991 6933 13992 6925 13992 6917 13992 6917 13993 6909 13993 6901 13993 6901 13994 6893 13994 6885 13994 6885 13995 6933 13995 6917 13995 6917 13996 6901 13996 6885 13996 6942 13997 6941 13997 6943 13997 6942 13998 6943 13998 6944 13998 6944 13999 6943 13999 6882 13999 6944 14000 6882 14000 6881 14000 6944 14001 6881 14001 6884 14001 6884 14002 6886 14002 6888 14002 6888 14003 6890 14003 6892 14003 6892 14004 6894 14004 6896 14004 6896 14005 6898 14005 6900 14005 6900 14006 6902 14006 6904 14006 6904 14007 6906 14007 6908 14007 6908 14008 6910 14008 6912 14008 6912 14009 6914 14009 6916 14009 6916 14010 6918 14010 6920 14010 6920 14011 6922 14011 6924 14011 6924 14012 6926 14012 6928 14012 6928 14013 6930 14013 6932 14013 6932 14014 6934 14014 6936 14014 6936 14015 6938 14015 6940 14015 6940 14016 6942 14016 6944 14016 6944 14017 6884 14017 6888 14017 6888 14018 6892 14018 6896 14018 6896 14019 6900 14019 6904 14019 6904 14020 6908 14020 6912 14020 6912 14021 6916 14021 6920 14021 6920 14022 6924 14022 6928 14022 6928 14023 6932 14023 6936 14023 6936 14024 6940 14024 6944 14024 6944 14025 6888 14025 6896 14025 6896 14026 6904 14026 6912 14026 6912 14027 6920 14027 6928 14027 6928 14028 6936 14028 6944 14028 6944 14029 6896 14029 6912 14029 6912 14030 6928 14030 6944 14030 6945 14031 6946 14031 6947 14031 6945 14032 6947 14032 6948 14032 6948 14033 6947 14033 6949 14033 6948 14034 6949 14034 6950 14034 6950 14035 6949 14035 6951 14035 6950 14036 6951 14036 6952 14036 6952 14037 6951 14037 6953 14037 6952 14038 6953 14038 6954 14038 6954 14039 6953 14039 6955 14039 6954 14040 6955 14040 6956 14040 6956 14041 6955 14041 6957 14041 6956 14042 6957 14042 6958 14042 6958 14043 6957 14043 6959 14043 6958 14044 6959 14044 6960 14044 6960 14045 6959 14045 6961 14045 6960 14046 6961 14046 6962 14046 6962 14047 6961 14047 6963 14047 6962 14048 6963 14048 6964 14048 6964 14049 6963 14049 6965 14049 6964 14050 6965 14050 6966 14050 6966 14051 6965 14051 6967 14051 6966 14052 6967 14052 6968 14052 6968 14053 6967 14053 6969 14053 6968 14054 6969 14054 6970 14054 6970 14055 6969 14055 6971 14055 6970 14056 6971 14056 6972 14056 6972 14057 6971 14057 6973 14057 6972 14058 6973 14058 6974 14058 6974 14059 6973 14059 6975 14059 6974 14060 6975 14060 6976 14060 6976 14061 6975 14061 6977 14061 6976 14062 6977 14062 6978 14062 6978 14063 6977 14063 6979 14063 6978 14064 6979 14064 6980 14064 6980 14065 6979 14065 6981 14065 6980 14066 6981 14066 6982 14066 6982 14067 6981 14067 6983 14067 6982 14068 6983 14068 6984 14068 6984 14069 6983 14069 6985 14069 6984 14070 6985 14070 6986 14070 6986 14071 6985 14071 6987 14071 6986 14072 6987 14072 6988 14072 6988 14073 6987 14073 6989 14073 6988 14074 6989 14074 6990 14074 6990 14075 6989 14075 6991 14075 6990 14076 6991 14076 6992 14076 6992 14077 6991 14077 6993 14077 6992 14078 6993 14078 6994 14078 6994 14079 6993 14079 6995 14079 6994 14080 6995 14080 6996 14080 6996 14081 6995 14081 6997 14081 6996 14082 6997 14082 6998 14082 6998 14083 6997 14083 6999 14083 6998 14084 6999 14084 7000 14084 7000 14085 6999 14085 7001 14085 7000 14086 7001 14086 7002 14086 7002 14087 7001 14087 7003 14087 7002 14088 7003 14088 7004 14088 7004 14089 7003 14089 7005 14089 7004 14090 7005 14090 7006 14090 6949 14091 6947 14091 6946 14091 6946 14092 7007 14092 7005 14092 7005 14093 7003 14093 7001 14093 7001 14094 6999 14094 6997 14094 6997 14095 6995 14095 6993 14095 6993 14096 6991 14096 6989 14096 6989 14097 6987 14097 6985 14097 6985 14098 6983 14098 6981 14098 6981 14099 6979 14099 6977 14099 6977 14100 6975 14100 6973 14100 6973 14101 6971 14101 6969 14101 6969 14102 6967 14102 6965 14102 6965 14103 6963 14103 6961 14103 6961 14104 6959 14104 6957 14104 6957 14105 6955 14105 6953 14105 6953 14106 6951 14106 6949 14106 6949 14107 6946 14107 7005 14107 7005 14108 7001 14108 6997 14108 6997 14109 6993 14109 6989 14109 6989 14110 6985 14110 6981 14110 6981 14111 6977 14111 6973 14111 6973 14112 6969 14112 6965 14112 6965 14113 6961 14113 6957 14113 6957 14114 6953 14114 6949 14114 6949 14115 7005 14115 6997 14115 6997 14116 6989 14116 6981 14116 6981 14117 6973 14117 6965 14117 6965 14118 6957 14118 6949 14118 6949 14119 6997 14119 6981 14119 6981 14120 6965 14120 6949 14120 7006 14121 7005 14121 7007 14121 7006 14122 7007 14122 7008 14122 7008 14123 7007 14123 6946 14123 7008 14124 6946 14124 6945 14124 7008 14125 6945 14125 6948 14125 6948 14126 6950 14126 6952 14126 6952 14127 6954 14127 6956 14127 6956 14128 6958 14128 6960 14128 6960 14129 6962 14129 6964 14129 6964 14130 6966 14130 6968 14130 6968 14131 6970 14131 6972 14131 6972 14132 6974 14132 6976 14132 6976 14133 6978 14133 6980 14133 6980 14134 6982 14134 6984 14134 6984 14135 6986 14135 6988 14135 6988 14136 6990 14136 6992 14136 6992 14137 6994 14137 6996 14137 6996 14138 6998 14138 7000 14138 7000 14139 7002 14139 7004 14139 7004 14140 7006 14140 7008 14140 7008 14141 6948 14141 6952 14141 6952 14142 6956 14142 6960 14142 6960 14143 6964 14143 6968 14143 6968 14144 6972 14144 6976 14144 6976 14145 6980 14145 6984 14145 6984 14146 6988 14146 6992 14146 6992 14147 6996 14147 7000 14147 7000 14148 7004 14148 7008 14148 7008 14149 6952 14149 6960 14149 6960 14150 6968 14150 6976 14150 6976 14151 6984 14151 6992 14151 6992 14152 7000 14152 7008 14152 7008 14153 6960 14153 6976 14153 6976 14154 6992 14154 7008 14154 7009 14155 7010 14155 7011 14155 7009 14156 7011 14156 7012 14156 7012 14157 7011 14157 7013 14157 7012 14158 7013 14158 7014 14158 7014 14159 7013 14159 7015 14159 7014 14160 7015 14160 7016 14160 7016 14161 7015 14161 7017 14161 7016 14162 7017 14162 7018 14162 7018 14163 7017 14163 7019 14163 7018 14164 7019 14164 7020 14164 7020 14165 7019 14165 7021 14165 7020 14166 7021 14166 7022 14166 7022 14167 7021 14167 7023 14167 7022 14168 7023 14168 7024 14168 7024 14169 7023 14169 7025 14169 7024 14170 7025 14170 7026 14170 7026 14171 7025 14171 7027 14171 7026 14172 7027 14172 7028 14172 7028 14173 7027 14173 7029 14173 7028 14174 7029 14174 7030 14174 7030 14175 7029 14175 7031 14175 7030 14176 7031 14176 7032 14176 7032 14177 7031 14177 7033 14177 7032 14178 7033 14178 7034 14178 7034 14179 7033 14179 7035 14179 7034 14180 7035 14180 7036 14180 7036 14181 7035 14181 7037 14181 7036 14182 7037 14182 7038 14182 7038 14183 7037 14183 7039 14183 7038 14184 7039 14184 7040 14184 7040 14185 7039 14185 7041 14185 7040 14186 7041 14186 7042 14186 7042 14187 7041 14187 7043 14187 7042 14188 7043 14188 7044 14188 7044 14189 7043 14189 7045 14189 7044 14190 7045 14190 7046 14190 7046 14191 7045 14191 7047 14191 7046 14192 7047 14192 7048 14192 7048 14193 7047 14193 7049 14193 7048 14194 7049 14194 7050 14194 7050 14195 7049 14195 7051 14195 7050 14196 7051 14196 7052 14196 7052 14197 7051 14197 7053 14197 7052 14198 7053 14198 7054 14198 7054 14199 7053 14199 7055 14199 7054 14200 7055 14200 7056 14200 7056 14201 7055 14201 7057 14201 7056 14202 7057 14202 7058 14202 7058 14203 7057 14203 7059 14203 7058 14204 7059 14204 7060 14204 7060 14205 7059 14205 7061 14205 7060 14206 7061 14206 7062 14206 7062 14207 7061 14207 7063 14207 7062 14208 7063 14208 7064 14208 7064 14209 7063 14209 7065 14209 7064 14210 7065 14210 7066 14210 7066 14211 7065 14211 7067 14211 7066 14212 7067 14212 7068 14212 7068 14213 7067 14213 7069 14213 7068 14214 7069 14214 7070 14214 7013 14215 7011 14215 7010 14215 7010 14216 7071 14216 7069 14216 7069 14217 7067 14217 7065 14217 7065 14218 7063 14218 7061 14218 7061 14219 7059 14219 7057 14219 7057 14220 7055 14220 7053 14220 7053 14221 7051 14221 7049 14221 7049 14222 7047 14222 7045 14222 7045 14223 7043 14223 7041 14223 7041 14224 7039 14224 7037 14224 7037 14225 7035 14225 7033 14225 7033 14226 7031 14226 7029 14226 7029 14227 7027 14227 7025 14227 7025 14228 7023 14228 7021 14228 7021 14229 7019 14229 7017 14229 7017 14230 7015 14230 7013 14230 7013 14231 7010 14231 7069 14231 7069 14232 7065 14232 7061 14232 7061 14233 7057 14233 7053 14233 7053 14234 7049 14234 7045 14234 7045 14235 7041 14235 7037 14235 7037 14236 7033 14236 7029 14236 7029 14237 7025 14237 7021 14237 7021 14238 7017 14238 7013 14238 7013 14239 7069 14239 7061 14239 7061 14240 7053 14240 7045 14240 7045 14241 7037 14241 7029 14241 7029 14242 7021 14242 7013 14242 7013 14243 7061 14243 7045 14243 7045 14244 7029 14244 7013 14244 7070 14245 7069 14245 7071 14245 7070 14246 7071 14246 7072 14246 7072 14247 7071 14247 7010 14247 7072 14248 7010 14248 7009 14248 7072 14249 7009 14249 7012 14249 7012 14250 7014 14250 7016 14250 7016 14251 7018 14251 7020 14251 7020 14252 7022 14252 7024 14252 7024 14253 7026 14253 7028 14253 7028 14254 7030 14254 7032 14254 7032 14255 7034 14255 7036 14255 7036 14256 7038 14256 7040 14256 7040 14257 7042 14257 7044 14257 7044 14258 7046 14258 7048 14258 7048 14259 7050 14259 7052 14259 7052 14260 7054 14260 7056 14260 7056 14261 7058 14261 7060 14261 7060 14262 7062 14262 7064 14262 7064 14263 7066 14263 7068 14263 7068 14264 7070 14264 7072 14264 7072 14265 7012 14265 7016 14265 7016 14266 7020 14266 7024 14266 7024 14267 7028 14267 7032 14267 7032 14268 7036 14268 7040 14268 7040 14269 7044 14269 7048 14269 7048 14270 7052 14270 7056 14270 7056 14271 7060 14271 7064 14271 7064 14272 7068 14272 7072 14272 7072 14273 7016 14273 7024 14273 7024 14274 7032 14274 7040 14274 7040 14275 7048 14275 7056 14275 7056 14276 7064 14276 7072 14276 7072 14277 7024 14277 7040 14277 7040 14278 7056 14278 7072 14278 7073 14279 7074 14279 7075 14279 7073 14280 7075 14280 7076 14280 7076 14281 7075 14281 7077 14281 7076 14282 7077 14282 7078 14282 7078 14283 7077 14283 7079 14283 7078 14284 7079 14284 7080 14284 7080 14285 7079 14285 7081 14285 7080 14286 7081 14286 7082 14286 7082 14287 7081 14287 7083 14287 7082 14288 7083 14288 7084 14288 7084 14289 7083 14289 7085 14289 7084 14290 7085 14290 7086 14290 7086 14291 7085 14291 7087 14291 7086 14292 7087 14292 7088 14292 7088 14293 7087 14293 7089 14293 7088 14294 7089 14294 7090 14294 7090 14295 7089 14295 7091 14295 7090 14296 7091 14296 7092 14296 7092 14297 7091 14297 7093 14297 7092 14298 7093 14298 7094 14298 7094 14299 7093 14299 7095 14299 7094 14300 7095 14300 7096 14300 7096 14301 7095 14301 7097 14301 7096 14302 7097 14302 7098 14302 7098 14303 7097 14303 7099 14303 7098 14304 7099 14304 7100 14304 7100 14305 7099 14305 7101 14305 7100 14306 7101 14306 7102 14306 7102 14307 7101 14307 7103 14307 7102 14308 7103 14308 7104 14308 7104 14309 7103 14309 7105 14309 7104 14310 7105 14310 7106 14310 7106 14311 7105 14311 7107 14311 7106 14312 7107 14312 7108 14312 7108 14313 7107 14313 7109 14313 7108 14314 7109 14314 7110 14314 7110 14315 7109 14315 7111 14315 7110 14316 7111 14316 7112 14316 7112 14317 7111 14317 7113 14317 7112 14318 7113 14318 7114 14318 7114 14319 7113 14319 7115 14319 7114 14320 7115 14320 7116 14320 7116 14321 7115 14321 7117 14321 7116 14322 7117 14322 7118 14322 7118 14323 7117 14323 7119 14323 7118 14324 7119 14324 7120 14324 7120 14325 7119 14325 7121 14325 7120 14326 7121 14326 7122 14326 7122 14327 7121 14327 7123 14327 7122 14328 7123 14328 7124 14328 7124 14329 7123 14329 7125 14329 7124 14330 7125 14330 7126 14330 7126 14331 7125 14331 7127 14331 7126 14332 7127 14332 7128 14332 7128 14333 7127 14333 7129 14333 7128 14334 7129 14334 7130 14334 7130 14335 7129 14335 7131 14335 7130 14336 7131 14336 7132 14336 7132 14337 7131 14337 7133 14337 7132 14338 7133 14338 7134 14338 7077 14339 7075 14339 7074 14339 7074 14340 7135 14340 7133 14340 7133 14341 7131 14341 7129 14341 7129 14342 7127 14342 7125 14342 7125 14343 7123 14343 7121 14343 7121 14344 7119 14344 7117 14344 7117 14345 7115 14345 7113 14345 7113 14346 7111 14346 7109 14346 7109 14347 7107 14347 7105 14347 7105 14348 7103 14348 7101 14348 7101 14349 7099 14349 7097 14349 7097 14350 7095 14350 7093 14350 7093 14351 7091 14351 7089 14351 7089 14352 7087 14352 7085 14352 7085 14353 7083 14353 7081 14353 7081 14354 7079 14354 7077 14354 7077 14355 7074 14355 7133 14355 7133 14356 7129 14356 7125 14356 7125 14357 7121 14357 7117 14357 7117 14358 7113 14358 7109 14358 7109 14359 7105 14359 7101 14359 7101 14360 7097 14360 7093 14360 7093 14361 7089 14361 7085 14361 7085 14362 7081 14362 7077 14362 7077 14363 7133 14363 7125 14363 7125 14364 7117 14364 7109 14364 7109 14365 7101 14365 7093 14365 7093 14366 7085 14366 7077 14366 7077 14367 7125 14367 7109 14367 7109 14368 7093 14368 7077 14368 7134 14369 7133 14369 7135 14369 7134 14370 7135 14370 7136 14370 7136 14371 7135 14371 7074 14371 7136 14372 7074 14372 7073 14372 7136 14373 7073 14373 7076 14373 7076 14374 7078 14374 7080 14374 7080 14375 7082 14375 7084 14375 7084 14376 7086 14376 7088 14376 7088 14377 7090 14377 7092 14377 7092 14378 7094 14378 7096 14378 7096 14379 7098 14379 7100 14379 7100 14380 7102 14380 7104 14380 7104 14381 7106 14381 7108 14381 7108 14382 7110 14382 7112 14382 7112 14383 7114 14383 7116 14383 7116 14384 7118 14384 7120 14384 7120 14385 7122 14385 7124 14385 7124 14386 7126 14386 7128 14386 7128 14387 7130 14387 7132 14387 7132 14388 7134 14388 7136 14388 7136 14389 7076 14389 7080 14389 7080 14390 7084 14390 7088 14390 7088 14391 7092 14391 7096 14391 7096 14392 7100 14392 7104 14392 7104 14393 7108 14393 7112 14393 7112 14394 7116 14394 7120 14394 7120 14395 7124 14395 7128 14395 7128 14396 7132 14396 7136 14396 7136 14397 7080 14397 7088 14397 7088 14398 7096 14398 7104 14398 7104 14399 7112 14399 7120 14399 7120 14400 7128 14400 7136 14400 7136 14401 7088 14401 7104 14401 7104 14402 7120 14402 7136 14402</p>
        </triangles>
      </mesh>
    </geometry>
  </library_geometries>
  <library_visual_scenes>
    <visual_scene id="Scene" name="Scene">
      <node id="body" name="body" type="NODE">
        <matrix sid="transform">1 0 0 0 0 1 0 0 0 0 1 0 0 0 0 1</matrix>
        <instance_geometry url="#body_001-mesh" name="body"/>
      </node>
    </visual_scene>
  </library_visual_scenes>
  <scene>
    <instance_visual_scene url="#Scene"/>
  </scene>
</COLLADA>